dataset,classifier,window_size,user_id,score_n,score_mean,score_std,score_min,score_max,score_median,score_cv,balanced_score_n,balanced_score_mean,balanced_score_std,balanced_score_min,balanced_score_max,balanced_score_median,balanced_score_cv,f1_macro_n,f1_macro_mean,f1_macro_std,f1_macro_min,f1_macro_max,f1_macro_median,f1_macro_cv,f1_weighted_n,f1_weighted_mean,f1_weighted_std,f1_weighted_min,f1_weighted_max,f1_weighted_median,f1_weighted_cv,precision_macro_n,precision_macro_mean,precision_macro_std,precision_macro_min,precision_macro_max,precision_macro_median,precision_macro_cv,recall_macro_n,recall_macro_mean,recall_macro_std,recall_macro_min,recall_macro_max,recall_macro_median,recall_macro_cv
balabit,knn,10,12,5,0.5273267817325956,0.007345403330117805,0.516062432901148,0.5366256503427203,0.5276240812618713,0.013929509337613383,5,0.5661018684955119,0.006098125031210481,0.5570881368175473,0.5733034677123585,0.5664108124239124,0.01077213372818752,5,0.5116630257107769,0.009684109795442344,0.4969376171718034,0.5239488113031014,0.5120845636271472,0.018926733629012295,5,0.4987613751934834,0.010842785032282826,0.4824299742360745,0.5124588220723538,0.4992056760363136,0.021739424044367125,5,0.586810914199422,0.006895692654417296,0.5785691699173865,0.5945080385145181,0.5871748985109818,0.011751132243041173,5,0.5661018684955119,0.006098125031210481,0.5570881368175473,0.5733034677123585,0.5664108124239124,0.01077213372818752
balabit,knn,10,15,5,0.6351894680661804,0.002336073656812798,0.6331613591887565,0.639121152819783,0.6342287849137164,0.003677758801519364,5,0.6426457660124252,0.0015169766277518097,0.6410160131156661,0.6447570007363979,0.6421957601895567,0.002360517579014875,5,0.6238504659926071,0.0018427350107021489,0.6224681338958608,0.6270193752815778,0.6235453826799053,0.0029538088230329,5,0.6439420981565391,0.002224279905350065,0.6420233979092957,0.6476969803592024,0.6429931413525218,0.003454161347297647,5,0.6293475070913452,0.0014022905603133335,0.6278914089812998,0.6314068190110286,0.6288332653297115,0.002228165750261407,5,0.6426457660124252,0.0015169766277518097,0.6410160131156661,0.6447570007363979,0.6421957601895567,0.002360517579014875
balabit,knn,10,16,5,0.49477511961722487,0.001828978269928371,0.49311004784688994,0.49741626794258376,0.494066985645933,0.0036965849684263263,5,0.572976898787039,0.0029481247257330005,0.569671618521319,0.5759720593706096,0.5732243166755299,0.005145276767656813,5,0.4947537208887665,0.0018287821792806423,0.49309797438548914,0.4973822269540583,0.49404859667938206,0.0036963485105184282,5,0.4950678645825879,0.002633892336579448,0.49166576444981613,0.49891644639039023,0.4951799559548021,0.005320265210104459,5,0.5728103864904239,0.0036636386248094168,0.5690991133223386,0.5771955938650937,0.572224483709562,0.0063959011764020525,5,0.572976898787039,0.0029481247257330005,0.569671618521319,0.5759720593706096,0.5732243166755299,0.005145276767656813
balabit,knn,10,20,5,0.7737097113966716,0.0031304364218910806,0.7715399199494417,0.7792289867284601,0.772487887086581,0.004046008956304988,5,0.7599240977392169,0.002906081309059939,0.7567882753796076,0.7645555617653803,0.7593959200165995,0.0038241731216388125,5,0.6858333188798005,0.0026829222125575977,0.6831233513420337,0.6898798475598448,0.6847785165672415,0.003911915823716065,5,0.7969622097391058,0.002452620491256831,0.7950765339256909,0.8012156077091201,0.7959914763910846,0.0030774614671625687,5,0.6692678161649113,0.0020857435553091816,0.6670051543185651,0.6720760412673303,0.6684748504755368,0.0031164557818737885,5,0.7599240977392169,0.002906081309059939,0.7567882753796076,0.7645555617653803,0.7593959200165995,0.0038241731216388125
balabit,knn,10,21,5,0.5977081468218441,0.002023355858408812,0.5957027752909579,0.6005371530886302,0.5973142345568487,0.0033851903628342272,5,0.5957673689872086,0.002272088662450516,0.5925739095769262,0.5981946592681925,0.5956806646377655,0.0038137178716468084,5,0.5851087959608032,0.0016882069998527293,0.5836303723899083,0.5877399490450774,0.5842588699069752,0.0028852873371704077,5,0.6053724683450326,0.0018511799504382198,0.6035225441522057,0.608119236378662,0.605180245631224,0.003057918962682555,5,0.5886539277903509,0.0019538702137785083,0.5861002565395845,0.5909334357327591,0.5884298716752967,0.0033192171521097525,5,0.5957673689872086,0.002272088662450516,0.5925739095769262,0.5981946592681925,0.5956806646377655,0.0038137178716468084
balabit,knn,10,23,5,0.6094299185597942,0.0036991216699685625,0.6058008286898128,0.615659379911416,0.608515502214602,0.006069806481950104,5,0.6098944262674189,0.003660775051917932,0.6063303328992405,0.616072557198837,0.6090039724885083,0.006002309406764116,5,0.6057851650936799,0.004379506431983462,0.6010218547830654,0.6128804183512099,0.6045026811867505,0.007229471245480576,5,0.6056072489433177,0.004397776220336033,0.6008159720951768,0.6127257712492085,0.6043148470109787,0.0072617628471412935,5,0.6143080440874625,0.0030912492463316724,0.6119239974853437,0.6197010360412327,0.613097191810789,0.005032083294503553,5,0.6098944262674189,0.003660775051917932,0.6063303328992405,0.616072557198837,0.6090039724885083,0.006002309406764116
balabit,knn,10,29,5,0.6568137573004542,0.003994672263095597,0.6505515898767035,0.6610966904607398,0.6578520441271901,0.006081894933982429,5,0.6062722331829948,0.00388707848689637,0.600342153588301,0.6105948969806335,0.6064882436791001,0.006411440726039501,5,0.6087804403153493,0.004056453557039005,0.6025574725477487,0.6133039042275344,0.609175771879759,0.00666324554536896,5,0.6500098748665365,0.003784364334824975,0.6440985993114658,0.6541935330583433,0.6510740336173364,0.005822010528073902,5,0.615087090862226,0.004489949700824363,0.6080580377760096,0.6200173493089669,0.6166642826418647,0.007299697502235617,5,0.6062722331829948,0.00388707848689637,0.600342153588301,0.6105948969806335,0.6064882436791001,0.006411440726039501
balabit,knn,10,35,5,0.4404201080860609,0.003879744372815529,0.43570918731518304,0.4448863057000102,0.43988987457938206,0.008809189911141392,5,0.5157239055218987,0.0027554513401159934,0.5126740289522519,0.5200328224592015,0.5150352199940096,0.005342880775184448,5,0.4369996810188372,0.004586289997597289,0.43122270238945426,0.4425195194833965,0.43710340405630865,0.010494950446885094,5,0.423288947008274,0.006196906687103659,0.4153422970782926,0.43110042416912436,0.4246531306901705,0.014639897240176527,5,0.5181852182186935,0.0032096230445864786,0.5144047224401932,0.5232453937680477,0.517640839674609,0.006193968742720673,5,0.5157239055218987,0.0027554513401159934,0.5126740289522519,0.5200328224592015,0.5150352199940096,0.005342880775184448
balabit,knn,10,7,5,0.8523023791250959,0.003499336689713017,0.8481708876950627,0.8573804041954464,0.8517523663341008,0.004105745537522905,5,0.8559458454571238,0.0033985793462037043,0.8520369352677419,0.8595429482261239,0.8573397851133691,0.003970554170268412,5,0.7947195961529554,0.004081710002307898,0.7898318700889864,0.8004050254849618,0.7948660259735731,0.005136037946045958,5,0.8627363653515945,0.0030562398850321193,0.85910502743575,0.867119552004708,0.8624470535915815,0.0035424957238085093,5,0.7668541376962488,0.003800335939912696,0.7623366306604646,0.7722382340036908,0.7667747879062117,0.004955748105277892,5,0.8559458454571238,0.0033985793462037043,0.8520369352677419,0.8595429482261239,0.8573397851133691,0.003970554170268412
balabit,knn,10,9,5,0.9604147281669546,0.0022225835975161856,0.9575302405955071,0.9633125083078559,0.960521068722584,0.0023141914969985974,5,0.9458075821320406,0.0032709497236792,0.9429263420337555,0.9509293394092986,0.9455161356993749,0.003458366992899149,5,0.9422684671945589,0.0032071937352667777,0.9382256021769089,0.946584212275808,0.942495049168586,0.003403694219775433,5,0.9605707386405131,0.002201641634798591,0.9577528716651307,0.9634873408554593,0.9607008153563135,0.0022920140560543766,5,0.9388588251076315,0.003555862413657395,0.9337346826443321,0.9424145373392586,0.9385442956597977,0.0037874303554101952,5,0.9458075821320406,0.0032709497236792,0.9429263420337555,0.9509293394092986,0.9455161356993749,0.003458366992899149
balabit,knn,100,12,5,0.5620935765265662,0.014134925402867182,0.5448057097541633,0.5773195876288659,0.5614591593973037,0.025146925695563652,5,0.5929021117386768,0.010218007007922438,0.5822724960041936,0.6052580185939901,0.5911724800723613,0.01723388533388468,5,0.5545374839041928,0.01800565498065276,0.5306492192768584,0.5726366871686027,0.5551648006756735,0.03246968059559269,5,0.5463132297231298,0.020307098992390967,0.51881982312459,0.5661444842577832,0.5474856830352847,0.03717116461316991,5,0.6082375465504056,0.00685200592490441,0.6002797822896282,0.6178498063743965,0.606326381509033,0.011265345199034953,5,0.5929021117386768,0.010218007007922438,0.5822724960041936,0.6052580185939901,0.5911724800723613,0.01723388533388468
balabit,knn,100,15,5,0.6419437340153452,0.008920907730799829,0.6325660699062233,0.6521739130434783,0.6453537936913896,0.013896712839612484,5,0.6620955227311914,0.0033104791681234954,0.6577916355346093,0.6661589746537158,0.661714274766749,0.005000002347799502,5,0.6355893146523789,0.007017272704040235,0.6278534123908267,0.6438810377055231,0.6374680534918276,0.011040576898115684,5,0.649813607146002,0.009129837785339767,0.6399832442000022,0.6601424859939157,0.653467445457413,0.01404993321921689,5,0.6480373753646195,0.002783572846957764,0.6444575988774884,0.651286449399657,0.6486632460167432,0.0042953893598985425,5,0.6620955227311914,0.0033104791681234954,0.6577916355346093,0.6661589746537158,0.661714274766749,0.005000002347799502
balabit,knn,100,16,5,0.5296602387511479,0.0067291353390490985,0.5206611570247934,0.5371900826446281,0.5307621671258035,0.012704626186242143,5,0.6095947551985832,0.009088657973803297,0.5983885751571032,0.6220239713524472,0.6081021773072233,0.0149093441114705,5,0.5296478097017312,0.006720203139628823,0.5206575192763039,0.5371584699453552,0.530736842637856,0.012688059907985414,5,0.529778221113853,0.006336642308236557,0.5211364894940987,0.5357710236994887,0.5319872392302634,0.01196093394498897,5,0.6095282013443806,0.009864250848518186,0.5979412333268896,0.6237718544898715,0.6068177457113252,0.01618341994145884,5,0.6095947551985832,0.009088657973803297,0.5983885751571032,0.6220239713524472,0.6081021773072233,0.0149093441114705
balabit,knn,100,20,5,0.8061791967044284,0.00772056223027448,0.7940267765190525,0.8146240988671473,0.8063851699279093,0.009576732148181555,5,0.8270378094115513,0.005268026779843413,0.8202126212711941,0.8326041950010579,0.8294571886239308,0.006369753256615543,5,0.735829202724742,0.007635966074946581,0.7240379696470187,0.7443839943839944,0.7358819406565856,0.010377362092549395,5,0.8260948262602575,0.0063859802961363675,0.8160682412599384,0.8331155998509242,0.8260023604377609,0.007730323557461056,5,0.7128870938564477,0.005798957550093097,0.7040870871738565,0.7194895140460923,0.7131571485837758,0.008134468417323907,5,0.8270378094115513,0.005268026779843413,0.8202126212711941,0.8326041950010579,0.8294571886239308,0.006369753256615543
balabit,knn,100,21,5,0.6235897435897436,0.008495571719513937,0.6102564102564103,0.6324786324786325,0.6239316239316239,0.013623655306786329,5,0.5928448581111841,0.006607017670243224,0.5829328747028175,0.6008333754868734,0.5946051899438515,0.01114459808472206,5,0.5924300312128686,0.006373221859135081,0.5841196391179588,0.6011308823482775,0.590845652111994,0.010757762981878768,5,0.6232669402350064,0.006606833152821697,0.6151978740214035,0.6319051980250284,0.6220285396906775,0.010600326643878387,5,0.5931525168006011,0.005806711085000556,0.5869115776081425,0.6014646747429502,0.5909407709658616,0.009789575059583852,5,0.5928448581111841,0.006607017670243224,0.5829328747028175,0.6008333754868734,0.5946051899438515,0.01114459808472206
balabit,knn,100,23,5,0.6135869565217391,0.006416151604955211,0.6032608695652174,0.6195652173913043,0.6141304347826086,0.010456792695409733,5,0.6149372323142815,0.006391907469232335,0.6046374243095555,0.6209422537291389,0.6155220794565057,0.010394406344817912,5,0.5888154135219039,0.00807739653372069,0.5768115942028985,0.5980026085046581,0.5878051666338,0.013718045330041638,5,0.5882674109321296,0.008104476779725296,0.5762366099558917,0.5975128166686708,0.5872390318349009,0.013776858328567747,5,0.6524882303764934,0.008074438661141726,0.6405363589479113,0.6624350378863014,0.6527386634255279,0.012374841851910004,5,0.6149372323142815,0.006391907469232335,0.6046374243095555,0.6209422537291389,0.6155220794565057,0.010394406344817912
balabit,knn,100,29,5,0.6741885625965998,0.008423138543084177,0.6676970633693973,0.6877897990726429,0.6692426584234931,0.012493742864226184,5,0.5952011567038162,0.008519848087771058,0.5863781239446133,0.6047629601485984,0.5916286727456941,0.014314233082061534,5,0.5959405798034167,0.009617170604431003,0.5853657075776815,0.6063755155982103,0.5923485490861127,0.01613780120092413,5,0.6506119018538417,0.00823058477356313,0.642724859530659,0.6611244808116209,0.6468038080118732,0.012650529063656922,5,0.6284423809821862,0.012951832698137903,0.618724245227483,0.6494234706165704,0.6210709803374703,0.020609419558712153,5,0.5952011567038162,0.008519848087771058,0.5863781239446133,0.6047629601485984,0.5916286727456941,0.014314233082061534
balabit,knn,100,35,5,0.4466341463414635,0.013005284241547765,0.424390243902439,0.4575609756097561,0.45170731707317074,0.02911842802006653,5,0.5211502093745779,0.007421391482336931,0.5142383155477509,0.5337510975280292,0.5191307578008915,0.01424040775354038,5,0.44290510395989974,0.01618290885318291,0.4151263462490715,0.4567745428479922,0.4480408220858543,0.036538095200293955,5,0.4297394445986895,0.02235676335228818,0.39207432185580826,0.450301596270397,0.4323510040006087,0.052023996478065805,5,0.5244788592075614,0.008991971167050593,0.5188598011697214,0.5404045763722547,0.5216297738705459,0.017144582682773187,5,0.5211502093745779,0.007421391482336931,0.5142383155477509,0.5337510975280292,0.5191307578008915,0.01424040775354038
balabit,knn,100,7,5,0.9025673137132122,0.004550006793884771,0.8979336255479023,0.9092047589229806,0.9016906700062617,0.0050411827735770635,5,0.9153061633706795,0.004789010612013109,0.9092901721933979,0.9216281925959345,0.9157417850966239,0.005232140679985416,5,0.8626594656677524,0.0058443561426576775,0.8570578218685152,0.8711369321391108,0.8617998120430261,0.006774812513224764,5,0.9079504408181224,0.0041441669788354115,0.9038208900122636,0.913985165742614,0.9072233181386917,0.0045643096721240065,5,0.8322028137281606,0.005868360593527296,0.8262819139226844,0.8408086194391206,0.8310272775170036,0.00705159907743859,5,0.9153061633706795,0.004789010612013109,0.9092901721933979,0.9216281925959345,0.9157417850966239,0.005232140679985416
balabit,knn,100,9,5,0.965234375,0.004797430579932419,0.95703125,0.9694010416666666,0.966796875,0.004970223506526505,5,0.9611643270024773,0.003752565828346779,0.9548452907174431,0.9648783212707048,0.9621727303638219,0.0039041875805458466,5,0.9512835108718672,0.00638840185581201,0.9403653750223535,0.9569097397764191,0.9533345128378342,0.006715560380056344,5,0.9656079520935561,0.004632715769363648,0.9576880332503507,0.9696578157079414,0.9671069172800983,0.004797719156433369,5,0.9423718816521258,0.008567145420208335,0.9278449433889848,0.9495290031211909,0.9452230268006504,0.00909104525189014,5,0.9611643270024773,0.003752565828346779,0.9548452907174431,0.9648783212707048,0.9621727303638219,0.0039041875805458466
balabit,knn,150,12,5,0.5825378346915018,0.005372750062497909,0.5774155995343423,0.590221187427241,0.5832363213038417,0.009223006202409479,5,0.6115471522562637,0.004300785743272616,0.6065217872887176,0.6177006490773355,0.6119492257592876,0.007032631461703558,5,0.5773479172148714,0.006258614957897606,0.5706283383616744,0.5861691411553454,0.5782933277749742,0.010840283252582236,5,0.5705539181838571,0.0069050900652784025,0.5627727120044197,0.5802102495790282,0.571649519268432,0.012102432119401,5,0.6261236084666183,0.003546316683666532,0.6207043703090092,0.6306126086261785,0.6261840411840411,0.005663924240696641,5,0.6115471522562637,0.004300785743272616,0.6065217872887176,0.6177006490773355,0.6119492257592876,0.007032631461703558
balabit,knn,150,15,5,0.6584158415841584,0.008068319808419128,0.6460396039603961,0.6658415841584159,0.6621287128712872,0.012254139859403487,5,0.6758982683982684,0.005589312144452244,0.669534632034632,0.6819264069264069,0.6778409090909091,0.008269457706553527,5,0.6504512108148078,0.007024312120672325,0.6403075677863213,0.6566788367115699,0.6544206904793353,0.010799137589233024,5,0.6665782489804328,0.007993990443145913,0.654244283189954,0.6738936955510986,0.6702306461725298,0.01199257619847805,5,0.6594508299082016,0.004978757179878437,0.6535718443449117,0.6648372526307402,0.6611226866037505,0.007549853535814796,5,0.6758982683982684,0.005589312144452244,0.669534632034632,0.6819264069264069,0.6778409090909091,0.008269457706553527
balabit,knn,150,16,5,0.5464,0.015617653828636096,0.5266666666666666,0.5626666666666666,0.552,0.02858282179472199,5,0.6149323792016806,0.010258487712065377,0.5993549763655462,0.626313025210084,0.6189764968487395,0.0166823020856101,5,0.5455904180558786,0.01490661369573214,0.5264772575696945,0.5603877165894664,0.5511829535011292,0.02732198587513578,5,0.5516538885256181,0.018243680964460246,0.5299371304077186,0.5719512780922971,0.5581789141477107,0.033070882565913486,5,0.6089695956701677,0.008271659144406572,0.596285221208675,0.6191552610392024,0.6090785907859079,0.0135830412605471,5,0.6149323792016806,0.010258487712065377,0.5993549763655462,0.626313025210084,0.6189764968487395,0.0166823020856101
balabit,knn,150,20,5,0.8067175572519083,0.008743707519558079,0.7984732824427481,0.8183206106870229,0.8015267175572519,0.010838623060769383,5,0.8243722038990301,0.012742540072066327,0.8116856611043987,0.838046566306371,0.8205352186265226,0.015457265555289205,5,0.7376787888376997,0.009103323226181766,0.7270833333333333,0.7513121161362367,0.737754699780718,0.012340497468451181,5,0.8257917872757533,0.00721226302997137,0.8185050890585243,0.8358610695547286,0.8224549958368574,0.008733754853344175,5,0.7149838720791314,0.007553018550836422,0.7058477829537613,0.7260179660350141,0.7156146961846443,0.010563900593831138,5,0.8243722038990301,0.012742540072066327,0.8116856611043987,0.838046566306371,0.8205352186265226,0.015457265555289205
balabit,knn,150,21,5,0.6292929292929293,0.028312124077119135,0.5858585858585859,0.6540404040404041,0.6414141414141414,0.044990373734105846,5,0.6006944444444444,0.015016741570655348,0.5853174603174603,0.6225198412698413,0.6006944444444444,0.0249989686262933,5,0.5994061516106726,0.018809141934964083,0.5747511786275536,0.6233729268919173,0.6024321266968325,0.03137962779397872,5,0.6285574786034375,0.02349547070109914,0.5934949283299205,0.6526834360249844,0.6363842040312628,0.037379987512522535,5,0.6023371578518821,0.018784585803110283,0.5791734860883797,0.6244576323377096,0.6065181902985075,0.03118616468906192,5,0.6006944444444444,0.015016741570655348,0.5853174603174603,0.6225198412698413,0.6006944444444444,0.0249989686262933
balabit,knn,150,23,5,0.6181451612903226,0.02860488531876848,0.5887096774193549,0.6592741935483871,0.6169354838709677,0.046275352635711565,5,0.6191519112888801,0.028563294496482386,0.5897598491130513,0.6601385298278133,0.618067411345788,0.04613293438281175,5,0.5928604189344298,0.03268034933084476,0.5593645484949833,0.643288466366797,0.5847946002150045,0.05512317619311199,5,0.5924531261752309,0.03273381932260391,0.5589060308555399,0.642983976325243,0.5843287903069471,0.055251323482631384,5,0.658920754384839,0.03458622974421713,0.6213201946070751,0.6959298161852471,0.6721428063437878,0.05248920983905939,5,0.6191519112888801,0.028563294496482386,0.5897598491130513,0.6601385298278133,0.618067411345788,0.04613293438281175
balabit,knn,150,29,5,0.684304932735426,0.007503677368018637,0.6748878923766816,0.6928251121076233,0.6838565022421524,0.01096540008563667,5,0.5997782950892362,0.011330227241242889,0.5835162398847135,0.6136348520119721,0.5994346524775523,0.018890692334168502,5,0.5993010954597269,0.013963047704891573,0.5788260272099097,0.6165233644859813,0.5991739487924738,0.02329888566978248,5,0.6555564131018461,0.010659764856515994,0.6401613026215576,0.6679116550018859,0.6553535940078703,0.01626063698481417,5,0.6455803501545523,0.011891309515115306,0.6312360646599777,0.6606472795497186,0.6448643410852714,0.018419565453422677,5,0.5997782950892362,0.011330227241242889,0.5835162398847135,0.6136348520119721,0.5994346524775523,0.018890692334168502
balabit,knn,150,35,5,0.446045197740113,0.03435718132476967,0.4025423728813559,0.4985875706214689,0.4449152542372881,0.07702623298903397,5,0.5295552900570822,0.02936700354840406,0.49604407274658174,0.577021107128634,0.5258728262312492,0.0554559723975914,5,0.4398513497606718,0.03790208287846501,0.3901312051610486,0.49617430035901644,0.43989935081274223,0.08617020931978037,5,0.4219824908317854,0.04388836165583821,0.3628512127461156,0.4852407085577009,0.42327949170454515,0.10400517227463212,5,0.5345586029284717,0.03342946618905582,0.4944383616184741,0.5872778691483814,0.531784005468216,0.06253657878840452,5,0.5295552900570822,0.02936700354840406,0.49604407274658174,0.577021107128634,0.5258728262312492,0.0554559723975914
balabit,knn,150,7,5,0.910351201478743,0.013248864313152883,0.890018484288355,0.9214417744916821,0.9177449168207024,0.014553574808965908,5,0.9135510508510695,0.01043445861797044,0.9001438427319464,0.9243893343278016,0.9163447963559841,0.01142186701908956,5,0.8733131037181552,0.016269612471076177,0.8487866691563937,0.8860509345012793,0.8834383378421724,0.018629758790756536,5,0.9143272857132789,0.011965119181040523,0.896075547396236,0.9240828819536524,0.9213099957264781,0.013086254088661887,5,0.8473221535397037,0.01799835993157806,0.820157715260017,0.8637590765220629,0.8564014460073732,0.0212414603541163,5,0.9135510508510695,0.01043445861797044,0.9001438427319464,0.9243893343278016,0.9163447963559841,0.01142186701908956
balabit,knn,150,9,5,0.9671497584541063,0.0034159747883407933,0.9642512077294686,0.9729468599033816,0.966183574879227,0.003532001904028692,5,0.9543423182859906,0.006691532866026953,0.9487368852631357,0.9648451462332583,0.9518723323731628,0.00701166943748761,5,0.9538044604802106,0.004819269606575339,0.9498959190589147,0.962138235939672,0.9520440678280233,0.005052680928068829,5,0.9671660466042798,0.003416693681317594,0.9643289439497064,0.9730250416318714,0.9660577785531488,0.0035326857195965536,5,0.9533992487276128,0.005794416207081682,0.94658233831357,0.9595024317246539,0.9554643234418516,0.006077638738246114,5,0.9543423182859906,0.006691532866026953,0.9487368852631357,0.9648451462332583,0.9518723323731628,0.00701166943748761
balabit,knn,200,12,5,0.5774733637747336,0.016343658685596504,0.5540334855403348,0.5981735159817352,0.5814307458143074,0.028302013063882192,5,0.6041710875331565,0.016385614359193744,0.5792440318302388,0.6190839333080712,0.606792345585449,0.02712081841932648,5,0.5734701311388946,0.01693702989498718,0.5507697549432573,0.5971571906354515,0.5740469069432876,0.029534284307625135,5,0.5676739484283351,0.01803511643964489,0.5451165073018907,0.5941698100721328,0.5649535052383895,0.03177020275384665,5,0.6153565360426009,0.02063876412304095,0.5862442263279446,0.6423671552908841,0.6157320904256411,0.033539522072472364,5,0.6041710875331565,0.016385614359193744,0.5792440318302388,0.6190839333080712,0.606792345585449,0.02712081841932648
balabit,knn,200,15,5,0.6536585365853658,0.014543531560974243,0.6357723577235772,0.6764227642276422,0.6520325203252032,0.02224943261193821,5,0.6678286691470432,0.011455287506580591,0.65273380629954,0.684219952395258,0.66636239687565,0.01715303345873334,5,0.6461063012286603,0.013274001221495982,0.629342632054759,0.6665158901220473,0.6445893104044245,0.02054460883023991,5,0.6610683353498968,0.014194310896492753,0.6435515319895546,0.6832454228097974,0.6595593618181256,0.02147177551467481,5,0.653770598301654,0.010637853664893728,0.6399019939884002,0.6691008018327607,0.6522695545496848,0.016271538812740176,5,0.6678286691470432,0.011455287506580591,0.65273380629954,0.684219952395258,0.66636239687565,0.01715303345873334
balabit,knn,200,16,5,0.5528998242530756,0.012402304931021004,0.5413005272407733,0.5659050966608085,0.5500878734622144,0.022431377958521778,5,0.6190251705880687,0.015842810084099407,0.5943826269146918,0.6355078003340978,0.6195390582972338,0.02559315975641002,5,0.552189714533639,0.012530319490134289,0.5394569953328268,0.5654702461375786,0.549774986400277,0.022692055212793993,5,0.5578599836504751,0.012840906060281885,0.542975352406582,0.5720883139106558,0.554009391305164,0.023018152290212132,5,0.6134377505940506,0.016031277968692095,0.5869797782126549,0.6294073112697383,0.6149500394783414,0.026133504097469503,5,0.6190251705880687,0.015842810084099407,0.5943826269146918,0.6355078003340978,0.6195390582972338,0.02559315975641002
balabit,knn,200,20,5,0.7951807228915662,0.017273745516149828,0.7710843373493976,0.8192771084337349,0.7951807228915663,0.02172304360364297,5,0.8333249433677322,0.0060821753485863226,0.8250692172162094,0.8406745532343318,0.8327040859132477,0.0072986839011518236,5,0.7328819746934461,0.015340363202392793,0.7117118947026324,0.7543678891641274,0.731862331081081,0.020931560240391292,5,0.8167434342994847,0.014232794556952942,0.7968299098245436,0.8365186198022244,0.816635715157929,0.0174262736120558,5,0.7142304279161401,0.010269233137450701,0.7007339607978585,0.7291263048998401,0.7126130824985162,0.014378039265860627,5,0.8333249433677322,0.0060821753485863226,0.8250692172162094,0.8406745532343318,0.8327040859132477,0.0072986839011518236
balabit,knn,200,21,5,0.6269736842105262,0.014820895165880008,0.6052631578947368,0.6447368421052632,0.6282894736842105,0.02363878347548543,5,0.5967291471415183,0.015723636210171674,0.5726335520149953,0.6142924086223055,0.6017338331771321,0.026349703689675326,5,0.5961733056564362,0.014776859872294934,0.5726335520149953,0.6093122704061325,0.6022958973210603,0.024786181689273032,5,0.6268016851932552,0.013634365990967843,0.6052631578947368,0.6398178137651822,0.6331045849637229,0.02175228036721711,5,0.5969339276633907,0.015432021453885645,0.5726335520149953,0.6094709728551615,0.6029935006404479,0.0258521433256307,5,0.5967291471415183,0.015723636210171674,0.5726335520149953,0.6142924086223055,0.6017338331771321,0.026349703689675326
balabit,knn,200,23,5,0.6107969151670951,0.023036058423876453,0.5732647814910026,0.6323907455012854,0.6169665809768637,0.03771475895154857,5,0.6114697330161247,0.022950754153884263,0.574081416864922,0.6330161247687021,0.6175786412899815,0.037533753372677635,5,0.5815627768802949,0.03372219671114545,0.5258605498120301,0.609593992350072,0.5942725942725943,0.0579854799030348,5,0.5812805803623096,0.033784027853191456,0.5254751495544775,0.6093514736995271,0.5940259205040697,0.05812000089893597,5,0.6528896049599722,0.01832451927800615,0.6241252546726902,0.6741176470588235,0.6533713379643612,0.02806679588523944,5,0.6114697330161247,0.022950754153884263,0.574081416864922,0.6330161247687021,0.6175786412899815,0.037533753372677635
balabit,knn,200,29,5,0.6649122807017543,0.016617862267114432,0.6432748538011696,0.6812865497076024,0.6695906432748538,0.0249925633041035,5,0.5768813354938388,0.01388268344571208,0.5618570298074387,0.5926819158156535,0.582036402004748,0.024065059123169273,5,0.5724591307392367,0.014878201443103495,0.5561009129282419,0.5910869565217391,0.5783174779136454,0.02598998014738755,5,0.632873750889779,0.014066300787533277,0.6172183295297865,0.648534197813374,0.6380752061211677,0.022226077108992083,5,0.6162662630756494,0.026812728809241716,0.5835921984009778,0.6452546296296295,0.6223583633093526,0.04350835087974033,5,0.5768813354938388,0.01388268344571208,0.5618570298074387,0.5926819158156535,0.582036402004748,0.024065059123169273
balabit,knn,200,35,5,0.43940520446096654,0.018615220756214544,0.4144981412639405,0.46096654275092935,0.43866171003717475,0.04236458869223107,5,0.5332964873495456,0.014421015402633077,0.5159358879882093,0.5499416605256694,0.5316875460574797,0.02704127205919682,5,0.4297252981521743,0.021781033563661744,0.39950889203065704,0.4546280760626398,0.42954848676356994,0.0506859467136809,5,0.406446589426776,0.026020103584444444,0.3695303935640901,0.4360498116314463,0.4067654285795581,0.0640185063950011,5,0.5439101717296475,0.016887375157792272,0.5238834817422517,0.5626637386346124,0.5421637522470992,0.03104809587232026,5,0.5332964873495456,0.014421015402633077,0.5159358879882093,0.5499416605256694,0.5316875460574797,0.02704127205919682
balabit,knn,200,7,5,0.921515892420538,0.010387601851466026,0.9058679706601467,0.9315403422982885,0.9242053789731052,0.01127229810891378,5,0.9109851965288411,0.007436577552106427,0.902640493758411,0.9208872801522112,0.9117638869553111,0.00816322546232615,5,0.8856039038309012,0.013082703667407491,0.866802008987576,0.8990630811673145,0.8887025983146067,0.01477263549857333,5,0.9238348389192292,0.009463329565819877,0.9098362963379473,0.9332202006326491,0.9262033709582154,0.010243529651783628,5,0.8663921424886402,0.016257093298956464,0.8416040100250627,0.8814612932259991,0.8704626869410557,0.01876412827597824,5,0.9109851965288411,0.007436577552106427,0.902640493758411,0.9208872801522112,0.9117638869553111,0.00816322546232615
balabit,knn,200,9,5,0.974712643678161,0.0035439174777807314,0.9719029374201787,0.9808429118773946,0.9731800766283525,0.003635858733100514,5,0.9632252107293704,0.0035228663141667624,0.9595454462342982,0.9683677387504342,0.9633760582179883,0.0036573651467232556,5,0.9644885105474021,0.004819066949436861,0.9609267257022573,0.9728948819906165,0.962490162307666,0.004996500110407501,5,0.9746846522435119,0.003490637011205861,0.9720087322319176,0.9807491851098619,0.9732056505860576,0.003581298836676226,5,0.9658580545731175,0.0075831258851270025,0.9575160749986491,0.977624881132181,0.9649265603610937,0.007851180459926417,5,0.9632252107293704,0.0035228663141667624,0.9595454462342982,0.9683677387504342,0.9633760582179883,0.0036573651467232556
balabit,knn,250,12,5,0.592910447761194,0.011606217175369993,0.5783582089552238,0.6100746268656716,0.5932835820895522,0.019574991837628435,5,0.6184529132070116,0.009876516441261507,0.6074515648286141,0.6337449435810092,0.6174153715137322,0.01596971447680058,5,0.5887060746881436,0.013009026295273063,0.5714609158317767,0.607306736401527,0.5899955086458567,0.0220976593492166,5,0.5830276272437374,0.014044408114977704,0.5639550380209667,0.6027550943049336,0.5849263954201595,0.02408875233129626,5,0.6311310925024649,0.008391359129918112,0.6245168506060955,0.6447465437788018,0.628059257883249,0.013295746683380742,5,0.6184529132070116,0.009876516441261507,0.6074515648286141,0.6337449435810092,0.6174153715137322,0.01596971447680058
balabit,knn,250,15,5,0.6880478087649402,0.010597160221729438,0.6733067729083665,0.6992031872509961,0.6912350597609562,0.015401778897823331,5,0.7000280347631063,0.008237252504369104,0.6926864311746566,0.7091042893187554,0.6962608634707037,0.011767032312008248,5,0.6780509783830151,0.00950067514648391,0.6660501038421599,0.688512666680364,0.6787405606041214,0.014011741667478579,5,0.6953768452867493,0.010256347567175495,0.6811518205475088,0.7062152491306578,0.69817644818142,0.014749337192765073,5,0.6817656438602945,0.007535587060798081,0.6748886768447837,0.6901984221850347,0.6791672665035111,0.011053046055723883,5,0.7000280347631063,0.008237252504369104,0.6926864311746566,0.7091042893187554,0.6962608634707037,0.011767032312008248
balabit,knn,250,16,5,0.5539784946236559,0.019509537083942746,0.5311827956989247,0.5763440860215053,0.5483870967741935,0.035217137981496026,5,0.6191981413590246,0.011032657365284766,0.6075219541307869,0.6356893170773297,0.6147369767243585,0.01781765258705418,5,0.5527216130364396,0.01823647917013603,0.5311285846438483,0.5725165547461606,0.5476318422710595,0.03299396792166646,5,0.5599764926512958,0.022798848182331712,0.532960918305432,0.5872177544173712,0.5543496323252514,0.04071393796262236,5,0.6120332987382724,0.007924703186148924,0.6056749622926093,0.6257257968953667,0.6092213114754098,0.012948156909903386,5,0.6191981413590246,0.011032657365284766,0.6075219541307869,0.6356893170773297,0.6147369767243585,0.01781765258705418
balabit,knn,250,20,5,0.8,0.019425363697665364,0.7783251231527094,0.8201970443349754,0.8054187192118226,0.024281704622081703,5,0.8021391254267967,0.016079603166391215,0.7792998477929984,0.8172076185774816,0.8101731868855157,0.020045903081757407,5,0.7298224474452825,0.01993469799533347,0.7053986068111455,0.7482908269425124,0.7388344692250695,0.027314448966476945,5,0.8179559982950535,0.01633096771613959,0.7992644199240495,0.8344457417906247,0.8232827862814392,0.019965582195350166,5,0.7090149117021053,0.01639757670281413,0.6884663428174879,0.7241379310344828,0.7166985161870504,0.023127266341195968,5,0.8021391254267967,0.016079603166391215,0.7792998477929984,0.8172076185774816,0.8101731868855157,0.020045903081757407
balabit,knn,250,21,5,0.6342629482071713,0.01553273999172742,0.6135458167330677,0.649402390438247,0.6334661354581673,0.02448943302715818,5,0.6041277472527472,0.01831132381750657,0.5878777472527472,0.6302197802197802,0.5963942307692307,0.030310350585247517,5,0.6039001570876845,0.017537766841988364,0.5866734572616925,0.6273954116059379,0.5975320691578361,0.02904083835077051,5,0.6339508633811469,0.015626894949919146,0.615645219816769,0.6522885515965826,0.6305914101541409,0.02465000972878851,5,0.6043638058350617,0.017169179417954452,0.5859879032258064,0.6259968102073366,0.5994684620836286,0.028408682406504224,5,0.6041277472527472,0.01831132381750657,0.5878777472527472,0.6302197802197802,0.5963942307692307,0.030310350585247517
balabit,knn,250,23,5,0.621656050955414,0.03131724781895419,0.5859872611464968,0.6560509554140127,0.6114649681528662,0.0503771302005718,5,0.6200908795845504,0.031528111145976416,0.584185329438494,0.6546981499513145,0.6098263550795197,0.05084433940892612,5,0.5955651376737624,0.04037684462754223,0.5489303394625177,0.6391265483335462,0.5830285614768373,0.06779584981292136,5,0.5962150948271108,0.040228922703137444,0.5497538266110507,0.6396243250123835,0.5837221323713746,0.06747384132366348,5,0.6574576038352412,0.028192842579898552,0.6240435198469632,0.6891369047619048,0.649657231313578,0.042881613073508046,5,0.6200908795845504,0.031528111145976416,0.584185329438494,0.6546981499513145,0.6098263550795197,0.05084433940892612
balabit,knn,250,29,5,0.6931407942238267,0.015102166543936384,0.6714801444043321,0.7111913357400722,0.6967509025270758,0.021788021524324887,5,0.6150973654066437,0.01916149331627079,0.5879725085910653,0.636340206185567,0.6216781214203895,0.03115196779229096,5,0.616956634408673,0.022070544038843933,0.5857722708822901,0.6418010438575992,0.6252415925782759,0.035773250189614414,5,0.6680767338894424,0.017760142683733125,0.6422306320118892,0.6851981622391727,0.6742934332869569,0.026583986214182675,5,0.6614339100898696,0.025191716193624765,0.627553562531141,0.6963838166845686,0.665176488881978,0.03808652052659644,5,0.6150973654066437,0.01916149331627079,0.5879725085910653,0.636340206185567,0.6216781214203895,0.03115196779229096
balabit,knn,250,35,5,0.4293453724604966,0.017731229694497055,0.4108352144469526,0.45372460496614,0.43340857787810383,0.04129828998245108,5,0.5282397359377826,0.00841953356365213,0.5169786579851691,0.5386258817145958,0.5264514378730331,0.015938849334582818,5,0.41544837477991453,0.0243640940793808,0.39065938716776705,0.4480290798253562,0.4197364644487932,0.05864529881068322,5,0.387819644019864,0.03209957838219106,0.3539745666560048,0.43043623550160226,0.3917890561153495,0.08276934620812279,5,0.540770981804611,0.009397395703038394,0.5275031128689666,0.550106114869346,0.5438631311527469,0.017377773621798775,5,0.5282397359377826,0.00841953356365213,0.5169786579851691,0.5386258817145958,0.5264514378730331,0.015938849334582818
balabit,knn,250,7,5,0.926060606060606,0.008463175784102397,0.9121212121212121,0.9333333333333333,0.9303030303030303,0.009138900552204815,5,0.9233453653108101,0.004147028860113901,0.9196758499664721,0.9282504173146338,0.9216447190081465,0.00449130847017135,5,0.8931435981328611,0.010163264595793963,0.8766291526472523,0.9022932816537468,0.8973367058473442,0.011379205557807859,5,0.9285414758815506,0.007569558226890719,0.9161316143216596,0.9351690353143841,0.9320659353541364,0.008152094896681094,5,0.8711614521591088,0.01347874029060444,0.8491412564836025,0.8826572979878633,0.876812412910029,0.015472149573650654,5,0.9233453653108101,0.004147028860113901,0.9196758499664721,0.9282504173146338,0.9216447190081465,0.00449130847017135
balabit,knn,250,9,5,0.9695238095238095,0.006388765649999377,0.9603174603174603,0.9761904761904762,0.9698412698412698,0.006589591289292088,5,0.959013681731524,0.00524005215592715,0.9529970842211506,0.9657115621845913,0.9592211506111921,0.005464001458734249,5,0.9577775033759334,0.008506431737461463,0.9456842235947733,0.9668042504610521,0.95814846282136,0.008881427792444859,5,0.96958362178619,0.00625302689116574,0.9606307100332365,0.9761624576062093,0.9698763833758641,0.006449187827292571,5,0.9566663746892115,0.011819551946773437,0.9389134125636672,0.9679089026915113,0.9570874436646248,0.012354936119306178,5,0.959013681731524,0.00524005215592715,0.9529970842211506,0.9657115621845913,0.9592211506111921,0.005464001458734249
balabit,knn,50,12,5,0.5669233887312525,0.005968435287979234,0.5593838670449939,0.5755978921767329,0.5666801783542764,0.010527763374406385,5,0.5970155318340137,0.0055570526897749835,0.5910203352447577,0.6054070608526054,0.5948394900540115,0.009308053800047521,5,0.5607428571978506,0.006594302881585597,0.5518435199422964,0.5698979573995747,0.5618131062464349,0.01175994093716808,5,0.5531359241514419,0.007072122244918905,0.543337065867066,0.5626526177708631,0.554372765633633,0.012785505218754593,5,0.6112775430565691,0.006027254099345722,0.6063747003725851,0.6201941854641198,0.608439938536161,0.009860094105874826,5,0.5970155318340137,0.0055570526897749835,0.5910203352447577,0.6054070608526054,0.5948394900540115,0.009308053800047521
balabit,knn,50,15,5,0.6412020905923346,0.012439225688647314,0.6276132404181185,0.6572299651567944,0.6402439024390244,0.019399852045329596,5,0.6602686623099806,0.008126531005822913,0.6537195793221371,0.6734886281123369,0.657543391188251,0.012307915655714851,5,0.6340825183597152,0.010877354481296047,0.6227381788586326,0.6491229296586383,0.6326553697704851,0.017154477794836982,5,0.6495169421948125,0.012403412474510682,0.6358130566043803,0.6653834593111005,0.6487522572492048,0.01909636480396915,5,0.6456535401096809,0.007118096647623894,0.6402743394379927,0.6573628711673014,0.6429430195278345,0.011024638146357412,5,0.6602686623099806,0.008126531005822913,0.6537195793221371,0.6734886281123369,0.657543391188251,0.012307915655714851
balabit,knn,50,16,5,0.5332084309133489,0.020095805720732985,0.5091334894613583,0.5615925058548009,0.5306791569086651,0.03768846206409428,5,0.6045596400225494,0.011351606780643389,0.5892471134074972,0.6188967883489948,0.6046143909867746,0.018776653334350912,5,0.5325888158849914,0.019254834288158804,0.5091307972445264,0.5593884937769875,0.5304887041806909,0.03615328319683818,5,0.5370864346594775,0.023835356731406007,0.5087091960886406,0.5708172451473709,0.5339567154831037,0.044378995992550165,5,0.6003663713550474,0.007289371247077978,0.5896050670640834,0.6084073823443492,0.6013447545633844,0.01214153822544327,5,0.6045596400225494,0.011351606780643389,0.5892471134074972,0.6188967883489948,0.6046143909867746,0.018776653334350912
balabit,knn,50,20,5,0.802711157455683,0.0015020709375274408,0.8013555787278415,0.8050052137643379,0.8029197080291971,0.0018712471149503972,5,0.8179906287457775,0.0047115954322522234,0.8121662852784135,0.8233218916857361,0.8174239947695325,0.005759962604310636,5,0.7294563217906533,0.0023616055828610196,0.7274026447342751,0.7326101866762093,0.7282113021948533,0.003237487307072481,5,0.8229646025824721,0.001351230833370525,0.8217129929903348,0.8250262833798925,0.8227655556122709,0.0016419063822798062,5,0.7070304337186422,0.002158770297236963,0.7051378446115288,0.7097002635046114,0.7060953839273193,0.0030532919012875625,5,0.8179906287457775,0.0047115954322522234,0.8121662852784135,0.8233218916857361,0.8174239947695325,0.005759962604310636
balabit,knn,50,21,5,0.6323374340949034,0.0030818414616432545,0.6274165202108963,0.6353251318101933,0.632688927943761,0.004873729270914429,5,0.6020428585293695,0.002689640260444268,0.5986171213231726,0.6056503244677824,0.6015756516966368,0.004467522905286749,5,0.6018961506785596,0.00243213330301907,0.59953576032781,0.6054800242257168,0.6008371318189619,0.00404078560774505,5,0.632438821861142,0.0023173338570403345,0.6292432910000046,0.6356111871544534,0.6323683830892255,0.0036641233538144934,5,0.6019290131496005,0.0022420807379635783,0.5996022538945973,0.6053193476926362,0.600891181988743,0.003724825833252106,5,0.6020428585293695,0.002689640260444268,0.5986171213231726,0.6056503244677824,0.6015756516966368,0.004467522905286749
balabit,knn,50,23,5,0.6116083916083916,0.008977234425667785,0.6041958041958042,0.6258741258741258,0.6097902097902098,0.014678075953241403,5,0.6122043108557748,0.008965709716071352,0.6047912742238679,0.6264521606115555,0.6104365822217788,0.014644963384100582,5,0.5933878756563808,0.010304000831466886,0.5857185560087137,0.6094792835919024,0.5881208847704763,0.01736469728180582,5,0.5931473768889599,0.010316832735738002,0.5854738242446463,0.6092554632194488,0.5878566247092599,0.017393371593160335,5,0.6370564988914502,0.010163430673594325,0.6279139178002383,0.6523927392739274,0.636733826623175,0.01595373517306524,5,0.6122043108557748,0.008965709716071352,0.6047912742238679,0.6264521606115555,0.6104365822217788,0.014644963384100582
balabit,knn,50,29,5,0.6634569850039463,0.010314954539987075,0.6527229676400947,0.6748224151539068,0.6621941594317285,0.015547284561222488,5,0.5890842446689606,0.00700293676119034,0.5787054285651669,0.5969216397466524,0.5884264941155843,0.011887835779966723,5,0.5893753863252303,0.007372451814346617,0.5779133657040634,0.5977123802044347,0.588966355228388,0.012508923829198283,5,0.6417780423292369,0.007496325045417415,0.6319094306695489,0.6501304177945625,0.6410944832943918,0.011680557063327738,5,0.6165804372142148,0.013840441359291382,0.6026548040161503,0.6321358400431483,0.6142027724117435,0.02244709777336461,5,0.5890842446689606,0.00700293676119034,0.5787054285651669,0.5969216397466524,0.5884264941155843,0.011887835779966723
balabit,knn,50,35,5,0.4224103585657371,0.006675907800174384,0.41384462151394424,0.43177290836653387,0.42330677290836655,0.015804318395131058,5,0.5131509866102889,0.0029200314955712147,0.5099762156448203,0.5179307610993658,0.5124779774489077,0.005690394390274893,5,0.41275438523156527,0.009417974774599967,0.4012701579755499,0.4265848062723262,0.41370248870721194,0.022817382713732414,5,0.38927471918929685,0.013274896965529439,0.37396067015333256,0.40941789253651867,0.38888993431149765,0.03410161593122648,5,0.5175853234051844,0.0041302774927363065,0.5141658340721145,0.5245012187415365,0.5160883389783646,0.007979896851717678,5,0.5131509866102889,0.0029200314955712147,0.5099762156448203,0.5179307610993658,0.5124779774489077,0.005690394390274893
balabit,knn,50,7,5,0.8858138062064598,0.0077325062374544815,0.8739708676377455,0.8955034832172261,0.8869537682077264,0.008729268141088601,5,0.9142286610002823,0.004937874987387116,0.9062761859326979,0.9195834266371988,0.9143924863614088,0.005401137809423359,5,0.8437560089573127,0.008859143360125553,0.8301542077266563,0.8548021701512252,0.8448581995803185,0.010499650688204763,5,0.8938578667011372,0.006768808660719607,0.8834772252743158,0.9023194925823458,0.8948099016840877,0.007572578273210822,5,0.8110116377078352,0.008446768353929945,0.7982268444205585,0.8217988127387901,0.812021919361777,0.010415101289795389,5,0.9142286610002823,0.004937874987387116,0.9062761859326979,0.9195834266371988,0.9143924863614088,0.005401137809423359
balabit,knn,50,9,5,0.9711557458017781,0.0015196550226163176,0.969706947645703,0.9733289430358907,0.9713533091866974,0.0015647902297707182,5,0.9690163470250679,0.0023147704731982153,0.9651033801469848,0.9711573794422632,0.9698888804993456,0.0023887837189792357,5,0.9590318420699371,0.002111299832720225,0.9568227166745376,0.9620435507734646,0.9593563568193728,0.002201490857866906,5,0.9714556106535355,0.0014872590718400477,0.9699710006011096,0.9735810925006912,0.97166595703627,0.001530959372234735,5,0.9499542264396208,0.0028262279543448303,0.9459528535565254,0.953667015640828,0.9498081591104847,0.00297512014335405,5,0.9690163470250679,0.0023147704731982153,0.9651033801469848,0.9711573794422632,0.9698888804993456,0.0023887837189792357
balabit,mlp,10,12,5,0.5588735651168553,0.023664273977652264,0.530762242959782,0.5955074737798332,0.5547113717069948,0.04234280426683679,5,0.592385055940516,0.014548605050331221,0.5750638334070096,0.6150827428772238,0.5893918569350761,0.024559372159097998,5,0.5482089600322821,0.031628441604014505,0.5081381880484065,0.5948138667800544,0.5460037034103238,0.05769413473678361,5,0.5386820236993264,0.03649501429509421,0.49253569195819724,0.5923343255892282,0.5367041005961689,0.06774871387849479,5,0.6120401853765968,0.005689445826692156,0.6051089419317031,0.6188903181334309,0.6100360581001655,0.009295869720043565,5,0.592385055940516,0.014548605050331221,0.5750638334070096,0.6150827428772238,0.5893918569350761,0.024559372159097998
balabit,mlp,10,15,5,0.6504536559331079,0.009179025115382005,0.6376089663760897,0.6634940402063689,0.650773883650596,0.01411172807110176,5,0.6653740702683005,0.002546880404336539,0.662672311720055,0.6684745528409324,0.6649474608045431,0.0038277421951678305,5,0.6414866954111499,0.006306626930837525,0.633304563429791,0.6509520987705633,0.6411825861075449,0.009831266924087024,5,0.6586906385737815,0.00914471547460873,0.645532177710738,0.671315832870933,0.6592380210906552,0.013883172067556883,5,0.6501387439346568,0.0028045309626990008,0.6472880039931229,0.6532959607874576,0.6493433869499136,0.004313742241734289,5,0.6653740702683005,0.002546880404336539,0.662672311720055,0.6684745528409324,0.6649474608045431,0.0038277421951678305
balabit,mlp,10,16,5,0.5024497607655503,0.014379658208012245,0.4816267942583732,0.5147368421052632,0.5079425837320574,0.02861909653634403,5,0.5701629036175788,0.009107592707040077,0.5585789691566891,0.5804911075622237,0.5729285611108466,0.015973667611929986,5,0.5018440673202285,0.013865634686209907,0.4816267515362813,0.5135737174760748,0.5077512962982507,0.02762936854120903,5,0.5071057643904309,0.017532452007683504,0.48157155459360024,0.5225098122904384,0.511350471509101,0.034573560860146166,5,0.5671255147832429,0.007794130796722018,0.5586079361091744,0.5779869560678267,0.5675606330877824,0.0137432201400795,5,0.5701629036175788,0.009107592707040077,0.5585789691566891,0.5804911075622237,0.5729285611108466,0.015973667611929986
balabit,mlp,10,20,5,0.763914050979566,0.009173544110036012,0.755529808299979,0.7783863492732251,0.7601643143037708,0.01200860764149159,5,0.7818949933608408,0.013749172066419938,0.7637665392796047,0.7980520796596331,0.7838802690096122,0.017584422695075066,5,0.6867857646753045,0.008122391043963959,0.6746784335076943,0.6945850963831626,0.685822041048683,0.011826673559263458,5,0.7906913655042165,0.007228537221569733,0.783152177418746,0.801475644848469,0.787895046084023,0.0091420464885944,5,0.6741569032476274,0.00676650225120864,0.6633681800220772,0.681797517204304,0.6757020485385177,0.01003698429640378,5,0.7818949933608408,0.013749172066419938,0.7637665392796047,0.7980520796596331,0.7838802690096122,0.017584422695075066
balabit,mlp,10,21,5,0.6217726051924799,0.014201918630179828,0.605550581915846,0.6388540734109222,0.6161145926589078,0.0228410169756247,5,0.6090845529568842,0.0026505226919928074,0.6047270643402229,0.6114496789057742,0.6097888083044644,0.004351649831087462,5,0.6026606346673061,0.006724707694689881,0.593438064108071,0.6101281551177686,0.6020210834860207,0.011158365600570876,5,0.6266892492828589,0.011198551705725826,0.6131271879719542,0.6398204466516548,0.6230339558684318,0.017869385374873908,5,0.6036760727532253,0.004996376552295937,0.5968876215701394,0.6095965021001171,0.6036271274186242,0.00827658537054257,5,0.6090845529568842,0.0026505226919928074,0.6047270643402229,0.6114496789057742,0.6097888083044644,0.004351649831087462
balabit,mlp,10,23,5,0.6260322903271895,0.007345768447926339,0.6146592370338619,0.6332333190455779,0.6253750535790827,0.011733849134342809,5,0.6264781694412352,0.007339945433303707,0.6150744131172472,0.6336192662752971,0.6258733301388804,0.011716203040004263,5,0.6228337761364061,0.007514517316860423,0.6118445754062987,0.6309376679097107,0.6213793794966849,0.01206504464718477,5,0.6226707955529253,0.007521478432550251,0.6116887300477256,0.6308004278961535,0.6211959897265609,0.01207938205271255,5,0.6311515392613595,0.007524245719181085,0.6187083366466342,0.6372380886243985,0.6316875171927139,0.01192145665680663,5,0.6264781694412352,0.007339945433303707,0.6150744131172472,0.6336192662752971,0.6258733301388804,0.011716203040004263
balabit,mlp,10,29,5,0.6522388059701493,0.010126597866005727,0.6382219338092148,0.6620700843608047,0.6575275794938352,0.015525905195020222,5,0.6199659351146696,0.008807509105283466,0.6048466935474069,0.6276526886431284,0.6226381592692545,0.014206440396849256,5,0.6186614027230124,0.007768701182702475,0.6074808536041467,0.6278560483987254,0.6196653216181912,0.012557274703915357,5,0.6523825679224176,0.007302160572807889,0.6435289645181491,0.6617954933819759,0.6496374323408493,0.011193065130575768,5,0.6197319033801472,0.005950138880908537,0.6139921905240616,0.6280682726073465,0.6180838754578342,0.009601149865700374,5,0.6199659351146696,0.008807509105283466,0.6048466935474069,0.6276526886431284,0.6226381592692545,0.014206440396849256
balabit,mlp,10,35,5,0.4431936371979199,0.010269598385564014,0.4333639237279494,0.4581421433669828,0.43988987457938206,0.023171809167869106,5,0.5177913835506498,0.003891089715003504,0.5124747728110784,0.5231466409822001,0.5184403424575031,0.007514782668496997,5,0.43951694003676806,0.012968174052239254,0.4249250402874325,0.45767118120341843,0.4362315469059005,0.029505515876485654,5,0.4262793118413356,0.01911061836774144,0.40302514327807754,0.45264704158311053,0.42195480739027563,0.04483121239262617,5,0.5207385125581006,0.005749515203874741,0.514629184753948,0.5302241296958891,0.5195429916386636,0.011041079284938136,5,0.5177913835506498,0.003891089715003504,0.5124747728110784,0.5231466409822001,0.5184403424575031,0.007514782668496997
balabit,mlp,10,7,5,0.9253261703760552,0.00917922129760601,0.9146201074443592,0.933294960347915,0.9313123561013047,0.0099199845324547,5,0.9447288860152343,0.006976670136394535,0.9375622374896178,0.9523557508952534,0.9455580722435669,0.007384838380269482,5,0.8913242940898407,0.011851753764639388,0.8776261059382844,0.9016744926364672,0.898542115144644,0.013296792024211105,5,0.9293499850979428,0.008283482658012082,0.9197193155151627,0.9365579272990795,0.9346505023970696,0.008913200399028466,5,0.8585823104983635,0.01293958665816636,0.8435358048234981,0.8698791557693908,0.8664565804385265,0.01507087497604695,5,0.9447288860152343,0.006976670136394535,0.9375622374896178,0.9523557508952534,0.9455580722435669,0.007384838380269482
balabit,mlp,10,9,5,0.9781736009570651,0.004924892497912159,0.9716868270636714,0.9835172138774425,0.9782001860959724,0.005034783695954934,5,0.9827868781986696,0.0019566491783049277,0.9801459585470412,0.9848301565549227,0.9827596619165275,0.001990919111467209,5,0.9688786123825119,0.006715187473750218,0.9600760459115792,0.9761966494211717,0.9688607560879954,0.0069308862719523745,5,0.9784955532365615,0.004751415288112018,0.9722506239300659,0.9836610984137355,0.9785039442564258,0.004855837384641966,5,0.9567261585598829,0.010362441759930207,0.9433321416102757,0.96818876883182,0.9565705766083963,0.010831147102247448,5,0.9827868781986696,0.0019566491783049277,0.9801459585470412,0.9848301565549227,0.9827596619165275,0.001990919111467209
balabit,mlp,100,12,5,0.5888977002379064,0.018054086456102472,0.5685963521015067,0.6161776367961935,0.5900079302141158,0.030657423944445483,5,0.6117949521788065,0.011632414626861678,0.5999915201537679,0.630256862251322,0.6115973460650943,0.01901358385752409,5,0.5860737571091266,0.02072349102694253,0.5612656310759092,0.6161658088438763,0.5880014686765543,0.035359868575524415,5,0.5818162325175387,0.02373184774011293,0.5530354350778458,0.6158565923761541,0.583828940706398,0.04078924996201019,5,0.6197274118259422,0.006486608027004918,0.6150866037028198,0.6307035593097972,0.6169386344512562,0.010466872859299564,5,0.6117949521788065,0.011632414626861678,0.5999915201537679,0.630256862251322,0.6115973460650943,0.01901358385752409
balabit,mlp,100,15,5,0.7449275362318841,0.009443310490058306,0.73231031543052,0.7578857630008525,0.7450980392156863,0.012676817583930411,5,0.7137900645630975,0.011642733569993414,0.6988380558269632,0.7279106078893423,0.7119039408395118,0.016311145458601746,5,0.7158869686014139,0.00978388304870009,0.7069609134826527,0.730650064683053,0.7152101168547391,0.013666798639754937,5,0.7429170988258272,0.00850785748253674,0.7327511745948307,0.7562793679258081,0.7425594144184396,0.011451960785373388,5,0.7208027868150632,0.010544263842247081,0.7063016253663736,0.7340430066628194,0.7196321840602061,0.014628500381967072,5,0.7137900645630975,0.011642733569993414,0.6988380558269632,0.7279106078893423,0.7119039408395118,0.016311145458601746
balabit,mlp,100,16,5,0.5232323232323233,0.029829056140756843,0.4738292011019284,0.549127640036731,0.5307621671258035,0.05700919996013373,5,0.5992014727700661,0.022410528171628943,0.5709256080225575,0.63143657223642,0.6030841949090004,0.03740065602313468,5,0.5220638798452496,0.030057051381910154,0.471889400921659,0.5469209292078516,0.5292362511071613,0.05757351263377899,5,0.5230781766764719,0.03793818254152511,0.46027999075186493,0.5583900183842642,0.5389578128388329,0.07252870456683223,5,0.5991629085799524,0.022557479781632427,0.5804301293118636,0.6351119894598156,0.5942910996102486,0.03764832478548254,5,0.5992014727700661,0.022410528171628943,0.5709256080225575,0.63143657223642,0.6030841949090004,0.03740065602313468
balabit,mlp,100,20,5,0.7853759011328527,0.017242185731625174,0.7621009268795057,0.8063851699279093,0.791967044284243,0.021954055003157676,5,0.8145223199443891,0.019807560172149602,0.7888596729833469,0.8432654819113248,0.8116858584942727,0.024318007852138356,5,0.7156336245346211,0.016568682175747414,0.6901136613259982,0.7297794988394676,0.7197138578320414,0.023152464623950673,5,0.808801582136355,0.014123490333409861,0.7890192419903258,0.8250550240036225,0.813950772413716,0.017462243701482767,5,0.6985310720487674,0.012763835431851969,0.6784380717672978,0.711757714179174,0.6999583127320672,0.018272394661580454,5,0.8145223199443891,0.019807560172149602,0.7888596729833469,0.8432654819113248,0.8116858584942727,0.024318007852138356
balabit,mlp,100,21,5,0.6588034188034187,0.018474196357068446,0.6324786324786325,0.6803418803418804,0.6564102564102564,0.028042046883458852,5,0.6357289190146188,0.014243265178719213,0.6211935353330973,0.6577090394051293,0.6348702514037129,0.022404620511516614,5,0.6335734368931781,0.014907027969096466,0.6151892770055898,0.6565403175420474,0.6329151070332573,0.023528492675127452,5,0.6596420348091645,0.015669864775279704,0.6376375530633308,0.6814237695600546,0.6584740195312091,0.023755103447604002,5,0.6347035404789054,0.014764973495370799,0.6145474756167527,0.6555879931132569,0.6328826112129693,0.02326278735459727,5,0.6357289190146188,0.014243265178719213,0.6211935353330973,0.6577090394051293,0.6348702514037129,0.022404620511516614
balabit,mlp,100,23,5,0.6434782608695653,0.01660168195011512,0.6209239130434783,0.6630434782608695,0.6385869565217391,0.02579991113869241,5,0.6441352828238074,0.016616361713791616,0.6214813173829568,0.6636538177521785,0.639344262295082,0.025796384947192448,5,0.6384423329677906,0.016662184797083052,0.6171576551130104,0.659014825442372,0.6331006979062812,0.02609818293161907,5,0.6382117740838297,0.016668910953543472,0.6169512848154505,0.6588133928014471,0.6328568641900386,0.026118150166490026,5,0.6531140225172972,0.017903051296770896,0.6267421166572932,0.6721989121989123,0.6509358502639577,0.0274118311344276,5,0.6441352828238074,0.016616361713791616,0.6214813173829568,0.6636538177521785,0.639344262295082,0.025796384947192448
balabit,mlp,100,29,5,0.6472952086553323,0.016874613989435763,0.6228748068006182,0.6661514683153014,0.6537867078825348,0.026069425146048087,5,0.6084473150962513,0.01602536989369563,0.5908213019250254,0.6312689969604863,0.6120926207362378,0.02633813889237156,5,0.608305305279953,0.01601764605866646,0.5892961205461206,0.6312689969604863,0.609073538525098,0.026331590271590436,5,0.6460782776359123,0.01496549327304219,0.6254158965712289,0.6661514683153014,0.6440666003102713,0.02316359145799322,5,0.610038919872976,0.015553153948933638,0.5884047995726408,0.6312689969604863,0.6076678223141334,0.025495347005355263,5,0.6084473150962513,0.01602536989369563,0.5908213019250254,0.6312689969604863,0.6120926207362378,0.02633813889237156
balabit,mlp,100,35,5,0.4995121951219512,0.026332428441494228,0.47317073170731705,0.5326829268292683,0.4897560975609756,0.05271628740728825,5,0.5070811664190193,0.023554289040167087,0.46940640618668106,0.5275986086721599,0.5084826252870458,0.04645072741807045,5,0.4895472605930566,0.02386770377752246,0.4595022147226323,0.5167706827265757,0.48313630661926843,0.048754646790604435,5,0.5109553166814733,0.02655751707955841,0.48641996902989487,0.544232136258642,0.5014548660355443,0.05197620263948485,5,0.506453785281271,0.02126144580512461,0.47240624405101844,0.5249536270161752,0.5078969292557749,0.0419810186497403,5,0.5070811664190193,0.023554289040167087,0.46940640618668106,0.5275986086721599,0.5084826252870458,0.04645072741807045
balabit,mlp,100,7,5,0.921853475266124,0.024058452243243926,0.9004383218534753,0.9580463368816531,0.9117094552285535,0.02609791348489373,5,0.9404955259793969,0.016127307518003255,0.9284332155299897,0.9653996541093315,0.9317530140110786,0.017147670640122268,5,0.8896737584931234,0.03094889376175942,0.8631034373074309,0.9369345049872306,0.875883907630998,0.034786789501557086,5,0.9261050126077356,0.02191652059112037,0.9068398668056147,0.9592572969362032,0.9166782666086339,0.023665265053913937,5,0.8597025103826594,0.035367579046018414,0.8298368298368298,0.9145190672006644,0.8437759443752595,0.041139322752792785,5,0.9404955259793969,0.016127307518003255,0.9284332155299897,0.9653996541093315,0.9317530140110786,0.017147670640122268
balabit,mlp,100,9,5,0.9770833333333334,0.00777715529115516,0.9680989583333334,0.9889322916666666,0.9778645833333334,0.007959561918453041,5,0.9780356535677855,0.0073330658391711915,0.9721037547967164,0.9897823869432166,0.9742871715160053,0.0074977489955717165,5,0.9679347662678633,0.010621607210778006,0.9560186551399514,0.984320949773839,0.9686104800028851,0.010973474226711074,5,0.977345144637159,0.007599480967852854,0.96868421525823,0.9889931857372801,0.9779755438049215,0.00777563689711087,5,0.9589458068571283,0.014240703799056122,0.9406851185304703,0.9791198922317019,0.9586667284780492,0.014850373918135106,5,0.9780356535677855,0.0073330658391711915,0.9721037547967164,0.9897823869432166,0.9742871715160053,0.0074977489955717165
balabit,mlp,150,12,5,0.5974388824214203,0.03178988140285917,0.5669383003492433,0.6484284051222352,0.5960419091967404,0.05321026524757604,5,0.6183940320329634,0.02321194895781233,0.5968742384971534,0.6529374626171329,0.6206165127046366,0.037535855385769666,5,0.5944785505827198,0.03310692376537051,0.5606210606210607,0.6469811772646614,0.5915582894046296,0.055690695203247355,5,0.5910348096518866,0.03705502485182039,0.5529545075528777,0.65027033148642,0.5853310396933646,0.06269516489840153,5,0.6256567260312023,0.01945091948382987,0.6023534505962621,0.6497445963972367,0.6251925685774069,0.031088804250878985,5,0.6183940320329634,0.02321194895781233,0.5968742384971534,0.6529374626171329,0.6206165127046366,0.037535855385769666
balabit,mlp,150,15,5,0.7403465346534653,0.014470145448578251,0.7165841584158416,0.7524752475247525,0.7425742574257426,0.019545097830911445,5,0.7184577922077922,0.008590685391415224,0.704301948051948,0.7258928571428571,0.7191558441558441,0.011957119102315518,5,0.7160856643743243,0.011355602605917562,0.6966763112382482,0.7262705720538515,0.7185621724237548,0.015857882891482617,5,0.7414545788596818,0.012454928460451873,0.7205272585814518,0.7522656101209853,0.7434045737656231,0.01679796553364995,5,0.7152468004724423,0.01336182257773774,0.6932103859218177,0.7266594271752409,0.7163461538461539,0.018681415378456568,5,0.7184577922077922,0.008590685391415224,0.704301948051948,0.7258928571428571,0.7191558441558441,0.011957119102315518
balabit,mlp,150,16,5,0.5061333333333333,0.01216917782304494,0.48533333333333334,0.5173333333333333,0.5093333333333333,0.02404342299073684,5,0.6036534926470589,0.002788038050274928,0.5994370404411764,0.6060103728991597,0.6047958245798319,0.004618606674582804,5,0.5047228678368327,0.013915740658807246,0.48081061692969873,0.5171135663519753,0.5084384728821891,0.027571052443983852,5,0.4962147743964095,0.019308591365562216,0.4631074127211861,0.513350056796219,0.5007762302692664,0.03891176232922324,5,0.6143540654308096,0.006033692508994028,0.608324277331015,0.623926116838488,0.6142985007831729,0.009821197333109469,5,0.6036534926470589,0.002788038050274928,0.5994370404411764,0.6060103728991597,0.6047958245798319,0.004618606674582804
balabit,mlp,150,20,5,0.7862595419847328,0.01964073332865439,0.7587786259541984,0.8122137404580153,0.783206106870229,0.024979961806346845,5,0.798701956046109,0.011440534053554063,0.7841981517160304,0.8085425987003233,0.8059791659863501,0.014323908896115938,5,0.713669665981223,0.017673728739201387,0.6885682989070249,0.735957210418162,0.7132338308457712,0.024764578882446705,5,0.8080104612770038,0.016006105036450214,0.785417914029975,0.8288948564042331,0.8049936576658692,0.0198092794629833,5,0.6956505906685997,0.01299503950349656,0.6777137956383239,0.712110922467459,0.6965857312277636,0.018680411801284956,5,0.798701956046109,0.011440534053554063,0.7841981517160304,0.8085425987003233,0.8059791659863501,0.014323908896115938
balabit,mlp,150,21,5,0.6737373737373737,0.0076594701455066205,0.6641414141414141,0.6843434343434344,0.6742424242424242,0.011368628851651505,5,0.651686507936508,0.006741288598648575,0.6433531746031746,0.6622023809523809,0.6507936507936508,0.010344373431934485,5,0.6497853717040917,0.004346322176236147,0.6462742200879814,0.6569125894086436,0.6480764142815469,0.006688858145325309,5,0.6744990107611719,0.00453642787862956,0.667955758939338,0.6782431052093972,0.6767676767676768,0.006725625695892723,5,0.650346454076309,0.004770536030599897,0.6445535690776483,0.6549803838963637,0.6507936507936508,0.007335376399300152,5,0.651686507936508,0.006741288598648575,0.6433531746031746,0.6622023809523809,0.6507936507936508,0.010344373431934485
balabit,mlp,150,23,5,0.6350806451612904,0.04687229007081724,0.5866935483870968,0.6895161290322581,0.6391129032258065,0.07380525674642968,5,0.635583630066826,0.04666114070482922,0.5876217420288441,0.6896411557159814,0.6397817992618247,0.07341463577330211,5,0.6271550830992227,0.053233402496815276,0.5640672763208101,0.6892685704987389,0.6292246977511432,0.08488076383555863,5,0.6269613436401488,0.0533470906021484,0.5636668113284864,0.6892332049939505,0.6289805445295467,0.08508832505113352,5,0.6459080366235674,0.04240905895557608,0.5927279495118691,0.6903343722971981,0.6569368382621394,0.06565804503264279,5,0.635583630066826,0.04666114070482922,0.5876217420288441,0.6896411557159814,0.6397817992618247,0.07341463577330211
balabit,mlp,150,29,5,0.6417040358744395,0.02261130445825774,0.625560538116592,0.679372197309417,0.6322869955156951,0.035236344473734985,5,0.6045205631304734,0.014443244157013469,0.5870524332113957,0.6261500942245871,0.6014965081476555,0.023892064286812672,5,0.6038471807137669,0.015612685829690904,0.5881531531531532,0.6299442403987304,0.6005577725376383,0.02585535931663406,5,0.6407569013420666,0.01770622962495569,0.6292641296004525,0.6711847443242112,0.6317583523997683,0.027633303032507266,5,0.606439380749128,0.019397401555825023,0.5899644861954405,0.6397897012578616,0.6020162628609359,0.03198572218687979,5,0.6045205631304734,0.014443244157013469,0.5870524332113957,0.6261500942245871,0.6014965081476555,0.023892064286812672
balabit,mlp,150,35,5,0.47853107344632767,0.04138924208844926,0.4152542372881356,0.5240112994350282,0.4745762711864407,0.08649227685543706,5,0.5047763175361741,0.04291449334833218,0.4654453736891013,0.5767290588079119,0.49194212133280235,0.08501685173702067,5,0.4734683929209548,0.04008805934589418,0.4151375597608767,0.5239343712775573,0.4693893997147255,0.08466892393509116,5,0.48558013712934506,0.04475385514966456,0.41254731865572886,0.5258319324951741,0.4858391920964508,0.09216574511107603,5,0.5046987863616039,0.04229485708807138,0.4647210300429184,0.5754490392648287,0.49263558053949125,0.08380217712227306,5,0.5047763175361741,0.04291449334833218,0.4654453736891013,0.5767290588079119,0.49194212133280235,0.08501685173702067
balabit,mlp,150,7,5,0.8916820702402957,0.03728721277301671,0.8271719038817006,0.9168207024029574,0.911275415896488,0.04181671250041883,5,0.9101600916331478,0.02511627972443312,0.8660158227005141,0.9255374124290776,0.922069204336592,0.027595452663020707,5,0.8541297944056405,0.04160061706265777,0.7823530107794068,0.8826277498951387,0.8758462421113024,0.04870526392491226,5,0.898346662094105,0.032868306043799075,0.8415029959734727,0.9205678752805267,0.9155661462856973,0.03658755292436986,5,0.8263299486441257,0.03926106203278189,0.7594602555968458,0.8548744674139532,0.8471050759893008,0.047512573031151736,5,0.9101600916331478,0.02511627972443312,0.8660158227005141,0.9255374124290776,0.922069204336592,0.027595452663020707
balabit,mlp,150,9,5,0.9717874396135265,0.0056914691690910495,0.9652173913043478,0.978743961352657,0.9719806763285024,0.005856701720033045,5,0.9711181430163369,0.006183221939149836,0.96421174912218,0.978861356994176,0.9725852063665609,0.006367116075027153,5,0.9611412454789677,0.007686887839117691,0.9522738451448949,0.9705889950917076,0.9616068950255889,0.007997667226617735,5,0.9720870269015883,0.005578071699688486,0.9656496433096727,0.9789235202428064,0.9723470366347391,0.0057382431256879605,5,0.9521517365347748,0.009352287595815672,0.9416867554239645,0.9629466826571266,0.95027086887552,0.009822265965561367,5,0.9711181430163369,0.006183221939149836,0.96421174912218,0.978861356994176,0.9725852063665609,0.006367116075027153
balabit,mlp,200,12,5,0.5902587519025875,0.02513490218177695,0.5525114155251142,0.6149162861491628,0.5981735159817352,0.04258285387681139,5,0.6120954907161804,0.01588592155762797,0.5880257673361122,0.6265820386510041,0.6144893899204245,0.025953338651524285,5,0.587104323453295,0.029556687425397712,0.5416801123744803,0.6147413507380873,0.5980161305274868,0.05034316090801023,5,0.5833651766124616,0.03403579532950365,0.5312777717248617,0.6159534032291105,0.5968417929073259,0.05834389280338231,5,0.6192976327183525,0.008260519582129288,0.6085996119772796,0.6303482587064677,0.6174414210128496,0.013338529239762252,5,0.6120954907161804,0.01588592155762797,0.5880257673361122,0.6265820386510041,0.6144893899204245,0.025953338651524285
balabit,mlp,200,15,5,0.7551219512195122,0.010322322112587901,0.7430894308943089,0.7642276422764228,0.7609756097560976,0.013669741815765631,5,0.7251149677628083,0.01701807321821488,0.6955260786171515,0.735683913756846,0.7333903357751947,0.023469482736952197,5,0.7278657575624489,0.014962407145146708,0.7033882783882783,0.7387662914041147,0.7366676833560133,0.020556547673370902,5,0.7528200740095518,0.01200090482161747,0.7349727508264093,0.7625036966444436,0.760069953492809,0.01594126569672902,5,0.7332651507688108,0.010417269174978242,0.7218197919978201,0.7426829268292683,0.7388261930458448,0.014206687940993768,5,0.7251149677628083,0.01701807321821488,0.6955260786171515,0.735683913756846,0.7333903357751947,0.023469482736952197
balabit,mlp,200,16,5,0.5486818980667838,0.028103026804582532,0.5026362038664324,0.5711775043936731,0.5641476274165202,0.051219161600920764,5,0.6305727795237691,0.019353053065347042,0.6075554234264844,0.6543291146408449,0.6241541379993771,0.03069122818774885,5,0.5477593319375457,0.029106270070143558,0.4996442165773324,0.5710171795822518,0.5628500619578687,0.053136967958516114,5,0.546688235121276,0.036360541065374535,0.48584027522080314,0.5739759011021164,0.5609774491781643,0.06651056073542246,5,0.6329543782295799,0.018046808876251333,0.6154403053837041,0.659649405424404,0.6271122636774302,0.028512021556323836,5,0.6305727795237691,0.019353053065347042,0.6075554234264844,0.6543291146408449,0.6241541379993771,0.03069122818774885
balabit,mlp,200,20,5,0.7702811244979919,0.024079646126781165,0.7289156626506024,0.785140562248996,0.7831325301204819,0.03126085446073259,5,0.8164275526470341,0.01230889734547865,0.799521771960735,0.8329138350532763,0.8187767430153536,0.01507653349714932,5,0.7087666547997917,0.019901213740377073,0.6736075036775594,0.7208447059193328,0.7179963483369056,0.02807865410372424,5,0.7956697596269418,0.020042803813790307,0.7610213744447103,0.8080072893955289,0.8063288270137406,0.025189852412120815,5,0.6977593744795796,0.011097853760311516,0.6780489426785477,0.7040590669139677,0.7027301022676745,0.015904986971459603,5,0.8164275526470341,0.01230889734547865,0.799521771960735,0.8329138350532763,0.8187767430153536,0.01507653349714932
balabit,mlp,200,21,5,0.6592105263157895,0.017343982008505357,0.6282894736842105,0.6677631578947368,0.6677631578947368,0.026310232188551042,5,0.6231677600749765,0.015766041297339276,0.607825679475164,0.6432521087160262,0.6216026241799437,0.02529983466320912,5,0.6235750182131141,0.015821793773360442,0.6055438814059504,0.6423737697280298,0.6246775948268486,0.02537271909753312,5,0.655099986150234,0.014515876715856217,0.6317168916987428,0.6687035056046149,0.659815335581243,0.022158261368864222,5,0.6294971984039786,0.014480973220568676,0.60445739059748,0.6416392531158782,0.6338802043027396,0.02300403124475153,5,0.6231677600749765,0.015766041297339276,0.607825679475164,0.6432521087160262,0.6216026241799437,0.02529983466320912
balabit,mlp,200,23,5,0.6437017994858611,0.03364566218683062,0.6041131105398457,0.6915167095115681,0.6426735218508998,0.05226901993081914,5,0.6440021147237642,0.0334912300749309,0.6046656093047845,0.6916204070843246,0.64299497753106,0.052004844874300606,5,0.6371907113151614,0.03988886200676888,0.5852304198515564,0.6910573410282205,0.6371487816826269,0.06260113541899927,5,0.6370782063141249,0.0399590970970072,0.5850029175541072,0.691026716462664,0.6370336829291211,0.06272243611690041,5,0.653265615359756,0.026601906120667262,0.6283135653639251,0.6928438414471934,0.6524747730988218,0.04072142401987205,5,0.6440021147237642,0.0334912300749309,0.6046656093047845,0.6916204070843246,0.64299497753106,0.052004844874300606
balabit,mlp,200,29,5,0.631578947368421,0.02506787748462316,0.6023391812865497,0.6637426900584795,0.6286549707602339,0.03969080601732001,5,0.6003090025247768,0.02287912933043381,0.5696574593963146,0.6245807740136413,0.6055130572408336,0.03811225424607806,5,0.5989089846124875,0.02363583728126825,0.5683260942198463,0.6257244273574223,0.6016800711645864,0.039464823351350056,5,0.6336398029173103,0.023242548034385163,0.6051736052087751,0.6619987330538438,0.6332013021527587,0.03668101013758176,5,0.5985023100226081,0.024246831717098287,0.5676982237685406,0.6271929824561404,0.600459242250287,0.04051251149921606,5,0.6003090025247768,0.02287912933043381,0.5696574593963146,0.6245807740136413,0.6055130572408336,0.03811225424607806
balabit,mlp,200,35,5,0.5022304832713755,0.03626679377288273,0.43866171003717475,0.5297397769516728,0.5130111524163569,0.07221145466251261,5,0.5194423974453451,0.012506076353070232,0.49944731024318345,0.5317336035372144,0.5193441414885778,0.0240759637922819,5,0.49085572457477883,0.03286422443877975,0.43415755380650556,0.5171121951219512,0.5047861040238273,0.06695292077371523,5,0.5076381361134001,0.05054934234070985,0.4182053338228855,0.5417867803064648,0.5247502168681535,0.09957751150795682,5,0.5186270656556209,0.011462183881610483,0.4994988306047444,0.5285666901612837,0.5222051507170032,0.022101013696847072,5,0.5194423974453451,0.012506076353070232,0.49944731024318345,0.5317336035372144,0.5193441414885778,0.0240759637922819
balabit,mlp,200,7,5,0.9310513447432763,0.016046833078836583,0.9070904645476773,0.9486552567237164,0.9290953545232273,0.01723517523435967,5,0.9332627964174671,0.008274043137076966,0.9236901944405773,0.9412362522622859,0.9352081303076709,0.00886571624716927,5,0.9011527250061846,0.019368692488324877,0.8720665102687575,0.9233508245877061,0.8987148285726485,0.02149324076914038,5,0.9335595933151897,0.014388302513135087,0.912000364680236,0.9496243626353083,0.9318079014831006,0.015412302134928935,5,0.879274589010812,0.02691404896782645,0.8421435263256511,0.9085839679876081,0.873146858711654,0.030609378804071753,5,0.9332627964174671,0.008274043137076966,0.9236901944405773,0.9412362522622859,0.9352081303076709,0.00886571624716927
balabit,mlp,200,9,5,0.9739463601532566,0.004744361589018294,0.9680715197956578,0.9808429118773946,0.9731800766283525,0.004871276061108477,5,0.9730686950320895,0.003662185527169975,0.9672066702016786,0.9765317876798743,0.9741136567259696,0.0037635426418164697,5,0.9642238842011371,0.006108167208270465,0.9569482168974125,0.97320725879119,0.962772785622593,0.006334801811439366,5,0.9742026394825658,0.004555312605417066,0.9686584277375251,0.980861178990041,0.9733057685487119,0.00467593950252132,5,0.9564309483899838,0.011153519425530193,0.9416256157635468,0.9723087431693989,0.9577500658645823,0.01166160447265489,5,0.9730686950320895,0.003662185527169975,0.9672066702016786,0.9765317876798743,0.9741136567259696,0.0037635426418164697
balabit,mlp,250,12,5,0.5996268656716418,0.03716387939698133,0.5671641791044776,0.6529850746268657,0.5895522388059702,0.06197834274045423,5,0.6167922787594919,0.033421593342630854,0.5844865516996665,0.658846071960826,0.613611525086935,0.05418614093199934,5,0.598133241426833,0.03731251737032612,0.5661433256576651,0.6521666317772661,0.5862339995508646,0.06238161464044027,5,0.5958123964642509,0.03933674199551813,0.5632378196936606,0.654496046041511,0.5811183806992436,0.06602202678050247,5,0.6210326672685513,0.0326009068888515,0.5874043727882766,0.6560813355089745,0.6239105868511896,0.052494673158238206,5,0.6167922787594919,0.033421593342630854,0.5844865516996665,0.658846071960826,0.613611525086935,0.05418614093199934
balabit,mlp,250,15,5,0.7334661354581673,0.04452982184169886,0.6593625498007968,0.7689243027888446,0.7549800796812749,0.06071148985478769,5,0.7191337258200168,0.03281432046867097,0.6624264087468461,0.7435695262125035,0.7265033641715728,0.04563034563738938,5,0.7129863607580887,0.03937365118536508,0.646150992394732,0.7442240455399969,0.7297701297719092,0.05522356857359896,5,0.7360543131140725,0.04101526927099762,0.6671260422971442,0.7686076328241157,0.7570178758493358,0.05572315594140284,5,0.7130234531080338,0.03885426558175804,0.6480807015862367,0.7449083861874559,0.7311983366296465,0.05449226867979479,5,0.7191337258200168,0.03281432046867097,0.6624264087468461,0.7435695262125035,0.7265033641715728,0.04563034563738938
balabit,mlp,250,16,5,0.5625806451612904,0.03717383300874306,0.5225806451612903,0.6129032258064516,0.5440860215053763,0.0660773407838896,5,0.6352331827095233,0.02810674723034495,0.5958095319294057,0.667458862648137,0.6385987722738511,0.04424634605903055,5,0.5615003161949144,0.035865008645743865,0.5224724298719562,0.6095645034891966,0.5439826807786248,0.06387353241185709,5,0.5660233886675242,0.04165195248254103,0.5250850561430233,0.6226864586430595,0.5464776211816258,0.07358698123869739,5,0.6298304501738763,0.023860119302298866,0.5935483870967742,0.6501222914357779,0.6417800408933627,0.03788340067666122,5,0.6352331827095233,0.02810674723034495,0.5958095319294057,0.667458862648137,0.6385987722738511,0.04424634605903055
balabit,mlp,250,20,5,0.7807881773399015,0.03640824014555293,0.7216748768472906,0.812807881773399,0.7980295566502463,0.046630111984525206,5,0.8000534781356698,0.03136382380405999,0.7501131268254555,0.8302480562754535,0.8110164959480028,0.03920215918209088,5,0.7150856818341806,0.03617929459572185,0.6563625877294823,0.7426350382010476,0.7333141081098401,0.05059434906167142,5,0.8025466780656261,0.03086379989858357,0.7523015434957543,0.8286960727709125,0.8174441912123682,0.038457326834838344,5,0.6993101893884331,0.027065666209226187,0.6558974358974359,0.71924024938379,0.7129361866203971,0.038703377442413485,5,0.8000534781356698,0.03136382380405999,0.7501131268254555,0.8302480562754535,0.8110164959480028,0.03920215918209088
balabit,mlp,250,21,5,0.6621513944223107,0.012084263655859033,0.6414342629482072,0.6693227091633466,0.6693227091633466,0.01825000106871611,5,0.6264766483516484,0.01288655834099234,0.6087912087912088,0.6387362637362637,0.6310782967032966,0.02056989414513495,5,0.6268290767137786,0.011924550163290379,0.6113914136354529,0.6396734524447827,0.624700956937799,0.019023607242035043,5,0.6578808802525046,0.009845985287826707,0.646485827026821,0.6680873234667398,0.6579389442104081,0.014966212856114118,5,0.6329113781227509,0.008061817444926346,0.6238642263759087,0.6408254322364751,0.6349250197316496,0.012737671850422613,5,0.6264766483516484,0.01288655834099234,0.6087912087912088,0.6387362637362637,0.6310782967032966,0.02056989414513495
balabit,mlp,250,23,5,0.6222929936305732,0.046457535105249595,0.5605095541401274,0.6687898089171974,0.6464968152866242,0.07465540441682893,5,0.6215352158390133,0.046415972137583084,0.5603700097370983,0.6681272314183706,0.6459753326841935,0.07467955307234836,5,0.6142313572845134,0.049541703106833875,0.5602240896358543,0.6648604269293925,0.6405677655677655,0.08065642126422087,5,0.6145353810618673,0.04948476884602166,0.5602954557619226,0.6650915670463221,0.6409323160915518,0.08052387278420974,5,0.631802860531731,0.04749663881517437,0.5604878048780488,0.6758913412563667,0.6500855128686439,0.0751763592447188,5,0.6215352158390133,0.046415972137583084,0.5603700097370983,0.6681272314183706,0.6459753326841935,0.07467955307234836
balabit,mlp,250,29,5,0.6389891696750902,0.03318551680658887,0.592057761732852,0.6714801444043321,0.6534296028880866,0.051934396358333995,5,0.5867411225658649,0.035124997674324865,0.5268613974799542,0.6141179839633448,0.5985967926689576,0.059864557508293434,5,0.5868648916978276,0.0366771877568576,0.5251164413696843,0.6175716474747015,0.5935492801771871,0.062496817028445464,5,0.6302933835346046,0.03236171058088322,0.5785407643518277,0.6605947748320028,0.6367058916375614,0.05134388433431252,5,0.5955132702411561,0.03891827254307372,0.5307017543859649,0.6304333595181986,0.6045847268673356,0.06535248580995277,5,0.5867411225658649,0.035124997674324865,0.5268613974799542,0.6141179839633448,0.5985967926689576,0.059864557508293434
balabit,mlp,250,35,5,0.46094808126410836,0.055002166731534685,0.4018058690744921,0.5395033860045146,0.4717832957110609,0.1193239954068064,5,0.5152129679869778,0.01405089836052701,0.49910698137095316,0.5335164586724543,0.5196690179055887,0.02727201998704767,5,0.4513004592293239,0.05290702982741705,0.38737116764514024,0.5152964901742041,0.471328029375765,0.11723238641893974,5,0.44749996969676537,0.07724533968194207,0.35786493972337685,0.5492839499763573,0.46646018163683134,0.17261529589439972,5,0.5151755240164324,0.014319292216659403,0.4986901445815095,0.535083775085195,0.5189450531208499,0.02779497772918782,5,0.5152129679869778,0.01405089836052701,0.49910698137095316,0.5335164586724543,0.5196690179055887,0.02727201998704767
balabit,mlp,250,7,5,0.9130303030303031,0.032927976053484985,0.8651515151515151,0.9454545454545454,0.9151515151515152,0.03606449418403599,5,0.9292391319855616,0.021822918287625927,0.8986959809390649,0.9517912428129146,0.9251901099998574,0.023484717266475393,5,0.8808051129058889,0.03942825971044244,0.8247147959929695,0.9208464367571025,0.880335681723995,0.04476388605461606,5,0.917740370296257,0.029601398065952796,0.8749736835275657,0.9471931618299083,0.9188678119780482,0.03225465395664912,5,0.8536632556504786,0.04209940000947366,0.7957142857142857,0.8975257033103604,0.8533706454274745,0.049316167388971835,5,0.9292391319855616,0.021822918287625927,0.8986959809390649,0.9517912428129146,0.9251901099998574,0.023484717266475393
balabit,mlp,250,9,5,0.9663492063492063,0.010788981249502496,0.9507936507936507,0.9793650793650793,0.9650793650793651,0.011164681647809746,5,0.9686441628350343,0.008586075553759996,0.9584781877312998,0.9818324548615005,0.9667769429180217,0.008864014137689337,5,0.9547043830515639,0.013910372546567764,0.934938819837497,0.9718822418676508,0.9527310924369747,0.01457034532732051,5,0.9668781757294772,0.010409598326233362,0.9519661945621124,0.9795722964034698,0.9655395491529947,0.010766194322650493,5,0.9429134945959821,0.01795020346655886,0.9166953331040018,0.9628539879613794,0.9415558510638298,0.019036956804028064,5,0.9686441628350343,0.008586075553759996,0.9584781877312998,0.9818324548615005,0.9667769429180217,0.008864014137689337
balabit,mlp,50,12,5,0.5803810295905959,0.02340421656186609,0.5460072963113093,0.603972436157276,0.5841102553708958,0.04032560571177793,5,0.6051184666696218,0.016302007380324477,0.5806848084075806,0.6226434609272893,0.6060440903675227,0.026940191513317228,5,0.5764899867633184,0.027795099894175362,0.5352692405504431,0.6034446590804952,0.5825463016106113,0.048214367174406476,5,0.5713328792082507,0.03142762401638091,0.5249320722046494,0.6013276865836299,0.5788073128194673,0.05500755366982048,5,0.6141856750948671,0.01005372455364851,0.5990443071474152,0.6260805384326462,0.6144713717509944,0.016369194140022254,5,0.6051184666696218,0.016302007380324477,0.5806848084075806,0.6226434609272893,0.6060440903675227,0.026940191513317228
balabit,mlp,50,15,5,0.7208188153310104,0.007977638973873801,0.7121080139372822,0.7282229965156795,0.7234320557491289,0.011067467724479908,5,0.7021935680322301,0.005212086099221628,0.6956351158269505,0.7098763263298433,0.7009580024828426,0.007422577386784604,5,0.6978544649739962,0.00589935197868096,0.6901664762943024,0.7032332786803492,0.7007219251336898,0.008453556256748726,5,0.7231868834674672,0.006662053188146889,0.7153040807952612,0.7288139547698974,0.7268378595620617,0.009212076906323736,5,0.6955573024619064,0.006631989934263106,0.6871228845327548,0.7007926992563294,0.6997662239838587,0.009534785862774146,5,0.7021935680322301,0.005212086099221628,0.6956351158269505,0.7098763263298433,0.7009580024828426,0.007422577386784604
balabit,mlp,50,16,5,0.5126932084309134,0.01999456951761548,0.4894613583138173,0.5395784543325527,0.5110070257611241,0.03899909183273255,5,0.5900256923969162,0.015110979054820162,0.5723584687574775,0.6087440331588062,0.5948068710432289,0.025610713651185984,5,0.5121006708794926,0.020070571828953734,0.4890971983167419,0.5390246639997065,0.5101170475944319,0.03919262943843464,5,0.5129183133774843,0.02566652300001358,0.48409478993586436,0.5448843644134705,0.5177747718199263,0.05004017663359234,5,0.5899284057114722,0.015334381171756022,0.5680158131094795,0.6033431106434899,0.5942726737338044,0.025993630791964113,5,0.5900256923969162,0.015110979054820162,0.5723584687574775,0.6087440331588062,0.5948068710432289,0.025610713651185984
balabit,mlp,50,20,5,0.7868613138686131,0.0288538404792759,0.7612095933263816,0.8347236704900939,0.7742440041710115,0.03666953752932095,5,0.8082189168573608,0.019325548882405726,0.7871036286368094,0.8362346082597799,0.807753078348044,0.02391128007440144,5,0.7146363142664651,0.028478142557594833,0.688223059832336,0.7618467350018782,0.7069702765860679,0.039849839686395,5,0.8098741112512571,0.02381505034427383,0.7884222448230839,0.8493540072092173,0.8002311350661747,0.02940586692847797,5,0.6969882069189139,0.021984937360832596,0.6767017964071856,0.7335367378244504,0.6932972051652251,0.03154276807353539,5,0.8082189168573608,0.019325548882405726,0.7871036286368094,0.8362346082597799,0.807753078348044,0.02391128007440144
balabit,mlp,50,21,5,0.6388400702987698,0.015950909367901018,0.6107205623901582,0.648506151142355,0.6458699472759226,0.024968548639162803,5,0.6332543499432726,0.009208220994193547,0.6244657744220993,0.6448910129619776,0.6313533937757072,0.014541109737372394,5,0.6236917592702012,0.01141389260478197,0.6046513269284005,0.6345843552988863,0.6265245776949306,0.018300534575184508,5,0.6440969231498125,0.01459484361367585,0.6182533014384389,0.653754622024182,0.6501274224346738,0.022659390363647475,5,0.6256434652384245,0.007741034155370737,0.6149713112726913,0.6350745057907348,0.6251690266615639,0.012372916182255224,5,0.6332543499432726,0.009208220994193547,0.6244657744220993,0.6448910129619776,0.6313533937757072,0.014541109737372394
balabit,mlp,50,23,5,0.6369230769230769,0.021899391628746878,0.6006993006993007,0.6594405594405595,0.6405594405594406,0.03438310279875718,5,0.6372003497508906,0.02190141103814839,0.6009446012585555,0.6596393731869388,0.6408891653511886,0.03437131044688002,5,0.6333177230878669,0.02197448113790546,0.5977230929006276,0.6578004313303677,0.6356496462675677,0.03469740437827082,5,0.6332178418489093,0.021980327693138367,0.5976263056551424,0.6577341635279357,0.6355313379713781,0.03471211049416868,5,0.6430449376077221,0.022945613641993837,0.6041263115415658,0.6628884045474868,0.6491208092736868,0.03568275294625116,5,0.6372003497508906,0.02190141103814839,0.6009446012585555,0.6596393731869388,0.6408891653511886,0.03437131044688002
balabit,mlp,50,29,5,0.6524072612470403,0.028075024190387803,0.6156274664561957,0.6842936069455406,0.6464088397790055,0.04303297320254215,5,0.6031339718161696,0.008828532679951193,0.5875909509303294,0.6091685112538079,0.6069824015428784,0.014637763900724297,5,0.6036198427898268,0.01040590026324165,0.5854205230712378,0.6099372259265934,0.608660736347912,0.01723916201155246,5,0.6446486813055594,0.016694377952837635,0.6190721178948313,0.6603952492701678,0.6456520310386428,0.02589686202262563,5,0.6159276998682683,0.024625198294665782,0.5845032640008457,0.6462621722846442,0.6101072060123784,0.0399806638018269,5,0.6031339718161696,0.008828532679951193,0.5875909509303294,0.6091685112538079,0.6069824015428784,0.014637763900724297
balabit,mlp,50,35,5,0.49113545816733073,0.01096409529024455,0.4805776892430279,0.5074701195219123,0.4900398406374502,0.02232397418658594,5,0.5127431289640592,0.01153587153966515,0.4934593023255814,0.5226964411557435,0.5148035588442565,0.022498344469231806,5,0.4857981535911614,0.008647064755345728,0.47909859561286017,0.4999031743453566,0.48194687349020315,0.017799706918241884,5,0.50077303549136,0.013041640758236273,0.4878349243443178,0.519264750667556,0.49793834683222815,0.026043017163333838,5,0.5118572660513301,0.010606354503123964,0.4941067628368893,0.5212411632556317,0.5139412133750201,0.020721312769369456,5,0.5127431289640592,0.01153587153966515,0.4934593023255814,0.5226964411557435,0.5148035588442565,0.022498344469231806
balabit,mlp,50,7,5,0.9410386320455985,0.024986153741243827,0.9031032298923369,0.9651678277390754,0.9534515516149462,0.02655167693480315,5,0.9551995404581788,0.016207539951522496,0.9287145485877852,0.9702381763718914,0.9566161365384428,0.016967700742138398,5,0.9140419554293748,0.03260328676471915,0.8647298931667002,0.9464212451839582,0.9302641776087841,0.035669354750136856,5,0.9437915061556019,0.022765116844389238,0.9092630401871775,0.9660108218154296,0.9551196164116552,0.024120917274536243,5,0.8871195876871638,0.03864489405927666,0.8311128155383609,0.9267726883670078,0.903663186482136,0.04356221483061706,5,0.9551995404581788,0.016207539951522496,0.9287145485877852,0.9702381763718914,0.9566161365384428,0.016967700742138398
balabit,mlp,50,9,5,0.9853803095159697,0.003281178312374864,0.9828778399736582,0.9911096476786302,0.9841949292064537,0.00332985983248094,5,0.9880564784053156,0.002634557832069218,0.9863431868519078,0.992693861371187,0.9869774363233665,0.0026664040868607944,5,0.9791858626377135,0.0046107922832655125,0.975694906155657,0.9872430393984863,0.9774957855541764,0.004708801933521632,5,0.9855156575785029,0.0032302863396730997,0.9830605675450429,0.9911582115386081,0.9843404748742158,0.003277762575188498,5,0.9710120404129178,0.006340810612889547,0.9660106401579143,0.9820440509433683,0.9690508765673782,0.006530105033706019,5,0.9880564784053156,0.002634557832069218,0.9863431868519078,0.992693861371187,0.9869774363233665,0.0026664040868607944
balabit,random-forest,10,12,5,0.577388719134528,0.005830923850850954,0.5694111817656289,0.5822115781650012,0.5805599141134693,0.010098783813426711,5,0.6104676412388212,0.004473425759689079,0.6038127125746582,0.6147140360981228,0.6125009447762588,0.007327867125948169,5,0.5696759291848638,0.007175115686320175,0.5603860433427489,0.5754826954716032,0.5738629765063232,0.012595083131890238,5,0.5611791980560923,0.007996375657190056,0.5510696036220699,0.5678239978921837,0.5659616489342556,0.014249237471540745,5,0.630520021126289,0.003313939973443323,0.6251691470415746,0.6342936525324145,0.6308737267314194,0.005255883814004318,5,0.6104676412388212,0.004473425759689079,0.6038127125746582,0.6147140360981228,0.6125009447762588,0.007327867125948169
balabit,random-forest,10,15,5,0.6440313111545988,0.0008518067688933391,0.6430350471446362,0.6453478028820494,0.6439245685821028,0.0013226170127757409,5,0.6703825028517372,0.0009020790220647,0.6691758842273193,0.671292394669448,0.6705444069154072,0.0013456183868572793,5,0.6387665826690574,0.0007930365199972995,0.6378825248767535,0.639961797044546,0.6385374957300738,0.0012415122229526036,5,0.6521866032366441,0.0008608461687762566,0.6511768776335574,0.653514946279282,0.6521634114209595,0.0013199384417037787,5,0.6549279512750606,0.0008578860063441722,0.6537031615962253,0.6556876957125883,0.6551441087817093,0.0013098937137649696,5,0.6703825028517372,0.0009020790220647,0.6691758842273193,0.671292394669448,0.6705444069154072,0.0013456183868572793
balabit,random-forest,10,16,5,0.5610526315789474,0.0036870057127863223,0.556267942583732,0.5653588516746412,0.5600956937799043,0.0065715861672551714,5,0.6117250740195885,0.002328408993224001,0.6093214245653846,0.6154883114011551,0.6111310612742586,0.0038062997449560833,5,0.5574114766464822,0.0030207169759255735,0.5531923684738513,0.5608746643132124,0.5573367120684194,0.005419186906769328,5,0.5722242464265667,0.0043661230357334045,0.5669419939062597,0.5773336701966384,0.5704153885808959,0.007630090935501293,5,0.6000225212192433,0.002498361623493474,0.5981759329802103,0.6043343574609575,0.599499500446806,0.0041637797501614,5,0.6117250740195885,0.002328408993224001,0.6093214245653846,0.6154883114011551,0.6111310612742586,0.0038062997449560833
balabit,random-forest,10,20,5,0.8274910469770381,0.006799844755232308,0.8176743206235517,0.8335791025911101,0.8312618495892142,0.008217423958933776,5,0.8660865351939682,0.010750634797945701,0.8486638651791352,0.8778420387583006,0.8686106523335344,0.012412887582345333,5,0.7630138849361772,0.006651345851833858,0.7544675238490476,0.7715881322525868,0.7612186233983891,0.00871720159114826,5,0.8456696631238877,0.0054829674229136165,0.8377897492005321,0.8511762158857498,0.8477169676830526,0.0064835806012712325,5,0.7354526263018984,0.005194985510095216,0.7294503762883519,0.7425774200147153,0.7338772235390116,0.007063657568560655,5,0.8660865351939682,0.010750634797945701,0.8486638651791352,0.8778420387583006,0.8686106523335344,0.012412887582345333
balabit,random-forest,10,21,5,0.6272515666965085,0.0024102157450977915,0.6236347358997314,0.6300805729632946,0.6270367054610564,0.0038425025509166376,5,0.6147808435864114,0.0018939874176779378,0.6121963886225631,0.6166762293393376,0.6154850014977344,0.00308075216955215,5,0.6088318775605119,0.0019360762743609904,0.6058298662845996,0.6104084788568804,0.6097609092625733,0.003179985059452744,5,0.6326402083255527,0.0021426538681730348,0.6293346941589986,0.6349711652829767,0.6326784453444625,0.003386844275744229,5,0.608304814938018,0.0018228976194379304,0.6055682699858708,0.6095875464932111,0.6095160422527477,0.002996684515186142,5,0.6147808435864114,0.0018939874176779378,0.6121963886225631,0.6166762293393376,0.6154850014977344,0.00308075216955215
balabit,random-forest,10,23,5,0.6477211030147164,0.0018258163795662388,0.6455207886840977,0.649235605086441,0.6488069724246321,0.0028188310849658325,5,0.6483683547293093,0.0018151199288541238,0.6461778271644134,0.6498590423108241,0.6494809258818307,0.0027995196181527515,5,0.6412503943718274,0.0021202745998907804,0.6388102059899677,0.6432846500072609,0.6417985423369414,0.0033064690774464375,5,0.641023339498437,0.0021268011797970195,0.6385780789156423,0.6430674138152112,0.6415623031205024,0.0033178217527323048,5,0.6603401416091998,0.001744338947200301,0.6583534357161622,0.6626387768447014,0.6608679588163482,0.0026415764199181906,5,0.6483683547293093,0.0018151199288541238,0.6461778271644134,0.6498590423108241,0.6494809258818307,0.0027995196181527515
balabit,random-forest,10,29,5,0.691044776119403,0.0019044166892704926,0.6896495781959766,0.6941920830629461,0.6902985074626866,0.0027558513646030887,5,0.6688336856921115,0.0013820794287572801,0.6665593481950993,0.670077244992271,0.6689896109623417,0.0020664022436715328,5,0.6657524979643569,0.001252205559586168,0.6638062462695173,0.6670139587935098,0.6657264442273922,0.0018808875121234748,5,0.6934006654732106,0.001465232479970236,0.6918422541054773,0.6956273843446369,0.6929114033417269,0.002113110864943127,5,0.6637623948361473,0.0013901756776745994,0.6619151138716357,0.6656242389103559,0.6633853303391612,0.0020943875225377453,5,0.6688336856921115,0.0013820794287572801,0.6665593481950993,0.670077244992271,0.6689896109623417,0.0020664022436715328
balabit,random-forest,10,35,5,0.48371571326603446,0.0028754247752853404,0.48016722749056795,0.4875089221984297,0.4834302029162843,0.00594445186795888,5,0.5589512273578336,0.004326310422495516,0.5546294343433131,0.5637146144399438,0.5580889686169846,0.007740049955603488,5,0.48160011614856807,0.0028218570408504104,0.47812825021074834,0.4854189453425146,0.4819455612138539,0.005859336296297529,5,0.47123442033182467,0.003008010701667205,0.4678734917218675,0.4751095075076568,0.4711571765585533,0.006383257614223262,5,0.566055412811519,0.0055537076123090045,0.5604001286545035,0.5726368177003569,0.5654589894303669,0.0098112437168024,5,0.5589512273578336,0.004326310422495516,0.5546294343433131,0.5637146144399438,0.5580889686169846,0.007740049955603488
balabit,random-forest,10,7,5,0.9568559733947302,0.00095889817416174,0.9555512918905091,0.9577897160399079,0.9567664364287541,0.0010021342822993146,5,0.9661231036341251,0.0004389399779741795,0.9655571888922578,0.9665397223271452,0.966173209492462,0.00045433131277275397,5,0.9338678325277241,0.0013365600399974995,0.9320541466742754,0.9351695681891283,0.9337515098730278,0.0014312089927969766,5,0.9582605215090224,0.0008897019385292321,0.9570513271533616,0.9591269400250233,0.9581798965449154,0.0009284551732635009,5,0.9090571872851159,0.0018299078524868827,0.9065660426153119,0.9108442740972696,0.9088432509069385,0.002012973306939987,5,0.9661231036341251,0.0004389399779741795,0.9655571888922578,0.9665397223271452,0.966173209492462,0.00045433131277275397
balabit,random-forest,10,9,5,0.9841951349195799,0.0010364795262325244,0.9825867340156852,0.9854446364482254,0.9841818423501263,0.0010531240091094505,5,0.9884896971254822,0.0007480046142690475,0.9873296751789455,0.9893762601134736,0.9886800994093017,0.0007567146288365344,5,0.9772935579541754,0.0014541987496723547,0.9750381451623524,0.979049117982271,0.9772818311670801,0.0014879856086604235,5,0.9843722757603801,0.0010133082448688237,0.9828002183994996,0.9855946576320171,0.9843615821493952,0.001029395351556495,5,0.967136757527775,0.0020380073738680486,0.9639953417732388,0.9696032018705462,0.9672016711664471,0.00210725872841155,5,0.9884896971254822,0.0007480046142690475,0.9873296751789455,0.9893762601134736,0.9886800994093017,0.0007567146288365344
balabit,random-forest,100,12,5,0.5930214115781126,0.004173734295619578,0.5860428231562252,0.5971451229183188,0.5939730372720063,0.0070380836410487944,5,0.6207098402191398,0.003809615941261633,0.6149918542083164,0.6256276371036957,0.6209765699278956,0.006137514977878648,5,0.5888325969024784,0.004569119692754502,0.5809511077158136,0.5926132258819459,0.5901998121207506,0.007759624240896489,5,0.5828207671834827,0.0049050921495028725,0.5742476262367106,0.5863776081552073,0.5844931988754627,0.008416124520076786,5,0.6343177520208163,0.003998805179340604,0.6299361207897793,0.6408377265001584,0.6336052035621244,0.006304104160101413,5,0.6207098402191398,0.003809615941261633,0.6149918542083164,0.6256276371036957,0.6209765699278956,0.006137514977878648
balabit,random-forest,100,15,5,0.726854219948849,0.004371997069039422,0.722080136402387,0.7340153452685422,0.7263427109974424,0.006014957262471548,5,0.7206132536352664,0.004478018739255883,0.7165210644289902,0.728030346571642,0.7203479127152901,0.006214177600350385,5,0.7106638072908376,0.004369350656992404,0.7066528174978214,0.7180653391757723,0.709769479022591,0.006148266750278247,5,0.7311374614889247,0.004198257823585334,0.7267828878900242,0.738131475873128,0.7300901090218368,0.005742090981134783,5,0.7071448948581113,0.00420388609996335,0.7033975659229208,0.7142857142857143,0.7063197359451799,0.005944872303443356,5,0.7206132536352664,0.004478018739255883,0.7165210644289902,0.728030346571642,0.7203479127152901,0.006214177600350385
balabit,random-forest,100,16,5,0.5722681359044995,0.00847601892320612,0.5610651974288338,0.5831037649219467,0.5711662075298439,0.014811271834678216,5,0.6425491505938463,0.006502209905777588,0.6311064418154843,0.6472789485540288,0.6447699573549174,0.010119396936044847,5,0.5715476196353755,0.008104626765434397,0.5605015197568389,0.5817038255360624,0.5707956050188329,0.014180142628543925,5,0.5776314488882303,0.009662376741550386,0.5662105628449922,0.5904812232729564,0.5753702297641253,0.016727580813246237,5,0.6347633229329696,0.006028138378931311,0.6243983962145947,0.639144895759783,0.6362135852580911,0.009496670902593844,5,0.6425491505938463,0.006502209905777588,0.6311064418154843,0.6472789485540288,0.6447699573549174,0.010119396936044847
balabit,random-forest,100,20,5,0.835633367662204,0.010889342853047428,0.8166838311019567,0.8424304840370752,0.8403707518022657,0.013031244651601,5,0.8700214585788981,0.007704639329211566,0.8581353703871611,0.8784832411521142,0.8699073654305316,0.008855688849096207,5,0.7734580462851042,0.0114020581519118,0.7537078203374372,0.7817487075747358,0.7788957495038173,0.014741663373566988,5,0.8520346376318049,0.009113100191189763,0.8361794596889363,0.8579564854366191,0.8560997074684702,0.010695692156975271,5,0.7444239022561654,0.00894341532050179,0.7290003865107739,0.7511859392237489,0.7486169692523993,0.012013874478501432,5,0.8700214585788981,0.007704639329211566,0.8581353703871611,0.8784832411521142,0.8699073654305316,0.008855688849096207
balabit,random-forest,100,21,5,0.6502564102564102,0.011117683789066043,0.6376068376068376,0.6666666666666666,0.6512820512820513,0.017097384375929642,5,0.6420570084475694,0.010482682109683356,0.631272446760079,0.6551292427538065,0.6454233901563053,0.016326715496851982,5,0.6346521053054996,0.010684374233258666,0.6230395136778115,0.6493506493506493,0.6377487989018531,0.016835009517719282,5,0.6554029965282281,0.010631510899544856,0.643433767178448,0.6707958707958707,0.6570231704416541,0.016221333982086788,5,0.6339262409852313,0.010242012739185366,0.6230886850152906,0.6476066709984838,0.6369053288251821,0.0161564738561185,5,0.6420570084475694,0.010482682109683356,0.631272446760079,0.6551292427538065,0.6454233901563053,0.016326715496851982
balabit,random-forest,100,23,5,0.6736413043478261,0.014709096307309127,0.6630434782608695,0.6983695652173914,0.6684782608695652,0.02183520549047906,5,0.6742120809333925,0.014600019150007708,0.6636538177521785,0.6987446462856299,0.6691330674937233,0.021654935535707333,5,0.6700891968572542,0.01600689164001236,0.6585964387251234,0.6970811580446132,0.6638892008235073,0.023887702883564364,5,0.6699060498239944,0.01605011317280587,0.6583846749377069,0.696973790780215,0.6636757561702025,0.023958752390760982,5,0.6822173504306417,0.012289552438359561,0.6721989121989123,0.7024766031717372,0.6793859649122806,0.018014130585511972,5,0.6742120809333925,0.014600019150007708,0.6636538177521785,0.6987446462856299,0.6691330674937233,0.021654935535707333
balabit,random-forest,100,29,5,0.7153013910355487,0.004688021912860307,0.7109737248840804,0.7217928902627512,0.7125193199381762,0.006553911360459418,5,0.6955304373522458,0.009111321633101528,0.6866820753123944,0.7097844900371496,0.6960011398176291,0.013099817267216405,5,0.6910418446991418,0.004461853345577144,0.6850741112925511,0.6968715365239295,0.6900681285927188,0.00645670501692947,5,0.7175034810090849,0.003248815595573714,0.7136688574730715,0.7205971031801789,0.7180545902615832,0.00452794401917693,5,0.6894911948694846,0.0043114990874245284,0.6837193601994184,0.6941237938981991,0.6914281605062563,0.006253160474718842,5,0.6955304373522458,0.009111321633101528,0.6866820753123944,0.7097844900371496,0.6960011398176291,0.013099817267216405
balabit,random-forest,100,35,5,0.5564878048780488,0.00417351212413804,0.5492682926829269,0.56,0.5580487804878049,0.007499736899090973,5,0.5931522693502634,0.005753382848516037,0.584944448196677,0.600569448196677,0.5943409766310955,0.00969967265710417,5,0.5543687788536735,0.0043207051472282,0.5470952118624616,0.5584871421408275,0.5558572889335697,0.007793918618870593,5,0.5639568232614559,0.003968522893547345,0.5569199857127342,0.5665809316874,0.5654743301560535,0.00703692681754734,5,0.5867238584116377,0.005657967867166236,0.5790234286028447,0.5943335339489064,0.5877036699839889,0.009643323321610489,5,0.5931522693502634,0.005753382848516037,0.584944448196677,0.600569448196677,0.5943409766310955,0.00969967265710417
balabit,random-forest,100,7,5,0.9648090169067001,0.00430195717904013,0.9586725109580463,0.9686912961803381,0.965560425798372,0.004458869168566386,5,0.9717993834122867,0.0030638511362085564,0.9682369601724441,0.9756773692257563,0.9720041607138381,0.003152760938631626,5,0.9467162547328961,0.006092690717841155,0.9380777925563164,0.9523620318533048,0.947888145361431,0.006435603790874099,5,0.9657107685016305,0.004066544014669155,0.9599247413928963,0.9694248032410178,0.9664535410462604,0.0042109336949599195,5,0.9263740391945635,0.008306617249638848,0.914635797454644,0.935063509885733,0.9269585253456221,0.008966807032784557,5,0.9717993834122867,0.0030638511362085564,0.9682369601724441,0.9756773692257563,0.9720041607138381,0.003152760938631626
balabit,random-forest,100,9,5,0.9852864583333334,0.00035659020670913305,0.9850260416666666,0.9856770833333334,0.9850260416666666,0.00036191526199631845,5,0.9882493806771263,0.0009843788662055365,0.9872613785398552,0.989311215815806,0.9876815466070821,0.000996083463802489,5,0.9793051222939729,0.0004622578695696665,0.9789132769118647,0.9798101465485101,0.97899602073049,0.00047202639815346897,5,0.9854184834920566,0.00033975638065184303,0.985151697048567,0.9857904540924602,0.9851799061133978,0.00034478385208265864,5,0.9710661056120546,0.0014410853590940064,0.969599531959825,0.9724792229427655,0.9711730182550922,0.0014840239513721908,5,0.9882493806771263,0.0009843788662055365,0.9872613785398552,0.989311215815806,0.9876815466070821,0.000996083463802489
balabit,random-forest,150,12,5,0.6006984866123399,0.008554678961990173,0.590221187427241,0.6088474970896391,0.6018626309662398,0.014241219434785965,5,0.6253932123789903,0.00659935916609787,0.6177006490773355,0.632576261048714,0.6237095988126093,0.01055233577127255,5,0.5980793890612448,0.009683325005391276,0.5861691411553454,0.6071175772359494,0.6004542487215754,0.01619070174043346,5,0.5934585373594411,0.01075931107365933,0.5802102495790282,0.6033238933462791,0.5970023314552413,0.018129844624920642,5,0.6352639372195904,0.005217888944879938,0.6301810149893932,0.641465446938269,0.6341375883392226,0.00821373391305271,5,0.6253932123789903,0.00659935916609787,0.6177006490773355,0.632576261048714,0.6237095988126093,0.01055233577127255
balabit,random-forest,150,15,5,0.7366336633663366,0.011014156168953964,0.724009900990099,0.7462871287128713,0.7438118811881188,0.014952013078821914,5,0.7211525974025974,0.007676700713885149,0.7125,0.7310064935064935,0.7234577922077923,0.010645043422896364,5,0.7156084309025168,0.009439631069265037,0.7046236567953247,0.7242907231483633,0.7205763688760807,0.013191056255946966,5,0.7393005921061537,0.009903324898318126,0.7278496884876146,0.7473956170619367,0.7453077296202242,0.013395532215259123,5,0.7125498900164278,0.009959300909051345,0.7009633652536029,0.7206225448164469,0.7182971553176727,0.013976987504442298,5,0.7211525974025974,0.007676700713885149,0.7125,0.7310064935064935,0.7234577922077923,0.010645043422896364
balabit,random-forest,150,16,5,0.5901333333333334,0.00959629558157149,0.5813333333333334,0.6053333333333333,0.5866666666666667,0.016261232910480383,5,0.6593306853991597,0.006046267018135191,0.6528853728991597,0.6682149422268908,0.6590401785714286,0.009170310364782693,5,0.5890034101637205,0.00906123544540689,0.5805697839266505,0.6032767198490308,0.585912844004018,0.015384011856379933,5,0.5966989912517843,0.010690335503175245,0.5871076757213725,0.6137121290101217,0.5923674505529474,0.01791579282000886,5,0.6483201988105775,0.003862954651090019,0.64375,0.6532721182030269,0.649537037037037,0.005958405519644584,5,0.6593306853991597,0.006046267018135191,0.6528853728991597,0.6682149422268908,0.6590401785714286,0.009170310364782693
balabit,random-forest,150,20,5,0.8204580152671757,0.01968814615160635,0.7954198473282442,0.8412213740458016,0.815267175572519,0.023996530943993594,5,0.8578911275838422,0.01169586350900072,0.8470838911928942,0.8725386147666787,0.8533536884041406,0.013633272489879757,5,0.7594036478416168,0.01980673652089022,0.7358743800857046,0.7812291249164997,0.7534384226032149,0.026081961256289837,5,0.8387308429951101,0.016470139853021315,0.8180126612659281,0.85626316245723,0.8343059074319694,0.019636978883721984,5,0.7344925214270809,0.015017843457573997,0.7178387650085764,0.751438111610685,0.729316337126751,0.020446557343286636,5,0.8578911275838422,0.01169586350900072,0.8470838911928942,0.8725386147666787,0.8533536884041406,0.013633272489879757
balabit,random-forest,150,21,5,0.6297979797979798,0.011924968639512737,0.6136363636363636,0.6464646464646465,0.6287878787878788,0.01893459334902584,5,0.6287698412698413,0.009979981222189975,0.6175595238095237,0.6433531746031746,0.6304563492063493,0.01587223267902729,5,0.6180249933367835,0.01085684580722272,0.6042457297756294,0.633672525439408,0.6185096106585579,0.01756700121237078,5,0.6362582565629981,0.011448763216522776,0.6208717700536506,0.6523421074762425,0.6355873484734296,0.017993893357656093,5,0.620024131383369,0.009566667168184785,0.6089516026050312,0.634058344500567,0.6215873909372361,0.015429507794866116,5,0.6287698412698413,0.009979981222189975,0.6175595238095237,0.6433531746031746,0.6304563492063493,0.01587223267902729
balabit,random-forest,150,23,5,0.7024193548387097,0.02215908332908722,0.6673387096774194,0.7237903225806451,0.7096774193548387,0.031546800606278014,5,0.7027299481326115,0.02216409562206741,0.6676178397801733,0.7241679267677998,0.7099816269125083,0.03153999012133299,5,0.700683376314122,0.02220253148140967,0.665859623479649,0.721497924103758,0.7081399150049036,0.0316869676546402,5,0.7005938590573871,0.02220839863999529,0.6657699818919054,0.7213960397270075,0.7080544980965737,0.0316993909565173,5,0.707855775804203,0.023073493197963646,0.6708258765824883,0.732151276352125,0.714758460131371,0.03259631974006229,5,0.7027299481326115,0.02216409562206741,0.6676178397801733,0.7241679267677998,0.7099816269125083,0.03153999012133299
balabit,random-forest,150,29,5,0.7103139013452915,0.019117554930306906,0.6928251121076233,0.7309417040358744,0.7017937219730942,0.026914234529409345,5,0.6860436758674204,0.01191455835490919,0.6698370468905885,0.6973284558252966,0.6915752133909766,0.017367055151182104,5,0.6837545208517055,0.014728512694201364,0.6676966230578747,0.6996295880570209,0.6828508033255808,0.02154064396657309,5,0.7115056655504268,0.016209922025175287,0.6967779296687483,0.7292021420370491,0.7064860045738545,0.022782562121462735,5,0.6837693968703047,0.017789433077989497,0.6660668993474821,0.7025003981525721,0.6798409923409923,0.02601671434757666,5,0.6860436758674204,0.01191455835490919,0.6698370468905885,0.6973284558252966,0.6915752133909766,0.017367055151182104
balabit,random-forest,150,35,5,0.5725988700564971,0.020748775060399835,0.5508474576271186,0.6045197740112994,0.5649717514124294,0.0362361439140678,5,0.6009478295499802,0.018330303787348047,0.5814416567104739,0.6252489048187972,0.5971060666401169,0.030502321309779413,5,0.568366497236951,0.019618081649821727,0.5475983796296297,0.5977272727272727,0.5618248456790124,0.03451660459438197,5,0.5815628322654474,0.020940361399178795,0.559619968220339,0.614117873651772,0.5734683968926554,0.03600704900209444,5,0.5923618058813747,0.01634365715597134,0.574990832416575,0.6132607738785963,0.589414497005256,0.027590666706901582,5,0.6009478295499802,0.018330303787348047,0.5814416567104739,0.6252489048187972,0.5971060666401169,0.030502321309779413
balabit,random-forest,150,7,5,0.967652495378928,0.0014613113032201216,0.9658040665434381,0.9695009242144177,0.967652495378928,0.0015101612512742803,5,0.9756261154471112,0.0026838401241985736,0.9717082656295783,0.9791987427079727,0.9757385258783731,0.0027508899994631857,5,0.9520050175905104,0.0021723913404613888,0.9491672412238767,0.9548045339763429,0.9520654148233938,0.0022819116499612903,5,0.9684172102189159,0.0014274675289337752,0.9665834977781187,0.9702393165926679,0.9684356388104052,0.0014740212316250436,5,0.9326313086286975,0.0022009571163019697,0.9305264274384453,0.9349425791822106,0.9322687011680978,0.00235994341594447,5,0.9756261154471112,0.0026838401241985736,0.9717082656295783,0.9791987427079727,0.9757385258783731,0.0027508899994631857
balabit,random-forest,150,9,5,0.9824154589371981,0.0056914691690910825,0.9758454106280193,0.9884057971014493,0.9855072463768116,0.005793342437066552,5,0.9871039296902925,0.0037001699685987426,0.9828325729063729,0.9909984020521015,0.9891139799415487,0.0037485110304035407,5,0.9758604798477689,0.007616483933883213,0.9670830423283452,0.9839122505233052,0.9799752092445526,0.007804890239095819,5,0.9826297852435568,0.005554500980872878,0.9762228160042226,0.9884879460334081,0.9856394457935752,0.0056526894098738595,5,0.9658574329490206,0.010712116581216301,0.9535516427520416,0.9772755142708238,0.9715836526181354,0.01109078443234562,5,0.9871039296902925,0.0037001699685987426,0.9828325729063729,0.9909984020521015,0.9891139799415487,0.0037485110304035407
balabit,random-forest,200,12,5,0.6045662100456621,0.0063124631212565264,0.5981735159817352,0.6133942161339422,0.6012176560121766,0.010441309845582924,5,0.6285136415308828,0.005018120719410705,0.6232190223569534,0.6351032588101554,0.6277093596059113,0.007984107882190068,5,0.6025899394445255,0.006918310795932356,0.5957375398556805,0.6122939241306247,0.599502093997208,0.011480959676010748,5,0.5985086656715755,0.007636466289788827,0.5911044087924,0.6092445434357162,0.5956321052657674,0.01275915743211519,5,0.6370166892893456,0.004316270186952635,0.6320223025919229,0.6412869031107589,0.6392924304106136,0.00677575683577122,5,0.6285136415308828,0.005018120719410705,0.6232190223569534,0.6351032588101554,0.6277093596059113,0.007984107882190068
balabit,random-forest,200,15,5,0.7336585365853658,0.01372034023397007,0.7138211382113822,0.7495934959349594,0.7382113821138211,0.018701261622100163,5,0.7091107619069628,0.012155775205583636,0.6894021676333972,0.7202123726110969,0.7103621195664733,0.017142279963279567,5,0.7090648749536295,0.013173457706926224,0.6886075949367089,0.7228627276557891,0.7118549365740376,0.01857863528748018,5,0.7336568356999578,0.01284090410428615,0.7143974477719461,0.7479140759383622,0.7372194728730767,0.017502602687583586,5,0.7093576794282902,0.014557645216361223,0.6878825390275772,0.7262029102475847,0.7135751489840927,0.020522291699293392,5,0.7091107619069628,0.012155775205583636,0.6894021676333972,0.7202123726110969,0.7103621195664733,0.017142279963279567
balabit,random-forest,200,16,5,0.5894551845342707,0.010441793165211188,0.5782073813708261,0.6045694200351494,0.5887521968365553,0.01771431219739167,5,0.6537274554772219,0.010603285906488628,0.6414182168238058,0.6677284181318837,0.650910274922846,0.016219734719185405,5,0.5881877140604143,0.010031648857116843,0.5776320673017443,0.6021906315544162,0.5873642584420092,0.01705518258425654,5,0.5959626497993725,0.011266952012154075,0.5831934366361998,0.613165496590526,0.5959021825054294,0.018905466669676414,5,0.6434053589810812,0.010979357658966123,0.6305509814684127,0.6601773739995673,0.63988047273704,0.017064448571509273,5,0.6537274554772219,0.010603285906488628,0.6414182168238058,0.6677284181318837,0.650910274922846,0.016219734719185405
balabit,random-forest,200,20,5,0.8289156626506025,0.0162762121519353,0.8112449799196787,0.8473895582329317,0.8313253012048193,0.01963554663678241,5,0.8601057135665744,0.01957487487474319,0.8267472103364376,0.8767094554912325,0.8642084067455323,0.022758684852321985,5,0.7683714648537439,0.018632831099578865,0.7434509064603108,0.7877380712026382,0.7707433632198523,0.024249769742718832,5,0.84538319053529,0.013988577422906481,0.8292527806823233,0.8609467143761802,0.8474173784820762,0.016547025750593674,5,0.7416136431838358,0.015423312169917795,0.7197592401015707,0.7573114715971859,0.7431769020972444,0.02079696390657496,5,0.8601057135665744,0.01957487487474319,0.8267472103364376,0.8767094554912325,0.8642084067455323,0.022758684852321985
balabit,random-forest,200,21,5,0.6546052631578947,0.017092606653640242,0.6414473684210527,0.6842105263157895,0.6513157894736842,0.026111318707068513,5,0.6486879100281162,0.013651331411878695,0.6383786316776008,0.671883786316776,0.6461105904404874,0.02104452881091464,5,0.6401151236293473,0.01535799019249733,0.6283826976347753,0.66652954888249,0.637182489641506,0.023992543880888263,5,0.660013787705371,0.016046600212206597,0.6476358966882367,0.6877467218024492,0.6569691094065555,0.02431252272470673,5,0.6397577897967566,0.014318634050117634,0.6290703265002842,0.6643369175627241,0.6368744512730465,0.022381335996966123,5,0.6486879100281162,0.013651331411878695,0.6383786316776008,0.671883786316776,0.6461105904404874,0.02104452881091464
balabit,random-forest,200,23,5,0.6976863753213367,0.00762591104071532,0.6863753213367609,0.7043701799485861,0.699228791773779,0.010930285168895578,5,0.6977821834522866,0.007588409921295127,0.6865186360031721,0.7044805709754163,0.6993259318001586,0.010875041096279313,5,0.6971935445906341,0.007915801881945276,0.6854586426299045,0.7043701799485861,0.6988387096774193,0.011353808341115863,5,0.6971656859833983,0.007928271702891496,0.6854149912629114,0.7043701799485861,0.6988108466705366,0.011372148489649406,5,0.6991164509713121,0.006928092055053972,0.6888246628131021,0.7059614462963949,0.7004385964912281,0.009909782619803152,5,0.6977821834522866,0.007588409921295127,0.6865186360031721,0.7044805709754163,0.6993259318001586,0.010875041096279313
balabit,random-forest,200,29,5,0.7052631578947368,0.015800299515913812,0.6871345029239766,0.7222222222222222,0.7105263157894737,0.02240340976137033,5,0.6720955646832725,0.0149263811249494,0.6483965783622867,0.6839695519463391,0.6806157440554697,0.022208718386623357,5,0.673018997019885,0.01545610110458396,0.6502967231444052,0.6854030501089324,0.6828676601444321,0.02296532664460182,5,0.7041652807841736,0.014704021667639984,0.6848113996946343,0.7181312030985233,0.7113478600165541,0.020881491986178682,5,0.6749326179206185,0.0168360820748469,0.6528726708074535,0.6921969939238888,0.681892697466468,0.02494483394018906,5,0.6720955646832725,0.0149263811249494,0.6483965783622867,0.6839695519463391,0.6806157440554697,0.022208718386623357
balabit,random-forest,200,35,5,0.583271375464684,0.03249865920548243,0.5315985130111525,0.6078066914498141,0.6022304832713755,0.055717905202516085,5,0.6092114959469418,0.02828230455254994,0.5683800049127978,0.637819331859494,0.6103076639646279,0.046424443302056695,5,0.5777505461849449,0.030519919054511267,0.5297202797202798,0.6019970619068156,0.5907785486806187,0.0528254265721481,5,0.5922947881668901,0.033180556075928465,0.5391114461746432,0.6171914776346582,0.6124099806853814,0.05602034111868502,5,0.5994994373862921,0.025189297892276533,0.5638474770642202,0.6260726072607261,0.5993281353682813,0.04201721690031481,5,0.6092114959469418,0.02828230455254994,0.5683800049127978,0.637819331859494,0.6103076639646279,0.046424443302056695
balabit,random-forest,200,7,5,0.9525672371638141,0.009908989794210002,0.9437652811735942,0.9645476772616137,0.9462102689486552,0.010402404583757421,5,0.9603266972945381,0.008992189621549738,0.9481924915309294,0.9694695809550327,0.9595155227620771,0.009363677638956422,5,0.9310410078162243,0.013596225146792212,0.9193611987381703,0.9474054119968517,0.9228672335756412,0.01460325059009209,5,0.9540235778934761,0.009359116984121596,0.9458260703570299,0.965318528590436,0.9481814586023765,0.009810152705855463,5,0.908753918650473,0.016763762576678193,0.8932996916176059,0.9296311419627059,0.9003357512953367,0.018446976934716152,5,0.9603266972945381,0.008992189621549738,0.9481924915309294,0.9694695809550327,0.9595155227620771,0.009363677638956422
balabit,random-forest,200,9,5,0.9854406130268198,0.002489602642352228,0.9821200510855683,0.9885057471264368,0.9846743295019157,0.0025263852630401694,5,0.9870682562030316,0.0031210617447980813,0.9845221334406027,0.9925124792013311,0.986186026951418,0.0031619512887628566,5,0.9799011395446657,0.00339211542813246,0.9754109392384165,0.9841636534835693,0.9788458421137948,0.003461691482172055,5,0.9855474809304802,0.0024555328297806455,0.9822840880500465,0.9886010613771339,0.9847877793780836,0.002491541886406442,5,0.9732327431708914,0.00450081408813471,0.9670579526226735,0.9786702328848544,0.9719978698855063,0.004624601997535142,5,0.9870682562030316,0.0031210617447980813,0.9845221334406027,0.9925124792013311,0.986186026951418,0.0031619512887628566
balabit,random-forest,250,12,5,0.6369402985074627,0.010684941091997293,0.625,0.6511194029850746,0.6361940298507462,0.016775420109286905,5,0.658506848342914,0.008214692891612866,0.6511887020083741,0.6713859910581222,0.6582712369597616,0.012474726591355217,5,0.6351379090397047,0.011852818758066517,0.6210095296389713,0.6500951283796756,0.6344521503740466,0.018661803349114145,5,0.631819176927358,0.01312529373178593,0.6156405331532235,0.6474814621452095,0.6309683914206471,0.020773813475583984,5,0.6680147600564134,0.006874546801908819,0.6612766472868217,0.678973735696923,0.6680683667932719,0.010291010338346819,5,0.658506848342914,0.008214692891612866,0.6511887020083741,0.6713859910581222,0.6582712369597616,0.012474726591355217
balabit,random-forest,250,15,5,0.7629482071713147,0.015873881922817943,0.7430278884462151,0.7788844621513944,0.7709163346613546,0.02080597578395459,5,0.7303616484440706,0.01596071794148072,0.7129590692458649,0.7457947855340623,0.7369988786094757,0.02185317092632494,5,0.7339503958225777,0.016849912922017225,0.7143739276562149,0.7506209637357177,0.7416343317982662,0.0229578361397743,5,0.7608879756761397,0.015535391562582336,0.7421268204968441,0.7763758676174586,0.768317340324394,0.0204174491636266,5,0.7387221363682366,0.01820593696945706,0.7159674467366774,0.7572198690797074,0.7480151090085629,0.02464517586945818,5,0.7303616484440706,0.01596071794148072,0.7129590692458649,0.7457947855340623,0.7369988786094757,0.02185317092632494
balabit,random-forest,250,16,5,0.6219354838709676,0.011719936854570942,0.610752688172043,0.6387096774193548,0.6236559139784946,0.01884429680973544,5,0.6841695796743116,0.012608934125482254,0.665881575581891,0.6971928553158837,0.6820913973910819,0.018429545101208013,5,0.6195526605179831,0.011425336216201188,0.6075510232629708,0.6355935365899168,0.6205603816078448,0.018441267295420737,5,0.6302369888610359,0.012195402418279202,0.6170341021603355,0.6478406947335222,0.632860020153053,0.019350502483706535,5,0.6673894801339729,0.012279705508998184,0.6489473684210526,0.679407956685499,0.6695174220176204,0.018399609035691024,5,0.6841695796743116,0.012608934125482254,0.665881575581891,0.6971928553158837,0.6820913973910819,0.018429545101208013
balabit,random-forest,250,20,5,0.7940886699507389,0.029122426115975257,0.7512315270935961,0.8275862068965517,0.8054187192118226,0.03667402296242542,5,0.827413715084948,0.02200281316319832,0.8021926035624666,0.8574601999259533,0.8279032457114649,0.02659227513643445,5,0.7336392532516982,0.028500798547378182,0.6960424588790797,0.7693556240869989,0.7422429380801221,0.038848519106706086,5,0.8147598355904083,0.02468046868418252,0.7789855671783529,0.8435710727658408,0.8239628539718741,0.030291710030475476,5,0.7156742654154138,0.020619683486945126,0.6920223577235772,0.7431785744270003,0.7203881884538819,0.02881154805109055,5,0.827413715084948,0.02200281316319832,0.8021926035624666,0.8574601999259533,0.8279032457114649,0.02659227513643445
balabit,random-forest,250,21,5,0.6207171314741036,0.00992023872349699,0.6055776892430279,0.6294820717131474,0.6215139442231076,0.015981899355569606,5,0.6262019230769231,0.01292267802796941,0.6100618131868132,0.6430288461538461,0.6288118131868132,0.020636599077294718,5,0.6115651246441783,0.010595556195683037,0.5963253569862079,0.6233602788131081,0.6144393241167434,0.017325311350688544,5,0.6278322860135088,0.009664916350231959,0.6131256445051705,0.6365603947538179,0.6287966413914235,0.015394105345554023,5,0.6169285338260158,0.011889052667520984,0.601823611640615,0.6322726117886179,0.6197637292464878,0.019271361293322666,5,0.6262019230769231,0.01292267802796941,0.6100618131868132,0.6430288461538461,0.6288118131868132,0.020636599077294718
balabit,random-forest,250,23,5,0.7063694267515923,0.018487802896433106,0.6878980891719745,0.7292993630573248,0.697452229299363,0.02617299418160503,5,0.7059152872444011,0.018626434008355248,0.6871145731905226,0.7289840960727036,0.697135670236936,0.02638621707863146,5,0.7043769565636628,0.019797015491622202,0.6827498041156337,0.7285035653615715,0.6965628083452857,0.028105711447749374,5,0.7045219988694287,0.01974363571655698,0.6830072183684507,0.7285971886198953,0.6966674461045889,0.028024157866241635,5,0.7108633605860672,0.016191664126563608,0.6988011988011988,0.7313778543024638,0.6994119681771014,0.022777463327431142,5,0.7059152872444011,0.018626434008355248,0.6871145731905226,0.7289840960727036,0.697135670236936,0.02638621707863146
balabit,random-forest,250,29,5,0.703971119133574,0.014884857854215417,0.6859205776173285,0.7220216606498195,0.703971119133574,0.02114413141342395,5,0.6676403207331043,0.022352798827662113,0.6474226804123712,0.7005441008018327,0.6561282932416953,0.03348030089482547,5,0.6692906859963405,0.020214055493623945,0.6512523513989898,0.6980819590912308,0.658579846079846,0.03020220648003231,5,0.7012354214474309,0.016415059222875006,0.6862884729481674,0.7235562569035752,0.6958815853220185,0.023408770750616717,5,0.6733874951778982,0.017356461431152777,0.6553984722380573,0.6961624649859943,0.6712057281677535,0.025774849630326856,5,0.6676403207331043,0.022352798827662113,0.6474226804123712,0.7005441008018327,0.6561282932416953,0.03348030089482547
balabit,random-forest,250,35,5,0.5959367945823928,0.030074294795652885,0.5620767494356659,0.6275395033860045,0.5981941309255079,0.05046557800937208,5,0.6211046301320311,0.020840018691430758,0.5991024597576415,0.6454942123349611,0.6121134020618557,0.03355315301223998,5,0.5899108312851883,0.02691095749129296,0.559921756585146,0.6180016618848283,0.5876009371992803,0.04561868686605458,5,0.6044004237857845,0.031337842499914524,0.5695844664632835,0.6369410900085924,0.6083397249168244,0.05184947142098875,5,0.6107008885583805,0.017755668593004377,0.5921290458175704,0.6315246270181892,0.6055286006128703,0.029074247189845064,5,0.6211046301320311,0.020840018691430758,0.5991024597576415,0.6454942123349611,0.6121134020618557,0.03355315301223998
balabit,random-forest,250,7,5,0.9606060606060606,0.005138128775094925,0.9575757575757575,0.9696969696969697,0.9590909090909091,0.005348840680698188,5,0.9697108045255453,0.003217424090666623,0.9678132713187142,0.9754034041460387,0.9687620379221298,0.003317921256163405,5,0.9423110266404361,0.007115332076265364,0.9381319049213257,0.9549050957241831,0.9401931138176729,0.007550937933553874,5,0.9617043965423531,0.004870425266333648,0.9588369804506397,0.9703230807646009,0.9602624705229424,0.005064368306773314,5,0.9207668930733194,0.009527144498194494,0.9152093806587228,0.937640368273815,0.917887667887668,0.010346966827179201,5,0.9697108045255453,0.003217424090666623,0.9678132713187142,0.9754034041460387,0.9687620379221298,0.003317921256163405
balabit,random-forest,250,9,5,0.9838095238095239,0.0026082026547865535,0.9809523809523809,0.9873015873015873,0.9825396825396825,0.002651125641360969,5,0.9847370191768532,0.003681649604610655,0.9781877312997644,0.9870191768532017,0.986248177638219,0.0037387135173288853,5,0.9778047095210309,0.003539121483435144,0.97375,0.9825,0.9762080508110892,0.0036194563689192615,5,0.9839250415238666,0.0025763558041296815,0.9810396825396827,0.9873597883597883,0.9827150200337053,0.002618447234699421,5,0.9713781064640974,0.0049916977709425605,0.9670957837896069,0.9781711076855318,0.9695001101079057,0.005138779366886066,5,0.9847370191768532,0.003681649604610655,0.9781877312997644,0.9870191768532017,0.986248177638219,0.0037387135173288853
balabit,random-forest,50,12,5,0.5812728009728415,0.005438349357518749,0.573976489663559,0.587758411025537,0.5804620997162545,0.009355932960250177,5,0.6105272737285938,0.005110228036409349,0.6035077256199368,0.6168638536625335,0.6094078882857761,0.008370187960973993,5,0.5760788779932572,0.005812942236933603,0.5684169070669272,0.5828353090527272,0.5754518631952532,0.010090531798670878,5,0.5692170336664167,0.0061153861214395,0.5612490166476981,0.5762038172162183,0.5687029998218149,0.01074350513028279,5,0.6250413213420776,0.0052371907170197475,0.6176949006538563,0.6317838939085256,0.6246054238381604,0.008378951180018858,5,0.6105272737285938,0.005110228036409349,0.6035077256199368,0.6168638536625335,0.6094078882857761,0.008370187960973993
balabit,random-forest,50,15,5,0.6963414634146342,0.006700809096667987,0.6877177700348432,0.7064459930313589,0.695993031358885,0.009622878212377844,5,0.701646639964397,0.005707649827960549,0.6945108097346169,0.7094488557843206,0.7014381748764434,0.008134649983145599,5,0.6841404665012641,0.006271302819178421,0.6760910366793896,0.6933777694999346,0.6838486237048038,0.009166688898334349,5,0.7030567449690237,0.006407507643066994,0.6948007225387401,0.7126768337868481,0.7027399245000413,0.009113784468918374,5,0.6843748582358824,0.005527064028307488,0.6774034679734702,0.6922231230345912,0.6841113720884713,0.008076076965414302,5,0.701646639964397,0.005707649827960549,0.6945108097346169,0.7094488557843206,0.7014381748764434,0.008134649983145599
balabit,random-forest,50,16,5,0.5663700234192037,0.009641205784071655,0.5498829039812646,0.5733021077283372,0.5681498829039813,0.01702280379506532,5,0.6362060015168044,0.005281990316681488,0.629779556395521,0.6437390244594863,0.6367937632568307,0.00830232708287643,5,0.565470675339552,0.009200104798160396,0.5498054719742944,0.5724733585103406,0.5672193269580847,0.01626981769237803,5,0.5722651638197571,0.011708375439093095,0.5519708027406421,0.5809774772959524,0.5745791785301748,0.020459703262281418,5,0.6281283435074798,0.0041650125752203376,0.623455970561039,0.6348817848817849,0.6272425093632958,0.006630830495504841,5,0.6362060015168044,0.005281990316681488,0.629779556395521,0.6437390244594863,0.6367937632568307,0.00830232708287643
balabit,random-forest,50,20,5,0.8450469238790406,0.007621731727468022,0.8347236704900939,0.8561001042752867,0.8446298227320125,0.009019300008195747,5,0.8808624822926883,0.006904707003482986,0.8697014274817478,0.8887435981257492,0.881851367549308,0.007838575421570432,5,0.784194091187924,0.008755436128710926,0.7718273335397374,0.7964971091155124,0.7840276171863783,0.011164884085581276,5,0.8603089988814663,0.006497160506993232,0.851400256354786,0.869651459629532,0.8600189654788369,0.0075521243128231115,5,0.7530122438030341,0.0072852417445810795,0.7427166729902743,0.7632563778199453,0.7528709860316478,0.009674798523577107,5,0.8808624822926883,0.006904707003482986,0.8697014274817478,0.8887435981257492,0.881851367549308,0.007838575421570432
balabit,random-forest,50,21,5,0.665377855887522,0.008063317924045348,0.656414762741652,0.6775043936731108,0.6660808435852372,0.012118404381357112,5,0.6581491782046005,0.00676110560672346,0.6515610933175366,0.669332356081219,0.657056463083632,0.010272907466309437,5,0.6500173375508551,0.006954553540722087,0.6448912586321516,0.6618303038252853,0.6472495323808378,0.010699027762744846,5,0.6702978631558743,0.007435235426888897,0.6626543186253326,0.6820466809351335,0.6704033408610897,0.011092434924203051,5,0.6490796566815276,0.006339330704933073,0.6448606927710843,0.6600166987147049,0.645942180424939,0.009766645187038238,5,0.6581491782046005,0.00676110560672346,0.6515610933175366,0.669332356081219,0.657056463083632,0.010272907466309437
balabit,random-forest,50,23,5,0.6648951048951048,0.006397741544885423,0.6573426573426573,0.6741258741258741,0.6650349650349651,0.00962218175135271,5,0.6652602299201325,0.006382517183995456,0.657719459881343,0.6744597737573379,0.665421608267266,0.009594015840630826,5,0.6592312976724523,0.006982832172127726,0.6511847869374752,0.6695651656488202,0.6586882591093117,0.010592385702532646,5,0.6591085588363159,0.006990710262118923,0.651055147560524,0.6694565773517474,0.6585580702698112,0.010606310854863299,5,0.6772618633953318,0.005850984515346148,0.6699749768636123,0.6849116259783341,0.6790096017069701,0.008639176117215989,5,0.6652602299201325,0.006382517183995456,0.657719459881343,0.6744597737573379,0.665421608267266,0.009594015840630826
balabit,random-forest,50,29,5,0.6981846882399368,0.00809911509541614,0.6842936069455406,0.7056037884767167,0.7000789265982637,0.01160024737270207,5,0.673189199850972,0.007379121156346444,0.6655649367726666,0.682871638650858,0.6754805058186679,0.010961437227424334,5,0.6712428680470586,0.007029340913592707,0.6611683407678401,0.6782395789848921,0.6735793590098226,0.010472127523744362,5,0.6994697605010336,0.007033561617154003,0.687786849570571,0.7055267280067165,0.7015470466862659,0.010055562104808975,5,0.6703157138232011,0.007106265652914384,0.6587561782264363,0.6762594268476622,0.672076980110248,0.010601371124635002,5,0.673189199850972,0.007379121156346444,0.6655649367726666,0.682871638650858,0.6754805058186679,0.010961437227424334
balabit,random-forest,50,35,5,0.5239043824701195,0.010475938231057077,0.5119521912350598,0.5398406374501992,0.523406374501992,0.01999589730794925,5,0.5695401691331924,0.012060879105493173,0.5511936222692037,0.5821749471458774,0.5745287174066244,0.02117652056719571,5,0.5226867861528689,0.009133271916559655,0.5107869313802996,0.5352298961138899,0.5234005825871184,0.017473699658227957,5,0.5277870431829706,0.013202778496229526,0.5180789320212047,0.5497998387366273,0.522877655415666,0.02501535167784036,5,0.5674475649142486,0.013656996301539558,0.5484043594324575,0.5825816903418993,0.5730184017547619,0.02406741546878146,5,0.5695401691331924,0.012060879105493173,0.5511936222692037,0.5821749471458774,0.5745287174066244,0.02117652056719571
balabit,random-forest,50,7,5,0.9696010132995567,0.0028233936827306775,0.9651678277390754,0.9724509183027232,0.9708676377454085,0.0029119128837568516,5,0.9747516819035935,0.004231059287364655,0.969856847530125,0.9800956080653485,0.9753061178127627,0.004340653487359791,5,0.9530293725742102,0.004048252967252169,0.9469086329637815,0.9572531127110634,0.9545022901069384,0.0042477735563569334,5,0.9702737865770914,0.002665626252491153,0.9661537453835297,0.9730078214284931,0.9713687941144852,0.0027472928665782936,5,0.9348669553044922,0.00641612424419562,0.924301726960104,0.9401541489483967,0.9352090998725441,0.00686314154949016,5,0.9747516819035935,0.004231059287364655,0.969856847530125,0.9800956080653485,0.9753061178127627,0.004340653487359791
balabit,random-forest,50,9,5,0.9838656568982549,0.0014540271429581283,0.9822192953572605,0.9858412907474481,0.9832071122818571,0.0014778716309115916,5,0.9877231199033524,0.001210623345826577,0.9859203538709354,0.9887785663948454,0.9881524967280781,0.001225670758769963,5,0.9770979728306933,0.002020567916091443,0.9747857066422638,0.9798296523000956,0.9762226374271133,0.0020679276513467467,5,0.9840381078528198,0.0014238836535656037,0.9824176446013234,0.9859681950572534,0.9834065474690824,0.0014469801953834196,5,0.9674377083609134,0.0028532228033716733,0.9647050009748255,0.97156030133976,0.9662715406901453,0.0029492573823753075,5,0.9877231199033524,0.001210623345826577,0.9859203538709354,0.9887785663948454,0.9881524967280781,0.001225670758769963
bogazici,knn,100,1,5,0.7219540423890242,0.005110297738889677,0.7133797892604827,0.7268825500928314,0.7228317218431268,0.007078425272028601,5,0.7299120806370216,0.004560197492317564,0.7222587214357007,0.7343602998943033,0.7307558996663994,0.006247598324907444,5,0.7218451477242954,0.005062792399320041,0.7133475243736361,0.7267268329323253,0.7227243819654452,0.007013682110742324,5,0.722478270510541,0.005225173686210597,0.713707791166994,0.7274995990025952,0.7233706574789865,0.007232291820372971,5,0.728155822477254,0.004130071963091616,0.7212317322389346,0.7322329242921748,0.728950536123566,0.005671961736212898,5,0.7299120806370216,0.004560197492317564,0.7222587214357007,0.7343602998943033,0.7307558996663994,0.006247598324907444
bogazici,knn,100,10,5,0.5364753114704021,0.004606801453993487,0.5325434749405424,0.5437585913464685,0.535925465296415,0.008587163948638947,5,0.5414788179749416,0.004481813569877925,0.5377589504826579,0.548658876596402,0.5405006403274601,0.00827698779915216,5,0.5316069038277655,0.00503504410582404,0.5267543550760758,0.5392553025057422,0.5320365350586257,0.009471367037504343,5,0.5296781004376534,0.005137017428279916,0.5246358272898092,0.5374116475069456,0.5303098798190136,0.00969837609679424,5,0.5440270866431639,0.004621535302962511,0.5402408753729819,0.5515013399749858,0.5425462185946567,0.008495046324768477,5,0.5414788179749416,0.004481813569877925,0.5377589504826579,0.548658876596402,0.5405006403274601,0.00827698779915216
bogazici,knn,100,11,5,0.5287246195231603,0.0026386881026092897,0.5254142560587636,0.5312427067595288,0.5298853963223643,0.004990666228081146,5,0.613695355490699,0.0015244573242059964,0.612529345151434,0.6163571486568087,0.6131473627938839,0.002484062019643394,5,0.5280726954921391,0.002481919802890733,0.5249552895548582,0.5305795156257824,0.5290982395107979,0.004699958592969287,5,0.535087170413852,0.003372365270867831,0.5309110623621058,0.5379878023003278,0.536863860127113,0.0063024595941247215,5,0.6068170789497042,0.0015805690737447655,0.6051838691393446,0.6091861841552138,0.6066348218341069,0.002604687851700645,5,0.613695355490699,0.0015244573242059964,0.612529345151434,0.6163571486568087,0.6131473627938839,0.002484062019643394
bogazici,knn,100,12,5,0.7225623283167513,0.003485727644423631,0.7186023216798687,0.7265358545293651,0.7228855690819593,0.00482412036694997,5,0.6552565495581979,0.004353203232461994,0.6498084339728017,0.660926365541054,0.6558417512806133,0.006643509683950676,5,0.6592309515433988,0.0043382277509565826,0.6538249840553801,0.6643670811349802,0.6597847277569477,0.006580740392725608,5,0.7184322656641862,0.003516968179004441,0.7141732199923664,0.7220022643230616,0.7188319741326121,0.004895337176641177,5,0.6647924197649985,0.00440461947492129,0.6595575521147807,0.669218061505694,0.6652441961976876,0.0066255561043826365,5,0.6552565495581979,0.004353203232461994,0.6498084339728017,0.660926365541054,0.6558417512806133,0.006643509683950676
bogazici,knn,100,13,5,0.5602038887558753,0.007355038031307297,0.5475635419685724,0.5668057008203435,0.5618975011656187,0.013129216306658776,5,0.6239318527048129,0.0034718316474693467,0.6179417645217615,0.6265110302831772,0.6251236634883777,0.0055644404631989474,5,0.5574269703809651,0.006636408122010815,0.5459722938704414,0.5632693014584615,0.5590820935300036,0.011905430620759633,5,0.5709328420173992,0.00846240724529936,0.5564217606808797,0.5785474777241696,0.5728287109891209,0.014822071218389408,5,0.6111954697319332,0.0019904859002988612,0.6080116023123148,0.6130530465095121,0.6120361587904054,0.003256709185314932,5,0.6239318527048129,0.0034718316474693467,0.6179417645217615,0.6265110302831772,0.6251236634883777,0.0055644404631989474
bogazici,knn,100,14,5,0.5784731171003208,0.004293569747792777,0.5729717873495462,0.5849943794039426,0.5783524799166506,0.007422245945178765,5,0.5854016915922451,0.002307988881036304,0.5838374244886511,0.5894617726140328,0.584503871708028,0.003942572961753427,5,0.5651639117424943,0.003311683373862057,0.5613831605712281,0.5705211709968803,0.5647171139496546,0.005859686552971132,5,0.5905606974187558,0.004161254126653895,0.5852035208513302,0.5968628210078522,0.5904576025290159,0.007046276775345966,5,0.5759023201708043,0.0020794983987859183,0.5744847468118337,0.5795620340257446,0.5750997201448788,0.0036108526150218827,5,0.5854016915922451,0.002307988881036304,0.5838374244886511,0.5894617726140328,0.584503871708028,0.003942572961753427
bogazici,knn,100,15,5,0.768094038623006,0.0031077675102135502,0.7653614227921532,0.772612777650561,0.7671170139683994,0.00404607685249709,5,0.7425381102147102,0.004349270540763693,0.7370059931347666,0.7471201491981216,0.742111035130044,0.005857302784777027,5,0.7486560202387944,0.0040725212070184605,0.7438199712729591,0.7534775654066732,0.7480274607487793,0.00543977620819702,5,0.7634565015375434,0.003558473662605077,0.7595550404926916,0.7680255692359305,0.7627178407222807,0.004661003810221776,5,0.7628173140014093,0.0031409225808227705,0.7598304719425881,0.7680049591766573,0.761861819836987,0.004117529221179906,5,0.7425381102147102,0.004349270540763693,0.7370059931347666,0.7471201491981216,0.742111035130044,0.005857302784777027
bogazici,knn,100,16,5,0.7557448260177393,0.00358017686374403,0.7521833068000909,0.7614282465317261,0.754184671366841,0.00473728266537943,5,0.7566238024340379,0.003582879511980614,0.7530989982564922,0.7623287122026656,0.7550385072427157,0.004735351307287174,5,0.7543054976873533,0.00359627121217552,0.7505844139692843,0.7599486860249807,0.7528272235122859,0.004767658757892432,5,0.754109711612915,0.0035988604761132705,0.7503764057555337,0.7597523828059514,0.7526364267906698,0.00477233010090257,5,0.76364416322675,0.0037527887080739306,0.7606530634203348,0.769865550101928,0.7616794964022444,0.004914315971743517,5,0.7566238024340379,0.003582879511980614,0.7530989982564922,0.7623287122026656,0.7550385072427157,0.004735351307287174
bogazici,knn,100,17,5,0.5128799970501009,0.01301714380471932,0.49413444165257564,0.524276089487297,0.5164799275167644,0.02538048642877319,5,0.6348678325363226,0.009864785994068306,0.6213401152119573,0.644470354614262,0.6365302685071824,0.015538330166545197,5,0.5110739383809617,0.012426065751980835,0.4932042492559551,0.5220336396719185,0.514433861861106,0.024313636088244966,5,0.5253741526044958,0.014804248740096039,0.5038053316425729,0.5381416527934936,0.5298236029596479,0.02817848702054581,5,0.6187629280805131,0.006460117700708519,0.6102869413549422,0.6255166299972255,0.6193102274860847,0.010440376123936002,5,0.6348678325363226,0.009864785994068306,0.6213401152119573,0.644470354614262,0.6365302685071824,0.015538330166545197
bogazici,knn,100,18,5,0.5296633759228202,0.014431745651256411,0.5113158941198845,0.5444423312989506,0.5366621137986479,0.02724701443839177,5,0.5958777231363555,0.011288019389375362,0.5814200862084555,0.6067345451778121,0.6022482688151638,0.018943516347551575,5,0.5226386386504949,0.01649738991753515,0.5016381684881437,0.5396980177053712,0.5303487468502429,0.03156557647580947,5,0.5084035093238988,0.018845007763570436,0.4844499994536066,0.5281321374103969,0.5168718831660171,0.03706702927489919,5,0.6179098114322237,0.00940460194114549,0.6056997612431962,0.6257154680364141,0.6236831916666816,0.01522002364608358,5,0.5958777231363555,0.011288019389375362,0.5814200862084555,0.6067345451778121,0.6022482688151638,0.018943516347551575
bogazici,knn,100,19,5,0.5541408846731292,0.009586422185812842,0.5418948355014797,0.5646451848059082,0.5582145119718126,0.017299611797219366,5,0.6773041488890026,0.005167587894334451,0.6716423766693463,0.6827472822606981,0.6797294965544374,0.0076296415765516315,5,0.5393846967652793,0.008087671458363322,0.5292476205868537,0.5482024344053458,0.5428849921729444,0.014994254577235038,5,0.5870049656002898,0.010123779954286379,0.5738815015703022,0.5980598904703742,0.591307575505578,0.017246497981381607,5,0.6240479053060923,0.0024451179698694644,0.6208632988853527,0.6265028734772464,0.6252288987056476,0.00391815748291014,5,0.6773041488890026,0.005167587894334451,0.6716423766693463,0.6827472822606981,0.6797294965544374,0.0076296415765516315
bogazici,knn,100,2,5,0.798,0.0030144466586171947,0.7950806451612903,0.8030645161290323,0.7973387096774194,0.0037775020784676623,5,0.8009919843962401,0.0028691488126984742,0.7980866590475937,0.8057432887776769,0.8004926945953293,0.0035819944126671117,5,0.7969367362055647,0.0029812529101685857,0.7940171313361228,0.8019359840523173,0.7964155556437547,0.003740890304998552,5,0.798715171867153,0.002995408565109924,0.7958099458876396,0.8037469404403791,0.798076127330658,0.0037502837940433385,5,0.7967501513603322,0.00287287894560624,0.7938628957532977,0.8015258121988165,0.7963280400005041,0.003605746344322906,5,0.8009919843962401,0.0028691488126984742,0.7980866590475937,0.8057432887776769,0.8004926945953293,0.0035819944126671117
bogazici,knn,100,3,5,0.5041125012880378,0.009531045228301881,0.48969840934112124,0.513219335209801,0.5052687524743884,0.018906583756501748,5,0.6268742251048272,0.005244695574584807,0.6190269351999654,0.6317072965522594,0.6286178699777986,0.008366424020237519,5,0.5033794917420594,0.009147225561228883,0.48950349163928375,0.5120738857260013,0.5046009277273578,0.01817162937960151,5,0.5120642549871773,0.011743220244916173,0.4942231184019821,0.5232592627593764,0.5132067916499131,0.022933098982295175,5,0.6171259480245677,0.0023762529527550425,0.6138274161644772,0.6190793855396675,0.6185405751814296,0.0038505153775521433,5,0.6268742251048272,0.005244695574584807,0.6190269351999654,0.6317072965522594,0.6286178699777986,0.008366424020237519
bogazici,knn,100,4,5,0.6607604333402928,0.0028263951198721987,0.6561733979786732,0.6638983614416839,0.6613001755322028,0.004277488447036901,5,0.6612403893716332,0.003093920155666729,0.6567231213800739,0.6642871774860706,0.6609943568071397,0.00467896426987292,5,0.6515428074917862,0.0028614369074292747,0.6470037548366786,0.6546434710786495,0.6519281907115388,0.004391786502017902,5,0.6656368000046547,0.00276542340275222,0.6611579038942706,0.6687085437120887,0.6663561312512408,0.0041545530576628,5,0.6521603124047888,0.002867432399449356,0.647822884868523,0.6550773783777375,0.6521367980527117,0.004396821371843266,5,0.6612403893716332,0.003093920155666729,0.6567231213800739,0.6642871774860706,0.6609943568071397,0.00467896426987292
bogazici,knn,100,5,5,0.3725616099433091,0.0024831867251988373,0.36899729208470516,0.3755508367263447,0.37221172390952834,0.006665170696402916,5,0.5998378736651109,0.001368706319503003,0.5978606297706088,0.6017129491770428,0.5999341799336951,0.002281793763938205,5,0.3725263595079723,0.0024602721126216255,0.36899038727208966,0.3754877781491228,0.3721835932754668,0.006604290004796222,5,0.3752880720926539,0.0035111062314614845,0.3702876380917093,0.3793878496795334,0.37479537036932825,0.0093557629260187,5,0.5970839326948777,0.0006200943630143578,0.5963783995278595,0.5977969655542359,0.5970660947602238,0.0010385380162812703,5,0.5998378736651109,0.001368706319503003,0.5978606297706088,0.6017129491770428,0.5999341799336951,0.002281793763938205
bogazici,knn,100,6,5,0.8372382248842907,0.0028419182609518245,0.8341192485706507,0.8405118431799619,0.836705690171522,0.003394396214225154,5,0.7282178087743787,0.006639534805943579,0.720811938462504,0.7377447757724196,0.7261379274386628,0.009117512268916076,5,0.7570144071317969,0.006097912072308401,0.7505239569137077,0.7650239338938666,0.7553062111229855,0.008055212707790313,5,0.8227734122547903,0.003877942209762829,0.8189135299176219,0.8274697171913242,0.8217810818937953,0.004713256592887979,5,0.8287304593439624,0.004945058585099538,0.8223854222095417,0.8354496470569542,0.8294216696244584,0.005967028880553194,5,0.7282178087743787,0.006639534805943579,0.720811938462504,0.7377447757724196,0.7261379274386628,0.009117512268916076
bogazici,knn,100,7,5,0.6419836658627494,0.006995844910158332,0.6330620112548417,0.6522555360666521,0.641256486150698,0.010897231942430734,5,0.5555674473938905,0.005585926171861795,0.5466925962153957,0.5619358261536511,0.5564247165561306,0.010054451890701656,5,0.5435068575186387,0.005125572324704896,0.5349204713781837,0.5483630518741259,0.5441668531394763,0.009430556861978733,5,0.6614208477193569,0.005316906554405961,0.653761035828257,0.6682285907574665,0.6611148562234036,0.008038613498106643,5,0.5445871237161548,0.004490655187201425,0.5371226754807403,0.5492880124138697,0.5457042848689738,0.008245981206015452,5,0.5555674473938905,0.005585926171861795,0.5466925962153957,0.5619358261536511,0.5564247165561306,0.010054451890701656
bogazici,knn,100,8,5,0.6300960663938153,0.004036914815653542,0.625419224647567,0.6353100841291496,0.6297606866757617,0.006406824341497216,5,0.6231008105961653,0.002562932930185512,0.6199953381581794,0.6266076673656134,0.6226334536692286,0.004113191455702601,5,0.6120648354796797,0.003253852931103402,0.6082182156049117,0.6163749228124222,0.6116676475423997,0.0053161899564991896,5,0.6379608670938635,0.0037065651399554463,0.6336432073696803,0.6427716289714243,0.6376285202050169,0.0058100195970328975,5,0.6129756901410468,0.0026596058924852947,0.6097979956002748,0.6165757354516467,0.6125448329086692,0.004338843995384735,5,0.6231008105961653,0.002562932930185512,0.6199953381581794,0.6266076673656134,0.6226334536692286,0.004113191455702601
bogazici,knn,100,9,5,0.6854241931964212,0.004691995801302169,0.6796789758262008,0.6927357369735471,0.6848556118614068,0.006845389829940813,5,0.5488073479936877,0.005570806541048744,0.5407797136652843,0.5541350588744073,0.5491505671085215,0.01015075064394513,5,0.5432011568246451,0.006983535205800035,0.5331947846679709,0.5504262956865663,0.5439488908863659,0.012856259818412801,5,0.647986059443958,0.005067832888403168,0.6407016968362115,0.6535176015266112,0.6481676198221475,0.007820898018626999,5,0.5806162736813165,0.00912547009411901,0.568185148914684,0.5930638174681473,0.5802119274185743,0.015716869312429427,5,0.5488073479936877,0.005570806541048744,0.5407797136652843,0.5541350588744073,0.5491505671085215,0.01015075064394513
bogazici,knn,150,1,5,0.7309791794023518,0.0015812814509382255,0.7288287964328095,0.7328922291344528,0.7309504117372074,0.002163237333560007,5,0.7423780417184124,0.0017167445727563498,0.7402618405584276,0.7441829184340982,0.7422542124090215,0.0023124937380724947,5,0.7309542140562775,0.0015774828554088148,0.7288039836293863,0.7328814078227798,0.7309321659753072,0.00215811445515158,5,0.7306677661134842,0.0015709896660266935,0.7284979279600938,0.732680816164026,0.730670749622493,0.002150073862410805,5,0.7435237538605118,0.001986776515700851,0.7414568172341754,0.7462063462707866,0.7432799257522476,0.002672109001743579,5,0.7423780417184124,0.0017167445727563498,0.7402618405584276,0.7441829184340982,0.7422542124090215,0.0023124937380724947
bogazici,knn,150,10,5,0.5389797380936868,0.004171026794905376,0.5345299368037005,0.5440745325428367,0.5368102156492279,0.007738745077241397,5,0.5446270380243698,0.004000677275886779,0.5398121365239564,0.5494178363242095,0.5431342066752134,0.007345719173985932,5,0.5322808680321269,0.004984142832916786,0.5277918751026062,0.5383513776870976,0.5294511827091599,0.009363745969949005,5,0.5300472432581005,0.005154733370910867,0.5251866176248133,0.5362918456588474,0.5270933784590209,0.009725045147345155,5,0.5483130343985583,0.0041238360498473785,0.5426412683334736,0.5529974023410336,0.5478241916941708,0.007520952067774192,5,0.5446270380243698,0.004000677275886779,0.5398121365239564,0.5494178363242095,0.5431342066752134,0.007345719173985932
bogazici,knn,150,11,5,0.5421834524801141,0.00956000194786507,0.5283526622669314,0.5532956823403418,0.5410301238455272,0.017632411878552686,5,0.6214438504685342,0.0058343499934559295,0.6140429606474035,0.6286443601503583,0.6217289927565658,0.009388378353180505,5,0.5407542910850569,0.009018525563528357,0.5277415374658883,0.5512529120877037,0.5398127675986075,0.016677677296711095,5,0.5509016437430395,0.011052469356589602,0.5346049510393344,0.5634848684899139,0.5493750478389167,0.020062509310182552,5,0.6112745114339444,0.003840106181284856,0.6072552104146924,0.6160485594151972,0.6120188193498355,0.006282130384066939,5,0.6214438504685342,0.0058343499934559295,0.6140429606474035,0.6286443601503583,0.6217289927565658,0.009388378353180505
bogazici,knn,150,12,5,0.7308536003814974,0.0053387184975899555,0.7234327427460475,0.738133230622501,0.7299988995267965,0.007304771427277918,5,0.6630287035429634,0.007077567569827717,0.6534271926053568,0.670055353536662,0.6613377950909659,0.010674602067765684,5,0.6678488180080664,0.007006039007237638,0.6581439862623768,0.6756028529317064,0.6662515817699625,0.010490456549932858,5,0.7261271141264538,0.005565291689864689,0.7183333858897034,0.732983209124124,0.724932120958358,0.0076643490947998156,5,0.6748903934535593,0.006938392972065878,0.6651936210279397,0.6839458386818796,0.673456909915094,0.010280770091511644,5,0.6630287035429634,0.007077567569827717,0.6534271926053568,0.670055353536662,0.6613377950909659,0.010674602067765684
bogazici,knn,150,13,5,0.5543479487613566,0.009671938010558163,0.5377236047627109,0.5629855350525742,0.5567688053721573,0.017447413726648195,5,0.6216159389994532,0.004559651944128374,0.6138858229780955,0.6251000142447687,0.62255885901436,0.007335159313108258,5,0.5521819362359905,0.008863177470165563,0.5368896476456568,0.5599575565614716,0.554302742407496,0.01605119053799984,5,0.5640276944482684,0.011363159561914554,0.5445242736822343,0.5741382458532496,0.5671821452167386,0.02014645676757059,5,0.610320769742054,0.0025925869959659044,0.6065170091950094,0.6134630323314082,0.61023578924099,0.004247908844822102,5,0.6216159389994532,0.004559651944128374,0.6138858229780955,0.6251000142447687,0.62255885901436,0.007335159313108258
bogazici,knn,150,14,5,0.5889155887315303,0.00278738367239272,0.5862774170458612,0.5933125415409786,0.5889564906181297,0.004733078433866026,5,0.5939110427806311,0.001962789272021885,0.5908565344659044,0.5957832229215936,0.594695713722263,0.003304853977512028,5,0.5745791628918522,0.0022856295546578365,0.5718183856219079,0.5777941330340978,0.5749427753383883,0.00397791932299508,5,0.6006715606464816,0.002661057062998002,0.5981143359880013,0.6048456101918334,0.6007359980949232,0.004430136596002647,5,0.5835192304515804,0.001771661454938237,0.5807985864194907,0.5852920481184262,0.5841897925883426,0.0030361663549068703,5,0.5939110427806311,0.001962789272021885,0.5908565344659044,0.5957832229215936,0.594695713722263,0.003304853977512028
bogazici,knn,150,15,5,0.7713570697304061,0.008232348325634235,0.7596405414628598,0.7793197588442725,0.7697645319076328,0.01067255185527954,5,0.7492089666690495,0.009293246025722547,0.7368750311387804,0.758891990130902,0.747192256787171,0.012404077419201102,5,0.7543649393519263,0.009251478740106206,0.741747034514189,0.7637470640400006,0.7524490770612121,0.012263929906464285,5,0.7679514110866809,0.008583697491102672,0.7560448280959056,0.77650466824607,0.7662195183562794,0.011177396599814055,5,0.7644999489086898,0.008751634760394852,0.7515319691932758,0.7728056034274975,0.7629516528006766,0.01144752824756582,5,0.7492089666690495,0.009293246025722547,0.7368750311387804,0.758891990130902,0.747192256787171,0.012404077419201102
bogazici,knn,150,16,5,0.7640164949853208,0.00374681916816407,0.7613487874828178,0.7703259965720298,0.7621463845096476,0.004904107689764026,5,0.7648939180657538,0.0037667764456241534,0.762238614721801,0.7712584159208075,0.762984892117019,0.004924573665260002,5,0.7625836323866522,0.003702589320574613,0.7598559878827938,0.7687366917280023,0.7608425169575319,0.0048553223060750035,5,0.7623945124742173,0.0037014989695050154,0.7596615962000528,0.7685398586818126,0.7606612161372538,0.004855096552954521,5,0.7723472107165859,0.004315043670900344,0.7696845647343648,0.7799066459456784,0.7704348836345383,0.005586922061771719,5,0.7648939180657538,0.0037667764456241534,0.762238614721801,0.7712584159208075,0.762984892117019,0.004924573665260002
bogazici,knn,150,17,5,0.5385744168855476,0.009711227133115554,0.5214293578270238,0.5450134474135355,0.5418363976659694,0.018031356166661898,5,0.6558227066011686,0.006755196036426257,0.643860995530543,0.6604462761014592,0.6581379545735426,0.010300338747701145,5,0.5355987887365729,0.009107165893631619,0.5195056743265611,0.5416463217387713,0.5387230310735587,0.017003708905157473,5,0.5536335863821735,0.010938922935308104,0.5343409416896866,0.5608159839205422,0.5572148849128511,0.019758416404594643,5,0.6330803094471985,0.003987641479550756,0.6260747475311715,0.6358556893643477,0.6347987394564243,0.006298792459731906,5,0.6558227066011686,0.006755196036426257,0.643860995530543,0.6604462761014592,0.6581379545735426,0.010300338747701145
bogazici,knn,150,18,5,0.544512572135202,0.00547108723931271,0.5385408079142622,0.5502885408079142,0.5432811211871393,0.010047678454620224,5,0.6083121355945977,0.004819174183930944,0.6008992169505101,0.6141491133228834,0.6089713002595615,0.007922206219378508,5,0.5389406344796073,0.006398254103811859,0.5332311208297931,0.5465559959964279,0.5365439323535468,0.011871908879147542,5,0.5265330515728025,0.007740331418687135,0.5190624387850695,0.5366335646742438,0.522778761493117,0.014700561333359901,5,0.6299657756590236,0.007333364691977184,0.6197351271926722,0.6363555899756153,0.6334132289759177,0.011640893799834698,5,0.6083121355945977,0.004819174183930944,0.6008992169505101,0.6141491133228834,0.6089713002595615,0.007922206219378508
bogazici,knn,150,19,5,0.5723276207203833,0.01715796395452535,0.5515684932391419,0.5867611163487492,0.5824992574033656,0.029979269448727256,5,0.6880248003358855,0.008200033639004609,0.6775353229863714,0.694574934448595,0.6929136280690931,0.011918223928848858,5,0.5546140693459363,0.014161804688592327,0.537349427860258,0.566437392087259,0.5630342464565964,0.02553452115863835,5,0.6058761455628792,0.01780782071987091,0.5843552519331461,0.6208396782415955,0.6164833739607277,0.029391849885964483,5,0.6292466831730634,0.0036285273187710945,0.6244262845310646,0.6321026263299985,0.631374572775885,0.005766462368102989,5,0.6880248003358855,0.008200033639004609,0.6775353229863714,0.694574934448595,0.6929136280690931,0.011918223928848858
bogazici,knn,150,2,5,0.7918332931823657,0.0066163629414684975,0.7839074921705613,0.8011322572874007,0.7906528547337991,0.008355752401970165,5,0.795674393001973,0.0062996056527091435,0.7885414111093472,0.8047324920472281,0.7952392635001269,0.007917316063096582,5,0.7909465151266739,0.006549626198073354,0.783188751624579,0.8002068947050432,0.7899270088720896,0.00828074474419348,5,0.7925934377821999,0.006588957933014785,0.7847044220646421,0.8018578070643639,0.7914262970454569,0.008313162359067363,5,0.7913738479872118,0.006223322897002729,0.784298895103779,0.8003049849423118,0.7908911761061533,0.007863948136309017,5,0.795674393001973,0.0062996056527091435,0.7885414111093472,0.8047324920472281,0.7952392635001269,0.007917316063096582
bogazici,knn,150,3,5,0.5111317779305325,0.010957014786335895,0.4935020824066961,0.5199142776272694,0.5160325098055073,0.02143677082786477,5,0.6306448912262093,0.007493529473016008,0.6185851377923784,0.6378233504592736,0.6336491935682641,0.011882328037964103,5,0.5100487479347655,0.010525350740387773,0.49308569401761143,0.5185659357175103,0.5147423436363845,0.02063597015580548,5,0.5207066327281262,0.01288353007714171,0.4999639743398974,0.5306282799141834,0.5265883596399841,0.02474239671125626,5,0.6185769928168533,0.004598498862627504,0.6112722212915317,0.6236378378394728,0.6200970259671497,0.007433995955276364,5,0.6306448912262093,0.007493529473016008,0.6185851377923784,0.6378233504592736,0.6336491935682641,0.011882328037964103
bogazici,knn,150,4,5,0.665817963574248,0.0033030917761359287,0.6617922023960666,0.6684287066318876,0.6678169940675422,0.004960953228723736,5,0.6686524214981426,0.003786410486772845,0.6645720209863404,0.6725987956537272,0.6685050811466307,0.00566274848491424,5,0.6576106067593391,0.003428111326114296,0.6535812991186468,0.6607387198904172,0.6587102459162224,0.005212980585893829,5,0.6707775499666899,0.0032504927853487225,0.6668342226933412,0.6734178507562955,0.6725637248745999,0.004845858042670239,5,0.6588419751051088,0.003500835235047717,0.6549568903890133,0.6623789873474834,0.6590729727383393,0.005313618997164243,5,0.6686524214981426,0.003786410486772845,0.6645720209863404,0.6725987956537272,0.6685050811466307,0.00566274848491424
bogazici,knn,150,5,5,0.366180933626781,0.003415977521534294,0.3626665122205491,0.37096026873624466,0.3652959573728715,0.00932866025464867,5,0.5951708322170545,0.0020539738716627244,0.5923592403128515,0.5977055171561705,0.5950169302558084,0.0034510660813325193,5,0.3661684541614808,0.0033983898499546747,0.3626664813495646,0.3709171171792959,0.3652938313721319,0.00928094654613797,5,0.36738626723812584,0.004787600920798079,0.3627538527348315,0.3741624763728102,0.36601739823144747,0.013031518452743193,5,0.5939907908620516,0.0009650658434011553,0.5922765903956106,0.5945595869335144,0.5943162555100386,0.0016247151609885516,5,0.5951708322170545,0.0020539738716627244,0.5923592403128515,0.5977055171561705,0.5950169302558084,0.0034510660813325193
bogazici,knn,150,6,5,0.8347026174862056,0.0033257833298311053,0.8317690176097255,0.8403016488294043,0.8341825332975775,0.0039843930762395955,5,0.7203212876954075,0.0030202565912988404,0.7184487681512668,0.7256068114998602,0.7189671056576066,0.004192929797982002,5,0.7500009649637157,0.004100222931906479,0.746947285875512,0.7571066698441504,0.7489162668270273,0.005466956875321945,5,0.8185216163191044,0.0032179351613398676,0.8159345164929448,0.8240436317194964,0.8179652769660514,0.003931399119073895,5,0.8302783497207378,0.008430369631917966,0.8220078084500853,0.843921864339619,0.8286507790992509,0.01015366670075584,5,0.7203212876954075,0.0030202565912988404,0.7184487681512668,0.7256068114998602,0.7189671056576066,0.004192929797982002
bogazici,knn,150,7,5,0.6366935099265557,0.01246792915036577,0.6191527340609628,0.6523048413249942,0.6349589175489515,0.019582309158144205,5,0.5532160104433304,0.0038685753027330474,0.5473071737170951,0.5573283256124836,0.5534850837838224,0.006992883845919227,5,0.5402450589022371,0.005749367379905426,0.5339112634098495,0.5467044039049552,0.5399796976965222,0.010642147087079298,5,0.6573183831987517,0.009049285320102357,0.644813445060221,0.6684361712013376,0.6562806088499765,0.01376697434820737,5,0.5423195710231231,0.003885717574834528,0.5375484032649402,0.5462815532889637,0.5421631865315399,0.007164996032696837,5,0.5532160104433304,0.0038685753027330474,0.5473071737170951,0.5573283256124836,0.5534850837838224,0.006992883845919227
bogazici,knn,150,8,5,0.6422179091497238,0.0026841601687078273,0.6396958223296955,0.6465472440527326,0.6418382173576421,0.00417951622099977,5,0.6389294756998999,0.0017890647693317146,0.6370977374021312,0.6419091239487917,0.6386590442941915,0.002800097408828927,5,0.6259824257668692,0.0022122210707592955,0.6238040167129966,0.6296477618903699,0.6254665694125087,0.0035339986870225317,5,0.6500908116381352,0.0024866277839417136,0.6477290607744647,0.654127300745786,0.6496964090512886,0.003825046807961752,5,0.6270981747236577,0.0018113793255477417,0.6252652413916163,0.6301277315134508,0.6266234477926337,0.0028885099631265217,5,0.6389294756998999,0.0017890647693317146,0.6370977374021312,0.6419091239487917,0.6386590442941915,0.002800097408828927
bogazici,knn,150,9,5,0.6675939130277813,0.003748008993550159,0.6619492030254346,0.6705688033648032,0.6695759698178602,0.005614204863779501,5,0.5457378790749914,0.003031388246937814,0.5420929915219797,0.5489347077044846,0.5451815877959383,0.005554659779299032,5,0.5439806392240463,0.003823219577602788,0.5384604958739733,0.5476137746524754,0.5437230077505992,0.007028227296942713,5,0.6418628614108481,0.0026428177473743326,0.6389159051495755,0.6448564058679419,0.6409376893522793,0.00411741807520267,5,0.5628415207052418,0.004048061374926161,0.5577632897973764,0.5673953517962494,0.5614251888128216,0.007192186834144592,5,0.5457378790749914,0.003031388246937814,0.5420929915219797,0.5489347077044846,0.5451815877959383,0.005554659779299032
bogazici,knn,200,1,5,0.7395271236533512,0.006186729295899701,0.7290018114214892,0.7442082181332825,0.7403946992086948,0.00836579091965759,5,0.7520145837627532,0.006178066802693762,0.7415378849334586,0.7567944177921522,0.752724973261701,0.008215355042426715,5,0.7394305927491439,0.006197214989078037,0.7288852369329479,0.744142581181059,0.7403215864764334,0.008381063821064376,5,0.7388489659506666,0.006238411295052358,0.7282286679744968,0.7436639784044295,0.7398127052433642,0.008443418861695882,5,0.7546984367531449,0.006144479770528568,0.7443638597319586,0.7599852563704026,0.7555794004375056,0.00814163574654173,5,0.7520145837627532,0.006178066802693762,0.7415378849334586,0.7567944177921522,0.752724973261701,0.008215355042426715
bogazici,knn,200,10,5,0.5465572354211663,0.003963668391870401,0.5430669546436285,0.5529589632829374,0.5453131749460043,0.00725206462378286,5,0.5525657776999876,0.004251534096893828,0.5489863466585275,0.5594795520135839,0.5512706887349297,0.007694168311672342,5,0.538928571945381,0.0031917488515545147,0.5356488461308813,0.5438862423538793,0.5378286101628502,0.005922396803036804,5,0.5365647518191252,0.0030887329992972524,0.5333062855479085,0.5413186484370495,0.5354811091921665,0.0057564962827421386,5,0.557607092217949,0.005254278263136502,0.5534910545723708,0.5662536900628341,0.5560476478460414,0.009422904293123284,5,0.5525657776999876,0.004251534096893828,0.5489863466585275,0.5594795520135839,0.5512706887349297,0.007694168311672342
bogazici,knn,200,11,5,0.5601484698147766,0.007488151593721125,0.5504057447144018,0.5685277956356667,0.5605705898763964,0.013368155046816821,5,0.6284069875534899,0.004746980545506723,0.6230751292151413,0.6353654609423657,0.6280804978821956,0.007553990709090676,5,0.5568727614789076,0.006861174724439749,0.5480228580078242,0.5648452009342022,0.5571893266086498,0.012320902006803624,5,0.572216093021129,0.008263239297431517,0.5613046847644163,0.581046383979345,0.5728494944221373,0.01444076704275145,5,0.6135762200898232,0.003345980054650187,0.6103467366628034,0.6189908356666288,0.6130809775339743,0.005453242718826945,5,0.6284069875534899,0.004746980545506723,0.6230751292151413,0.6353654609423657,0.6280804978821956,0.007553990709090676
bogazici,knn,200,12,5,0.7226731878239288,0.004938683680170892,0.7145168747110495,0.7270847020463781,0.7230819767866268,0.006833910214715406,5,0.6562791431865962,0.008033865585795911,0.6445850431557251,0.6672492403617746,0.6562264161900629,0.01224153726231048,5,0.6599988551156228,0.0075140197418727,0.6485360624698038,0.6695202863237237,0.6601446032751961,0.011384898145855641,5,0.7188104872741464,0.005591053560809468,0.7098943456755313,0.7250945143992504,0.7190731022136361,0.0077782025440554,5,0.6651641179538588,0.006724696058226997,0.6542742655921732,0.6722012570426987,0.6655516191180286,0.010109829855093712,5,0.6562791431865962,0.008033865585795911,0.6445850431557251,0.6672492403617746,0.6562264161900629,0.01224153726231048
bogazici,knn,200,13,5,0.5674122522342604,0.011492569160351823,0.5472689600079884,0.5757526586449648,0.5706974886414699,0.020254354951093,5,0.6284213893923735,0.007036763636710254,0.61629745001801,0.634212220207971,0.6303282309835303,0.011197524074592952,5,0.564068160831626,0.0105754453136674,0.5455488098261045,0.5718313841764595,0.5668999355674487,0.01874852375655389,5,0.5787278392860258,0.012710776006085714,0.5564050548774424,0.5877415193227049,0.5826469738274666,0.021963304930633625,5,0.6143483104912024,0.004789258582769881,0.6062377456107355,0.6185740557795106,0.6157748073457698,0.007795673075003051,5,0.6284213893923735,0.007036763636710254,0.61629745001801,0.634212220207971,0.6303282309835303,0.011197524074592952
bogazici,knn,200,14,5,0.5758018797553335,0.005549748207112435,0.5699347646237098,0.5818154693285232,0.5739899366633665,0.009638294702112823,5,0.5908146075608974,0.0036259477019394202,0.5871261684296569,0.5956990413039288,0.5890278031693756,0.006137200494938136,5,0.565661578730394,0.004682593198026101,0.5612374715763998,0.5711515870273005,0.5639135451645739,0.008278082468560096,5,0.5878289260628635,0.005518954212887529,0.5818953229074396,0.593766134709527,0.5860810670405311,0.00938870812270528,5,0.5807427859790314,0.0031689917548687377,0.5774711671021524,0.5850278444715931,0.5791449731664791,0.005456790564391374,5,0.5908146075608974,0.0036259477019394202,0.5871261684296569,0.5956990413039288,0.5890278031693756,0.006137200494938136
bogazici,knn,200,15,5,0.7836303231652069,0.006951792429523564,0.773180308064029,0.7925098157656297,0.7834491090305044,0.008871265217818747,5,0.7669101899431963,0.00837827598281373,0.7536909026402829,0.7769321446147155,0.7683292895536964,0.010924715948075087,5,0.7703590251075153,0.007983872310557787,0.7579711579557401,0.7801852810163059,0.7708841539076124,0.010363833031544631,5,0.7818761214778606,0.007333754413734978,0.7706332335278215,0.7910478492711309,0.7819464067946262,0.009379688434368741,5,0.7756415819673894,0.007052258131034425,0.7653704797401374,0.7848554268210852,0.7753917263365475,0.009092160986452795,5,0.7669101899431963,0.00837827598281373,0.7536909026402829,0.7769321446147155,0.7683292895536964,0.010924715948075087
bogazici,knn,200,16,5,0.7735613817936311,0.0023291851684722224,0.7712388882637561,0.7766400360076516,0.7727016991110611,0.0030109894615881912,5,0.7743157849194724,0.0023536821483774797,0.7719518759339845,0.7773777479543514,0.7734396856388589,0.0030396928413673743,5,0.7726371096064611,0.0022736317590852304,0.7704198848018495,0.7757774800352215,0.7718220149495514,0.0029426903404151704,5,0.7724850712366509,0.0022702365832995854,0.7702757722861334,0.7756313212401835,0.7716731158906804,0.002938874378070794,5,0.7796178220895829,0.002852974611434621,0.7765937640286379,0.7828454205733102,0.7784612428552049,0.003659452786479267,5,0.7743157849194724,0.0023536821483774797,0.7719518759339845,0.7773777479543514,0.7734396856388589,0.0030396928413673743
bogazici,knn,200,17,5,0.562890881944517,0.006464460048589812,0.5544755003810936,0.5716299320296104,0.5611785710556815,0.011484392900908635,5,0.673900414910889,0.003326285566340042,0.6690502202512106,0.6780705340330888,0.6739302011442517,0.004935871076411019,5,0.5583761057040746,0.0057944785995430485,0.5507343634217032,0.5661552908311411,0.5569781433358769,0.010377375644032264,5,0.5800917215287973,0.0072572847377407575,0.5707246193874342,0.5899187650025062,0.5780122603144952,0.012510581462211897,5,0.6443636472264491,0.0014131404353808833,0.6420831024660059,0.6458140794356071,0.6448020465168157,0.0021930790811423018,5,0.673900414910889,0.003326285566340042,0.6690502202512106,0.6780705340330888,0.6739302011442517,0.004935871076411019
bogazici,knn,200,18,5,0.5562335756458824,0.012691233610509584,0.5453738780246408,0.5759530391454216,0.5491621446367018,0.022816374570292505,5,0.6159104170008625,0.00950018946632195,0.6079207312856304,0.6316132938146303,0.6131930752175128,0.015424628653924273,5,0.5521577838248501,0.014186918934934945,0.5394757160511585,0.5736704375017672,0.5448355331311914,0.025693595835344005,5,0.5418778080620379,0.016390223010267213,0.5267313461657543,0.5660422468409535,0.5344654483327375,0.030247082951938765,5,0.6340199750234895,0.007939720717595546,0.6245996541416843,0.6460586336178016,0.6322726288578109,0.01252282424903315,5,0.6159104170008625,0.00950018946632195,0.6079207312856304,0.6316132938146303,0.6131930752175128,0.015424628653924273
bogazici,knn,200,19,5,0.5789631047060934,0.011330303724167674,0.5694381561749857,0.5976883846883249,0.577365646970383,0.019569992685318737,5,0.686959776348293,0.00486867589074854,0.6821679813230483,0.6947838668540259,0.6856857008625392,0.007087279427958953,5,0.5589258090803645,0.009084633015030366,0.5511081256025688,0.5738911759439866,0.5575337889017903,0.016253736842064746,5,0.6134307307189524,0.011483847789636868,0.6037890441595657,0.6323734357937495,0.611936761535986,0.018720692026918152,5,0.6270080840286426,0.0022852079199484963,0.6246118894963535,0.6306124153309836,0.6261799246163251,0.0036446227379806875,5,0.686959776348293,0.00486867589074854,0.6821679813230483,0.6947838668540259,0.6856857008625392,0.007087279427958953
bogazici,knn,200,2,5,0.7675598086124402,0.004283417683435117,0.7620414673046252,0.7720893141945774,0.7685805422647528,0.0055805653649042474,5,0.7731875318547498,0.0033488732577256065,0.7691566307855866,0.7771424152033789,0.7741686168450808,0.004331256156824219,5,0.7670341605343127,0.0041158477966721264,0.7617639436817139,0.771467718526854,0.7680601231504921,0.005365925024519175,5,0.7683523678495254,0.004328476267911806,0.7627469479161383,0.7729086038972953,0.7693883308562484,0.00563345211003436,5,0.769460116277253,0.003049317087761653,0.765959595959596,0.7731670921063626,0.7703465590442846,0.0039629306617146596,5,0.7731875318547498,0.0033488732577256065,0.7691566307855866,0.7771424152033789,0.7741686168450808,0.004331256156824219
bogazici,knn,200,3,5,0.5245808498777926,0.012103988871475471,0.5112237897174221,0.5427082886668668,0.5224904592427426,0.02307363845686559,5,0.6394248221905305,0.006740138703519165,0.6321104714213892,0.6491344860872286,0.6366359413397635,0.010540940028616521,5,0.5227564735377884,0.01126212603070007,0.5102549708549169,0.5395316730518009,0.5207160108448106,0.021543733269303963,5,0.5364211420829276,0.014220016732114938,0.5205778304050803,0.5576565856887178,0.5345364503754275,0.02650905345918787,5,0.6234988468469062,0.003278320078517011,0.6202614277978675,0.6277423318932609,0.6224186351762054,0.005257940884888227,5,0.6394248221905305,0.006740138703519165,0.6321104714213892,0.6491344860872286,0.6366359413397635,0.010540940028616521
bogazici,knn,200,4,5,0.657495671891039,0.008733766348474191,0.6462287999264604,0.670757304162645,0.6567847895696404,0.01328338226676808,5,0.6617859926081071,0.008218709642017966,0.6545072173698258,0.6759176130259998,0.6596674231847854,0.012418983982462254,5,0.6499180292744722,0.008431403326794979,0.6402391163151706,0.6634946036211911,0.6486612260743231,0.012973025746350305,5,0.6626716237454181,0.00855885800629979,0.6517569180350518,0.6757606830109967,0.6619167536115185,0.012915685083850654,5,0.6521972761794886,0.00775523582170816,0.645009591157149,0.6654330892620606,0.6503091054347343,0.011890935618648417,5,0.6617859926081071,0.008218709642017966,0.6545072173698258,0.6759176130259998,0.6596674231847854,0.012418983982462254
bogazici,knn,200,5,5,0.3667136078371345,0.002804869451239177,0.3619164243073626,0.3690188274911985,0.36721261288841267,0.007648664765352477,5,0.5946954678835856,0.001171211272994476,0.592729158107502,0.5957699592631188,0.5948930064880613,0.001969430298775618,5,0.36668359652663607,0.0027862693300260686,0.3619162985746368,0.36896943274508387,0.3671832517648758,0.007598565511025451,5,0.369132818339187,0.004106689774098963,0.3620931568281675,0.37245543704181555,0.3698747100824377,0.011125236148267445,5,0.5923784966552459,0.00013404431788732626,0.5922417304472617,0.5925610812347692,0.5923461443926714,0.00022628153898931574,5,0.5946954678835856,0.001171211272994476,0.592729158107502,0.5957699592631188,0.5948930064880613,0.001969430298775618
bogazici,knn,200,6,5,0.8447892517872354,0.005505169172299772,0.8387983739662069,0.8525139905759049,0.8425615423599055,0.00651661838814005,5,0.7327435313793516,0.009348192742759588,0.7249043018170669,0.7458802017738402,0.7276189292256645,0.012757796339958268,5,0.7648183501540343,0.009728096825959924,0.7575252075075003,0.7786512395341034,0.7587432704227338,0.012719486691187111,5,0.8293853715679125,0.006647541807061589,0.8236645206771604,0.8388535247195563,0.8256963811379504,0.00801502176786014,5,0.8506162656962932,0.00925569040227616,0.8351728977403166,0.8600888527344401,0.8526824005491411,0.0108811584912495,5,0.7327435313793516,0.009348192742759588,0.7249043018170669,0.7458802017738402,0.7276189292256645,0.012757796339958268
bogazici,knn,200,7,5,0.6269823917894604,0.004492507742333504,0.6236956462818578,0.634085303603856,0.6245539223215012,0.007165285343200006,5,0.543578770069425,0.004804054594517566,0.5393309599249474,0.5509894422598496,0.5434234868261087,0.008837826013521462,5,0.5309696401965388,0.004077953030497602,0.5271990568381479,0.5363779173079524,0.5301542317260026,0.007680199999736605,5,0.6490801878974668,0.0036301161036354774,0.6460921949686631,0.6541769760412162,0.6473804045256009,0.0055927082220678034,5,0.5342294107964863,0.0037078696857411994,0.5308589303477087,0.5396803415553986,0.5338830202604417,0.006940594454006399,5,0.543578770069425,0.004804054594517566,0.5393309599249474,0.5509894422598496,0.5434234868261087,0.008837826013521462
bogazici,knn,200,8,5,0.6533852884493648,0.003193818608701549,0.6494577067536962,0.6581934812272286,0.6529463896352357,0.0048881091526887955,5,0.6509344025635594,0.0022694662241167715,0.6486846214921718,0.6543803391594056,0.6512301198410257,0.003486474543639093,5,0.6374752279617738,0.002704795801044077,0.6345144550050936,0.6416384144044165,0.637411986431801,0.004242981817022496,5,0.6609854506390626,0.002974267070644999,0.6573971539224784,0.6654877223327441,0.6606502458385429,0.0044997466551939674,5,0.638127366018064,0.0022661108708791323,0.6360070406909428,0.6416266856911303,0.6382987702453022,0.003551188981315344,5,0.6509344025635594,0.0022694662241167715,0.6486846214921718,0.6543803391594056,0.6512301198410257,0.003486474543639093
bogazici,knn,200,9,5,0.6662986857825567,0.007460194615174663,0.6591278375149343,0.6745878136200717,0.6637873357228196,0.01119647205429017,5,0.5523435313042481,0.005892282182826495,0.5434740939301815,0.5600340311745962,0.5530446242105305,0.010667785262032591,5,0.5526116867784657,0.006556325250506521,0.5426574384202073,0.5610462947278915,0.5530864718208603,0.011864253701776777,5,0.6458806740153354,0.005642062065668109,0.6385262127642923,0.6533966330051084,0.6454501700147833,0.008735455777910683,5,0.5672684613763597,0.008514028144612338,0.5562841408963094,0.5782684580962523,0.5661891785731642,0.015008816326496996,5,0.5523435313042481,0.005892282182826495,0.5434740939301815,0.5600340311745962,0.5530446242105305,0.010667785262032591
bogazici,knn,250,1,5,0.7447271866493076,0.0026661913697359004,0.7425139069712392,0.7492602674872766,0.7436974789915967,0.003580091364371543,5,0.7582729629960365,0.003490787664306098,0.7556473035093927,0.7641092763603222,0.7573787435289702,0.004603602969718893,5,0.7445187951367613,0.002571508162770411,0.7423585104174463,0.7488921399913325,0.7434809021197564,0.003453919739256614,5,0.7436925848623442,0.0023979341971050107,0.7416208448488388,0.7477712571984271,0.7427416403319976,0.0032243621167056045,5,0.7626151550541593,0.0049083939344066,0.7580970095129695,0.770616485272287,0.7618725627925778,0.006436265922433729,5,0.7582729629960365,0.003490787664306098,0.7556473035093927,0.7641092763603222,0.7573787435289702,0.004603602969718893
bogazici,knn,250,10,5,0.548472647232512,0.004303321470776174,0.5443173887367799,0.5557524024265851,0.5472700918022225,0.007846009263159997,5,0.5544417528035875,0.0041404536955631415,0.5502206391630797,0.5613472918899416,0.5536579794143397,0.007467788409921408,5,0.5408715148369198,0.004935561091695264,0.53685123424803,0.5493979582116564,0.5395411615410692,0.009125200636944995,5,0.538530786167734,0.005055377971214807,0.5345182582788182,0.5472750222827087,0.537215850911586,0.00938735184888804,5,0.5595955936824989,0.004214363069108612,0.5548717881173285,0.5663481113336465,0.5593201745189085,0.007531086943296662,5,0.5544417528035875,0.0041404536955631415,0.5502206391630797,0.5613472918899416,0.5536579794143397,0.007467788409921408
bogazici,knn,250,11,5,0.5721454173067076,0.008520071202780373,0.5580103008945514,0.5797566338363302,0.5754194150778591,0.014891443582450392,5,0.6362223930394096,0.003080040532134344,0.6315721583220419,0.6400609033103912,0.6368898077271387,0.004841138202351133,5,0.56781016078432,0.007393152387331604,0.5555674146484735,0.5745797177100067,0.5706107026981309,0.013020465109534836,5,0.5851801943821775,0.00974527884219532,0.5689117365923139,0.5935855372962309,0.5890134198342702,0.016653466634297502,5,0.6190115815907251,0.0013095728574996275,0.6177521524692745,0.621208594803034,0.6185658102984932,0.002115587004259775,5,0.6362223930394096,0.003080040532134344,0.6315721583220419,0.6400609033103912,0.6368898077271387,0.004841138202351133
bogazici,knn,250,12,5,0.7289542493538684,0.007154827212779457,0.7195864758248568,0.738660580687091,0.7275969952994876,0.009815193778102485,5,0.6575344342746131,0.004592920084428711,0.651420704788634,0.663607502215011,0.656927422553587,0.0069850639677838085,5,0.6631009797174101,0.0058539003166056735,0.6553823899908029,0.6709455368154402,0.6621748050879488,0.008828067663390267,5,0.7230952041319639,0.005923696885467608,0.7153036554763074,0.7310777772469423,0.7220627579560674,0.008192139640282472,5,0.6719920572011926,0.008587030928199024,0.6609729575600654,0.6838354470068454,0.6702441806828632,0.012778470870568772,5,0.6575344342746131,0.004592920084428711,0.651420704788634,0.663607502215011,0.656927422553587,0.0069850639677838085
bogazici,knn,250,13,5,0.5706793284300034,0.004544283407469657,0.5637122552214257,0.5758619619526425,0.571532756105887,0.007962936768660327,5,0.6323625493532459,0.003283804037410109,0.6271949954260209,0.6355168951104194,0.6321502619978022,0.0051929135284318265,5,0.5674430933322789,0.0040506856525831525,0.5609355866538465,0.5715624152384331,0.5681246155333008,0.00713848789452299,5,0.5818891692143537,0.005115426152109471,0.5744759770618345,0.5882065093340839,0.5830025629900827,0.008791066104591943,5,0.617969363413211,0.003054543307915208,0.6140334931910412,0.6211799556968512,0.6174630989905312,0.004942871748599548,5,0.6323625493532459,0.003283804037410109,0.6271949954260209,0.6355168951104194,0.6321502619978022,0.0051929135284318265
bogazici,knn,250,14,5,0.5740165177818979,0.003213023709514017,0.5700657340300017,0.5772459126917242,0.5751390527557728,0.005597441205925072,5,0.5898271015134385,0.00350872386673205,0.5854205936813137,0.593403274125728,0.5891347688911209,0.005948732870580223,5,0.564246363953939,0.0032027363631237852,0.5602229384959252,0.5675183556593166,0.5646925004071641,0.005676131150727687,5,0.5860394795694337,0.0031379862528608847,0.5822017811598948,0.5891861664462709,0.5872200455654085,0.005354564602313789,5,0.5799011713993822,0.00312395104057537,0.5759800888764959,0.5831064594903903,0.5792340025608143,0.005387040403861992,5,0.5898271015134385,0.00350872386673205,0.5854205936813137,0.593403274125728,0.5891347688911209,0.005948732870580223
bogazici,knn,250,15,5,0.787673806839534,0.0026103803061724596,0.7833521232619316,0.7901164975573093,0.7882375046974821,0.003314037211223719,5,0.7736308060457011,0.004202349959865245,0.7664856595394248,0.7775355269832773,0.7746078544227472,0.00543198374085558,5,0.7758447823821053,0.0034842788063069135,0.7699399969084215,0.7790902202280992,0.7770335684162728,0.0044909482997475365,5,0.7866766678319641,0.002998267851786859,0.7816299436134265,0.789476621076472,0.7875519327372741,0.003811308984223358,5,0.7787852204938833,0.002321761456281471,0.7751048922886168,0.7809414115788718,0.7789943522919562,0.002981260295115868,5,0.7736308060457011,0.004202349959865245,0.7664856595394248,0.7775355269832773,0.7746078544227472,0.00543198374085558
bogazici,knn,250,16,5,0.7798601007274761,0.0008018071453645999,0.778847229994404,0.780917739227756,0.7798545047565753,0.001028142284259255,5,0.7804821716017305,0.0007805598460636944,0.7794909152660943,0.7815115203937263,0.7804433394191319,0.0010000995211226983,5,0.7791375222198289,0.0008635532867650891,0.7780648680478948,0.7802729985987809,0.7792186609104201,0.0011083451407971632,5,0.7790160837107387,0.0008691383675971271,0.7779380384015238,0.7801584372473515,0.7791046200954684,0.0011156873211873918,5,0.7848353615185883,0.0005863398374245289,0.7841475644450993,0.7854576654037752,0.7849620945797101,0.0007470864160478347,5,0.7804821716017305,0.0007805598460636944,0.7794909152660943,0.7815115203937263,0.7804433394191319,0.0010000995211226983
bogazici,knn,250,17,5,0.5933876141130027,0.009379052889367934,0.5792460425675587,0.6021011076915086,0.5954523614736322,0.015805946511687416,5,0.693299332405705,0.005567359393006971,0.6847236751229601,0.6979724959192786,0.6960206991737656,0.008030239079689555,5,0.5861125452105457,0.008371357429516526,0.573427174062416,0.5937976952240325,0.5882366943335311,0.014282849766522799,5,0.6127612393863018,0.009997702849542538,0.5976866928902279,0.6220768103278429,0.6147783728456339,0.016315821248020727,5,0.6551593561089545,0.002984673965862681,0.6505907149122165,0.6573906852700875,0.6568567036379442,0.004555645795228974,5,0.693299332405705,0.005567359393006971,0.6847236751229601,0.6979724959192786,0.6960206991737656,0.008030239079689555
bogazici,knn,250,18,5,0.5959954281843965,0.010602209040210711,0.5848114126063582,0.6117343267154891,0.5932777377979088,0.01778907779965464,5,0.6439995105239633,0.00617007549048287,0.6393926635265857,0.6540628834267039,0.6410699720695497,0.009580869844858803,5,0.5951478109918062,0.011292431225427547,0.5827981832565063,0.6116416120749916,0.5925894014827642,0.01897416241287833,5,0.5910456449621645,0.013416358466084676,0.5757598549322527,0.6101843411365403,0.5885224751799992,0.02269936100610896,5,0.6517715009321245,0.0033557173592911847,0.6484343739924443,0.6567216784402369,0.650554334903795,0.005148610140965106,5,0.6439995105239633,0.00617007549048287,0.6393926635265857,0.6540628834267039,0.6410699720695497,0.009580869844858803
bogazici,knn,250,19,5,0.6032577018047711,0.008031710850759198,0.5913883913905109,0.6135055796356546,0.6050169031697418,0.013313896907956023,5,0.7000805746734522,0.004566227687913597,0.693233205336533,0.7054150231470272,0.6996497469439609,0.006522431635877745,5,0.5789211071989688,0.006631389663342811,0.5690313531005042,0.5873113625188486,0.5801571209807973,0.011454738099683202,5,0.6377323208528518,0.007873211274880191,0.6260900683082631,0.6477487916642624,0.6393670063044893,0.012345636276284684,5,0.6338545189182818,0.002621456814037537,0.6299963540419273,0.6368259709613505,0.6337222705106539,0.0041357389366115755,5,0.7000805746734522,0.004566227687913597,0.693233205336533,0.7054150231470272,0.6996497469439609,0.006522431635877745
bogazici,knn,250,2,5,0.7568938193343898,0.006232071666193237,0.7496038034865293,0.7660459587955626,0.7555467511885895,0.008233746275896008,5,0.7617070039388306,0.006356131443393906,0.7531329001378774,0.7695017986811742,0.7622512509223547,0.008344588418546746,5,0.7562229049678473,0.006228082056400725,0.7486681603186458,0.765096094398013,0.7552355403776769,0.008235775477688721,5,0.75772522431368,0.006209566117919222,0.7505090686294815,0.7668892963447888,0.7562832834410829,0.008195010432104358,5,0.7581357717491379,0.006333438798732471,0.7494858764963972,0.7656314067324181,0.7590871263657772,0.008353963807986841,5,0.7617070039388306,0.006356131443393906,0.7531329001378774,0.7695017986811742,0.7622512509223547,0.008344588418546746
bogazici,knn,250,3,5,0.5386667731756999,0.014665074022598847,0.5132004633142948,0.5495999254436766,0.5437286149831583,0.027224760747987437,5,0.6463111822952785,0.008353250821965303,0.6319899351820257,0.6531035657759209,0.6486482072305315,0.012924503011536902,5,0.5356666651318166,0.01360940807263532,0.5120323131813529,0.5458235790162209,0.5403220396761956,0.02540648682942838,5,0.5530145441551755,0.01703672221627592,0.5233485887957389,0.5654529715061981,0.559078223948261,0.030807005704167213,5,0.6260347556253386,0.004084626870867044,0.6192008502568735,0.6297405352420479,0.6268037574226388,0.006524600805568629,5,0.6463111822952785,0.008353250821965303,0.6319899351820257,0.6531035657759209,0.6486482072305315,0.012924503011536902
bogazici,knn,250,4,5,0.6692232954220724,0.007625441234969979,0.6570840715551237,0.6758301423101103,0.6732582728467738,0.011394464728190149,5,0.6715747484210909,0.007710355606540813,0.6599173730842112,0.6787705453944248,0.6749923805436242,0.011481008814980435,5,0.6609102669030157,0.007632930337808687,0.6490023082356065,0.6677475994715832,0.6646834891185345,0.011549117512693701,5,0.6740374535181795,0.007480494959036714,0.6621736038602962,0.6805629761158876,0.6779440642407972,0.01109804050204008,5,0.6617915822199296,0.0073208788504152775,0.6506126770569063,0.6685416793553078,0.6651591184461875,0.011062212102876778,5,0.6715747484210909,0.007710355606540813,0.6599173730842112,0.6787705453944248,0.6749923805436242,0.011481008814980435
bogazici,knn,250,5,5,0.36424759973082865,0.003635268237539529,0.3612488034196135,0.36896378507994576,0.36218711199992415,0.009980211922400905,5,0.5910364830379793,0.0015718144570143358,0.5897367781561977,0.5933495270535619,0.5902325137905879,0.002659420360880384,5,0.36420578597580266,0.0035919837045473835,0.36124107501064034,0.3688660451588329,0.3621733552512236,0.009862511368191251,5,0.3670439645666426,0.005284787477410393,0.3626309040673652,0.37377902082793263,0.364026277001196,0.014398241048997978,5,0.5884725572381662,0.00034368616361757555,0.5879886960057283,0.5888928571602826,0.5885545730359486,0.0005840309108560166,5,0.5910364830379793,0.0015718144570143358,0.5897367781561977,0.5933495270535619,0.5902325137905879,0.002659420360880384
bogazici,knn,250,6,5,0.8419807715515507,0.0019393593329438356,0.8401786073454283,0.8451265135363449,0.841157461415718,0.002303329717815411,5,0.7269125453213157,0.005644165748793731,0.7199912510390846,0.7346732340382779,0.7267929088763201,0.007764573310946025,5,0.7590670205343042,0.005162465725003952,0.7529749568090506,0.7664719821279158,0.7585300480422681,0.006801067080177074,5,0.8255238250371862,0.0031410996686175798,0.8219880557338791,0.8301992170092584,0.8249482831085551,0.003804977607370795,5,0.8493963188846513,0.003144013683566536,0.846104676643174,0.8537782554960769,0.8493521174056727,0.0037014684590286006,5,0.7269125453213157,0.005644165748793731,0.7199912510390846,0.7346732340382779,0.7267929088763201,0.007764573310946025
bogazici,knn,250,7,5,0.6137494387067803,0.007957920173765435,0.6065110013471037,0.6266951055231252,0.6113381230354737,0.012966073240789296,5,0.5399251695148001,0.009256514837883013,0.5310210628339971,0.552142169269184,0.5379730147242779,0.017144069883241995,5,0.524513429518134,0.007721397378326389,0.5171843000916544,0.5329334328132049,0.5217388916862703,0.014721067076242397,5,0.639109867259986,0.006687806856406761,0.6327476308472819,0.6493837764750297,0.6360587875997644,0.010464252234250362,5,0.5304934817171002,0.007003470611729933,0.5239130520743304,0.5391899018756994,0.5287457743650839,0.013201803326708395,5,0.5399251695148001,0.009256514837883013,0.5310210628339971,0.552142169269184,0.5379730147242779,0.017144069883241995
bogazici,knn,250,8,5,0.6665652325988107,0.006243875289529976,0.6557187827911858,0.6717908359566281,0.6686428821266177,0.009367238169903187,5,0.6632431798550277,0.0027768084922164616,0.6587932229936968,0.6661357643152668,0.6632171049261266,0.0041867124707161245,5,0.6502647908559686,0.0046242030282491004,0.6423073920035296,0.6544279010355867,0.6514444132440254,0.007111261586471696,5,0.6735638267788685,0.005674628693413183,0.6637108670051448,0.67836509851197,0.6753539522120932,0.008424782430123238,5,0.6499931883084706,0.0032723096416094662,0.6445138536350493,0.6532432071663744,0.650433488027371,0.005034375283416831,5,0.6632431798550277,0.0027768084922164616,0.6587932229936968,0.6661357643152668,0.6632171049261266,0.0041867124707161245
bogazici,knn,250,9,5,0.6660057202981668,0.004767522210510334,0.661687339764964,0.6716015352924614,0.6640584478133938,0.0071583802739350975,5,0.5511476356679355,0.002691744279834949,0.5476548859434536,0.5550664756289438,0.5511265580682954,0.004883889734141426,5,0.5512799612091293,0.003055270345836929,0.5475930365461077,0.5555302782688873,0.5517852988052272,0.005542139313636154,5,0.6453081371764058,0.00279925541394799,0.6419080393416048,0.6492826223219869,0.6450149458683174,0.004337858540256973,5,0.5658835678690834,0.004317732713035032,0.5607032850686016,0.5717064297457258,0.565148746559024,0.007630072612452912,5,0.5511476356679355,0.002691744279834949,0.5476548859434536,0.5550664756289438,0.5511265580682954,0.004883889734141426
bogazici,mlp,100,1,5,0.8342777228558338,0.004362952835497053,0.8296723169290864,0.8388831287825814,0.8338195934704506,0.005229616848166743,5,0.8411437130968645,0.0035129656874879843,0.8378511668002144,0.8449875714688305,0.8399774013626121,0.0041764155551424036,5,0.8339809643172685,0.0042655268727297396,0.8295167013481275,0.8384748834028257,0.8334434061304751,0.005114657354585638,5,0.8347976224470874,0.004399623099777052,0.8301268684265398,0.8394368544103747,0.8343811069936412,0.0052702870509863204,5,0.8368531945482124,0.003109511400544167,0.8342064887255549,0.8403800517208189,0.8353902131584772,0.0037157191019900246,5,0.8411437130968645,0.0035129656874879843,0.8378511668002144,0.8449875714688305,0.8399774013626121,0.0041764155551424036
bogazici,mlp,100,10,5,0.6307870218847504,0.029332014373554163,0.5832733302786324,0.6621718923872488,0.635421439636927,0.04650066243581236,5,0.6383938026049691,0.03021999799253876,0.5896051317937575,0.6704872387298663,0.6421112615589714,0.04733754912598761,5,0.6206726928936381,0.027621317725416546,0.5758179613614227,0.6510784629263252,0.6282075811276767,0.0445022280529907,5,0.6181999825790262,0.02751375240615161,0.5735418406666525,0.6485603141683696,0.6251972915888298,0.0445062329043894,5,0.6612466995791141,0.040614075106336946,0.5986751206639022,0.7020703869901748,0.6579589121880446,0.061420457950395746,5,0.6383938026049691,0.03021999799253876,0.5896051317937575,0.6704872387298663,0.6421112615589714,0.04733754912598761
bogazici,mlp,100,11,5,0.5390070137942047,0.02530580559764197,0.5118718600680497,0.5670793873063836,0.5298055545319429,0.046948935635379024,5,0.6483512479507747,0.015640184492376884,0.6290921647388996,0.664662811058526,0.6458950292378549,0.024123011318032267,5,0.538606263536278,0.025463670159186158,0.5112072300222444,0.566782976096124,0.5294550262459695,0.04727696627960035,5,0.5365723112806277,0.031177282903194013,0.5039372577324011,0.5713536522695426,0.5242748744338607,0.05810453176158819,5,0.6514767900570644,0.007456161740146209,0.6399446820591487,0.6574390028844856,0.6545744089845118,0.01144501516238684,5,0.6483512479507747,0.015640184492376884,0.6290921647388996,0.664662811058526,0.6458950292378549,0.024123011318032267
bogazici,mlp,100,12,5,0.7403000116759972,0.017654665951735586,0.7159537138889059,0.759419149864497,0.7427654906684201,0.023847988211922924,5,0.7342343549916274,0.006119221702651069,0.7249319490631494,0.7398068560307695,0.7355254487435101,0.008334153340891885,5,0.7124473085728592,0.013131125387924386,0.6936418430923801,0.7262386094430799,0.712958533560483,0.018431012693735958,5,0.7483454329330611,0.015284048759160241,0.7269605308975804,0.7646476093070937,0.750235135264999,0.020423788382399853,5,0.7070862762253777,0.010806183150598251,0.6919906698610618,0.719174951900053,0.7061259389820675,0.015282693942646785,5,0.7342343549916274,0.006119221702651069,0.7249319490631494,0.7398068560307695,0.7355254487435101,0.008334153340891885
bogazici,mlp,100,13,5,0.6330166210920272,0.02332325101800373,0.6089443905389569,0.6613657270310117,0.6391244628703202,0.03684461077462455,5,0.6933739327161198,0.01925721507788641,0.6663356174689022,0.7132123470674245,0.7024777573330727,0.027773203129300036,5,0.6280724682200101,0.021977893558622313,0.6040285886771057,0.654204607427421,0.6346933794575309,0.03499260781309011,5,0.6444682134267232,0.02384078737504244,0.6188508887085621,0.6735502905176468,0.6503344955179386,0.03699296082932904,5,0.6686738103585372,0.015249001874028398,0.6451934608356541,0.6828516614762568,0.6766145780187136,0.022804843913136082,5,0.6933739327161198,0.01925721507788641,0.6663356174689022,0.7132123470674245,0.7024777573330727,0.027773203129300036
bogazici,mlp,100,14,5,0.6596496038165218,0.01992373518616875,0.6344487703232529,0.6800441422422066,0.6700641570476791,0.03020351269961565,5,0.7171044493227664,0.016774193204649724,0.6906018093876609,0.7337443224776885,0.7239818356450272,0.02339156202487835,5,0.6579795266669164,0.019277843186516923,0.6330074126119289,0.6777472343491145,0.6681190299830276,0.029298545631307748,5,0.6656199488208313,0.02087122061213449,0.6406917110129754,0.6868371489663816,0.6766079970919335,0.031356062343246435,5,0.7010959145212582,0.014008926006870287,0.6770414039674112,0.7134818575286821,0.704633524500623,0.019981468607524623,5,0.7171044493227664,0.016774193204649724,0.6906018093876609,0.7337443224776885,0.7239818356450272,0.02339156202487835
bogazici,mlp,100,15,5,0.8010228226852911,0.0036484646624242423,0.7958171131974658,0.8049003892832608,0.8013128768796275,0.004554757441483867,5,0.7632652548828084,0.004645872601677795,0.7578387134223996,0.7681764939173423,0.7624754251023586,0.006086838843975836,5,0.7750075559938248,0.004729086284871551,0.7691600438918462,0.7798280976068531,0.7744939246597944,0.0061019873268296655,5,0.7912107246579471,0.004205289687247431,0.7857758047460903,0.7955656251802599,0.7909663886726401,0.005315005922177615,5,0.8220487139525904,0.00415637784197994,0.8152714714440557,0.8257044219514753,0.8230807180183046,0.005056121092867069,5,0.7632652548828084,0.004645872601677795,0.7578387134223996,0.7681764939173423,0.7624754251023586,0.006086838843975836
bogazici,mlp,100,16,5,0.7902501705708438,0.014497889813072158,0.7682169661132591,0.8080168296565841,0.789686149647487,0.018345949615676118,5,0.7914323565852845,0.014554751127428668,0.7692097375670477,0.8093792486590143,0.7908831055824908,0.018390391808374658,5,0.787591662796449,0.014512666044559745,0.7664369898021561,0.805098410132826,0.7872653233025859,0.018426637469765226,5,0.7873586920094306,0.014529749159343703,0.7662246075824128,0.8048499878408678,0.7870289437127843,0.018453786446761766,5,0.8087049296790765,0.02132928624032144,0.7787210469377347,0.8308871483374041,0.8061825060669746,0.02637462127105578,5,0.7914323565852845,0.014554751127428668,0.7692097375670477,0.8093792486590143,0.7908831055824908,0.018390391808374658
bogazici,mlp,100,17,5,0.7380521183963085,0.011561331001058318,0.7233205328782061,0.7514446604192018,0.7405511043684846,0.015664653908425315,5,0.7830670613482076,0.0021625821641026556,0.7803413314602777,0.7848812803523857,0.7844824325558447,0.002761681943790785,5,0.7139349399976126,0.008444346967968558,0.7025550201749867,0.7229638178464652,0.7162895482210038,0.011827894244812833,5,0.7543846025483867,0.010470370812081192,0.740927687232717,0.7663340750789088,0.7567978772506871,0.0138793538159597,5,0.7178235364381798,0.0024034408251573354,0.7138551171410795,0.7197458769334436,0.7190112773992585,0.003348233518620943,5,0.7830670613482076,0.0021625821641026556,0.7803413314602777,0.7848812803523857,0.7844824325558447,0.002761681943790785
bogazici,mlp,100,18,5,0.5641487577586057,0.028957934387551235,0.5210152319369283,0.592091841145248,0.5681287712443162,0.051330316674989614,5,0.6267194718567991,0.02191380068443394,0.5925226760679962,0.648185246244326,0.6324862167886541,0.034965884528063755,5,0.5593107719662964,0.032458381981853156,0.5111193286932132,0.5902953424851548,0.5634528952401969,0.05803282112329685,5,0.5484324255206225,0.0371128528476063,0.4939046179223074,0.5835807528456679,0.5522709431855752,0.06767078516988737,5,0.6479112050563054,0.016048131423055223,0.6211492647969072,0.6625759787781408,0.6523255904675627,0.02476902899319451,5,0.6267194718567991,0.02191380068443394,0.5925226760679962,0.648185246244326,0.6324862167886541,0.034965884528063755
bogazici,mlp,100,19,5,0.5439984726067222,0.014762693740666421,0.5191141118989143,0.5570299143444792,0.5476399170347742,0.027137380864190312,5,0.6863012304928331,0.00710642204288186,0.6743779313608735,0.6918605275488535,0.6884361792249554,0.010354668951677,5,0.5332945036726197,0.01267336612595805,0.5118861227033176,0.5441814636196199,0.5365293286756644,0.02376429166001308,5,0.5739553531801512,0.016399334708952294,0.5462451028653845,0.5884497094102484,0.5780391244873602,0.028572491950963518,5,0.6343276579767387,0.002337969569000702,0.630704278492213,0.6369520469759351,0.6351476516847261,0.003685744330395313,5,0.6863012304928331,0.00710642204288186,0.6743779313608735,0.6918605275488535,0.6884361792249554,0.010354668951677
bogazici,mlp,100,2,5,0.8422903225806453,0.0034136821478356074,0.8391129032258065,0.8476612903225806,0.8413709677419355,0.004052856902566114,5,0.8434276492614756,0.0032737315943219304,0.8396814431218038,0.8482183268618209,0.8423498611878197,0.0038814610799023297,5,0.8409184054426069,0.0033889823088310376,0.8375842249519281,0.8461796197110971,0.8399582947226518,0.004030096483674048,5,0.8427055183981638,0.003385502452257588,0.8394928490312009,0.848008271525763,0.8417796122118915,0.004017420532255251,5,0.8398309806093526,0.003367102974862689,0.8364859371201194,0.8450584943391444,0.8388376278371691,0.004009262640465626,5,0.8434276492614756,0.0032737315943219304,0.8396814431218038,0.8482183268618209,0.8423498611878197,0.0038814610799023297
bogazici,mlp,100,3,5,0.565408999452245,0.030107640088916712,0.5193856466492036,0.591038510974082,0.5815368595740527,0.053249311769151694,5,0.6853816354638388,0.02078830909329981,0.6521588893461907,0.7016118706351896,0.6962463037858273,0.030330998114986137,5,0.5629982354306888,0.02859888428179857,0.5190102858882173,0.587051954084604,0.5783472969823849,0.050797466993694335,5,0.5772975119445363,0.034019791573914854,0.5253676627372186,0.606248907752151,0.5956984617924928,0.058929392332429276,5,0.6617856228825635,0.011195806443539968,0.6429935877220541,0.6694460280345309,0.6672898424946965,0.016917572785540413,5,0.6853816354638388,0.02078830909329981,0.6521588893461907,0.7016118706351896,0.6962463037858273,0.030330998114986137
bogazici,mlp,100,4,5,0.7002806968705778,0.01214763004805433,0.6854648510296085,0.7180968288213051,0.6985795037155605,0.01734680122176692,5,0.7289681528198882,0.013907322848051944,0.707617414844728,0.7450395492838289,0.7314283706173181,0.01907809387043021,5,0.6989063698240114,0.012326721156359898,0.6830659460456402,0.7164129809776096,0.6978261823311235,0.017637156690192758,5,0.7038588249401292,0.011979943736953795,0.6899257780649461,0.7218494522947412,0.7015797225048099,0.017020378678881832,5,0.7179614423319883,0.013703344174013032,0.6958626056024365,0.7319521061477273,0.722028691282141,0.019086462539692418,5,0.7289681528198882,0.013907322848051944,0.707617414844728,0.7450395492838289,0.7314283706173181,0.01907809387043021
bogazici,mlp,100,5,5,0.3488667666712123,0.009396537222220018,0.33749196392043795,0.3582435565252966,0.35167442675965793,0.026934457850138923,5,0.5911649048981439,0.00538201209248553,0.5849720552719686,0.5961602609826606,0.5937186491464693,0.009104079162840081,5,0.34848352506385005,0.009704789359019845,0.33669524421779035,0.3581461953847508,0.3514025192266821,0.027848631745910252,5,0.3393375208485807,0.01384051940142378,0.32240829991085274,0.35323326167863384,0.34314920716914143,0.04078688194224093,5,0.6006721739199075,0.0015290833758068627,0.5985619199176196,0.6024990273918871,0.6012292312996832,0.0025456204602058827,5,0.5911649048981439,0.00538201209248553,0.5849720552719686,0.5961602609826606,0.5937186491464693,0.009104079162840081
bogazici,mlp,100,6,5,0.8731957527906344,0.01249157569152612,0.8579471821399401,0.8857228423631909,0.8740811325891642,0.014305584574368879,5,0.8036677199594621,0.017874321495405146,0.779193606270455,0.8252278228657064,0.8065359167384024,0.02224093496788293,5,0.8245832615982917,0.017938773816358937,0.8012184546162483,0.8440064428480085,0.8265969815490164,0.02175495750615671,5,0.8680751565002606,0.013260011395655722,0.8512362756731895,0.8820027995343895,0.8693373125821254,0.015275188209641778,5,0.8569767924325898,0.018428103847338995,0.8378195272960205,0.8796919457874515,0.8566975248046793,0.021503620646516584,5,0.8036677199594621,0.017874321495405146,0.779193606270455,0.8252278228657064,0.8065359167384024,0.02224093496788293
bogazici,mlp,100,7,5,0.6761291383468537,0.02012301841037959,0.644376233282175,0.6962288971716729,0.6840833516041803,0.02976209316992414,5,0.5875319892134505,0.04984826242701078,0.5051464088136903,0.6376285171530115,0.5923889356377385,0.08484348655422895,5,0.5743891593041107,0.04179088457610765,0.5045174582915846,0.6146846372372053,0.5826405133080369,0.07275709142341497,5,0.6899664834229242,0.023763714173684825,0.6509486842691462,0.7132852287619135,0.6983221969432379,0.03444183847278062,5,0.5715119664759556,0.03979698236786482,0.5047792097965266,0.6095420772838,0.5791469063291013,0.06963455658375814,5,0.5875319892134505,0.04984826242701078,0.5051464088136903,0.6376285171530115,0.5923889356377385,0.08484348655422895
bogazici,mlp,100,8,5,0.6891655297862664,0.008457013135391041,0.6788881309686221,0.7005883356070941,0.688068440200091,0.012271381503967338,5,0.7219434690202848,0.0064932890920843325,0.7154603529773366,0.7326786146939221,0.720090142005126,0.008994179420856964,5,0.6846844913142943,0.007466280353859213,0.6761031816341839,0.695965465440606,0.6840282995158742,0.010904702017607008,5,0.6961604044950612,0.008686914992997124,0.6854051258172867,0.7075767173028213,0.6950941316224245,0.012478323870341224,5,0.7020926876407669,0.005887883787496125,0.6947968447720438,0.7112001798016343,0.701238139361452,0.008386191582882176,5,0.7219434690202848,0.0064932890920843325,0.7154603529773366,0.7326786146939221,0.720090142005126,0.008994179420856964
bogazici,mlp,100,9,5,0.661705016608879,0.017769232849919686,0.6310464806148922,0.6733021361200688,0.6710472080110564,0.02685370732261311,5,0.5899066047960767,0.03182464839283388,0.5346444576362127,0.6129318214056977,0.5977313850834385,0.05394862192437269,5,0.5894304569111988,0.030841947901822767,0.53510129557614,0.6088786716141923,0.5989177709923097,0.05232499871731143,5,0.6600869528321562,0.021495290903539264,0.6219301197814683,0.6741392543522896,0.6681592196672858,0.032564332337295845,5,0.5902400266614393,0.0292993269784636,0.5382554592548163,0.6083436950528965,0.6003845769395803,0.04963968157867688,5,0.5899066047960767,0.03182464839283388,0.5346444576362127,0.6129318214056977,0.5977313850834385,0.05394862192437269
bogazici,mlp,150,1,5,0.8406343270164335,0.005368911222583096,0.8353051170484376,0.8467762235247581,0.8384336006328886,0.006386738026316809,5,0.8491779416155399,0.004503908013302215,0.8453890101271544,0.8544080670200376,0.8464987205463925,0.005303844803992014,5,0.840487553556833,0.0053046853978051586,0.8353010022381904,0.8465119123356067,0.8382107888222066,0.006311438373306572,5,0.8410056553068836,0.005465206514848462,0.8353981295217942,0.8472633898153346,0.8389191662939586,0.006498418269083105,5,0.8458859383737147,0.0040895297249059215,0.8416696029527617,0.8507018326208866,0.8457067555642928,0.00483461131032439,5,0.8491779416155399,0.004503908013302215,0.8453890101271544,0.8544080670200376,0.8464987205463925,0.005303844803992014
bogazici,mlp,150,10,5,0.6425630334223728,0.027097834559214246,0.6012769561534953,0.6697504723434752,0.6546029057267574,0.04217148069487863,5,0.6502063630884979,0.02831842576928034,0.6069371012836435,0.6781850465978205,0.661968571916104,0.043552981602282465,5,0.6323942147895609,0.02443325108233605,0.5957482869889241,0.65826421690686,0.6408431276430553,0.03863610784369145,5,0.6299892210520123,0.024180742238786808,0.5938540632918704,0.6557538945566402,0.6378143396852278,0.03838278724580024,5,0.6762283386641423,0.04095646347170606,0.6154287726861782,0.7131636372469422,0.684978606821069,0.06056602648835104,5,0.6502063630884979,0.02831842576928034,0.6069371012836435,0.6781850465978205,0.661968571916104,0.043552981602282465
bogazici,mlp,150,11,5,0.5777480800739595,0.028628378001600504,0.5299636609946087,0.6034105575337074,0.582449267270181,0.049551662721121784,5,0.6716201666525775,0.015955814153271783,0.6447026525899107,0.6834432803843733,0.6773214309999488,0.023757199300308635,5,0.5766388901360332,0.027933968917856208,0.5297029981094925,0.6008630441453748,0.5818193831330201,0.048442741888717195,5,0.5829619573896775,0.03442093419512491,0.5252298730082599,0.6137456745785593,0.5883762690202532,0.05904490637648322,5,0.6613076250723647,0.006184738898152805,0.6520170237263907,0.6673079380748723,0.6624319851062366,0.009352287292129785,5,0.6716201666525775,0.015955814153271783,0.6447026525899107,0.6834432803843733,0.6773214309999488,0.023757199300308635
bogazici,mlp,150,12,5,0.7325850115549686,0.022083048883374704,0.6983511243167896,0.7540350684127508,0.7425809764865559,0.030144008592943663,5,0.7280752928612149,0.01229692305995563,0.7140835276450401,0.7417351191119872,0.7336346793609143,0.016889631032019733,5,0.7052608223348449,0.01838410403552766,0.6784733099936773,0.7241062125636238,0.7141935190578923,0.0260670995088952,5,0.7412444479602056,0.019901114210602495,0.7106819235312042,0.7607158323649282,0.7504828102106609,0.02684824724875498,5,0.7004819020926119,0.014736737405657485,0.6809471425380225,0.7166807361328913,0.7074997912546015,0.021037998785740388,5,0.7280752928612149,0.01229692305995563,0.7140835276450401,0.7417351191119872,0.7336346793609143,0.016889631032019733
bogazici,mlp,150,13,5,0.6428474691044523,0.028860262849728875,0.6016308334744089,0.6790813159528243,0.6417056975716193,0.04489441778457021,5,0.6798822776375099,0.033431488221587105,0.6394983242811434,0.7206932701918596,0.6701335250382063,0.04917246605950161,5,0.6322864620778839,0.029305311031017224,0.5923406860278884,0.6691961816070733,0.6286994258867333,0.04634815513005156,5,0.6563799831980118,0.027891713589800794,0.6162481578630374,0.691411380697693,0.6556962629830098,0.04249324218253412,5,0.6532978205011929,0.028526115237582007,0.6193394600844986,0.6877293732142225,0.6444859284809167,0.04366479474200224,5,0.6798822776375099,0.033431488221587105,0.6394983242811434,0.7206932701918596,0.6701335250382063,0.04917246605950161
bogazici,mlp,150,14,5,0.6468612914770694,0.015656690437844595,0.6226903215910834,0.661444859144128,0.6507081139117542,0.02420409235199941,5,0.6987342821381665,0.014502344158608878,0.675499752748794,0.7109415658441258,0.7060862164393125,0.020755163342252057,5,0.6446555392187446,0.015219596684826059,0.6209513105276857,0.6580894345811359,0.6489748237751569,0.023608882199741315,5,0.653917706444656,0.015929341759788444,0.6295316394203527,0.669409143601808,0.6572182931486157,0.024359856909818386,5,0.6823388578380414,0.012494526622014729,0.6623086416640508,0.6931688436439941,0.687656642010917,0.018311322121684598,5,0.6987342821381665,0.014502344158608878,0.675499752748794,0.7109415658441258,0.7060862164393125,0.020755163342252057
bogazici,mlp,150,15,5,0.8014560345808214,0.0019381404154689217,0.799112728927312,0.8044591059037652,0.8010465248549653,0.00241827415584014,5,0.7640842653305693,0.002146770550995074,0.7625787404986104,0.7677970856267722,0.7634887510478876,0.0028095992135976086,5,0.7757764833863509,0.0022394798333479488,0.7738730609916331,0.7796075967730252,0.7753978612720804,0.002886759113362614,5,0.7917355959969274,0.002045961240137661,0.78976279405703,0.7951734641113513,0.7913660617892445,0.0025841470946641647,5,0.8226284935777036,0.003279948068955292,0.8175259772850031,0.8251265774181468,0.8243507433593167,0.0039871559210044255,5,0.7640842653305693,0.002146770550995074,0.7625787404986104,0.7677970856267722,0.7634887510478876,0.0028095992135976086
bogazici,mlp,150,16,5,0.7869465609992023,0.015697271795775465,0.770563578665128,0.8064554448724693,0.7923702207816451,0.01994706194006911,5,0.7879743046941803,0.01564209390801946,0.7717587918823532,0.8071301239571842,0.7936065906045021,0.019851020286873813,5,0.7849976959685501,0.01600302993873935,0.767830921664099,0.8058150503442739,0.7897195163927115,0.0203860852342941,5,0.784793639690486,0.01603195841218661,0.7675723173334839,0.805700559005752,0.7894771227779436,0.020428247123039173,5,0.799960192653397,0.016309753247678874,0.7782634090304618,0.8123212820869495,0.8107076034165399,0.02038820606008015,5,0.7879743046941803,0.01564209390801946,0.7717587918823532,0.8071301239571842,0.7936065906045021,0.019851020286873813
bogazici,mlp,150,17,5,0.7465846715213664,0.019130889565744495,0.7171875245749516,0.7648589987574904,0.7530630219719727,0.025624541054077868,5,0.785500883239688,0.009710016593941686,0.7722695462052189,0.7980758109115351,0.787928757769073,0.0123615603764748,5,0.7209067223877524,0.016297956421504785,0.6960077614432385,0.734993188625101,0.7262384358220786,0.022607580031329823,5,0.7620857155089624,0.01745682432724533,0.7351617701523938,0.7784042200082386,0.7680539255997682,0.02290664156536081,5,0.7212283440993443,0.009434991069862045,0.7077723419345053,0.7311094306449015,0.7236360024245903,0.013081836213251263,5,0.785500883239688,0.009710016593941686,0.7722695462052189,0.7980758109115351,0.787928757769073,0.0123615603764748
bogazici,mlp,150,18,5,0.584171475680132,0.036461901314933445,0.5449299258037923,0.6408955070074196,0.5850680131904369,0.0624164356407201,5,0.6425917153074717,0.027226920283143684,0.6128224558531217,0.6834151943465944,0.6461622527794051,0.042370481340731195,5,0.5807080959944282,0.0389847386535026,0.5377488725271375,0.6408890180486227,0.5817678886449702,0.06713310684388435,5,0.5722216990588944,0.04406388586191596,0.5235559764065565,0.6405129730545864,0.5726159771299606,0.0770049194820569,5,0.6602640074948154,0.018032412754673696,0.6404844460863743,0.6842509888516075,0.66506942252773,0.02731091283181189,5,0.6425917153074717,0.027226920283143684,0.6128224558531217,0.6834151943465944,0.6461622527794051,0.042370481340731195
bogazici,mlp,150,19,5,0.5606010512585399,0.02031254421607699,0.5469450220196046,0.5958789115470547,0.5541191512443336,0.036233510747929694,5,0.6953172233010692,0.01007367343769763,0.6861848917043059,0.7116173865900736,0.6929784706981145,0.014487881358485746,5,0.5473523184820897,0.017014594585862262,0.5358033866855232,0.5767273570543494,0.5420997601675619,0.03108526996477683,5,0.5918979928329192,0.02128396210182809,0.5774690111946472,0.6289070727800503,0.5850945927359266,0.035958834730896144,5,0.6377411080271002,0.004328375488468665,0.6328406692001645,0.6439598155274076,0.6371136644652019,0.006787041691351555,5,0.6953172233010692,0.01007367343769763,0.6861848917043059,0.7116173865900736,0.6929784706981145,0.014487881358485746
bogazici,mlp,150,2,5,0.8437244037581305,0.013947749219200167,0.8283546133461817,0.8587087448807517,0.8481088894242351,0.016531167235502357,5,0.8447497273482583,0.013733977252900318,0.8280574619988413,0.8596673339504506,0.8496510676196936,0.016258042835968056,5,0.8423193466960045,0.013973891921429225,0.8265145626157511,0.857381116257625,0.8468557042714497,0.01658977913334388,5,0.8441163394738931,0.013885040709121709,0.8286838855821536,0.8590518399181888,0.8485377423992895,0.01644920262741952,5,0.8413294533736044,0.013802264077727909,0.82554893731441,0.8561885507162511,0.8457206121075899,0.016405302372789764,5,0.8447497273482583,0.013733977252900318,0.8280574619988413,0.8596673339504506,0.8496510676196936,0.016258042835968056
bogazici,mlp,150,3,5,0.5876090736322833,0.008582367523049082,0.5799037645060855,0.6001860013747927,0.5831547450568113,0.01460557351505398,5,0.6977007008523343,0.010528100986503839,0.681577141258656,0.7095645047048258,0.6973345171493207,0.01508970963285885,5,0.5836046694138723,0.00846675163828916,0.5749524975108047,0.5957370831650296,0.5798285597017176,0.014507683166401861,5,0.6028736907639352,0.008678391378620177,0.5964430710496603,0.6158151758842837,0.5975276025342254,0.014395040804688789,5,0.666292653866119,0.009179443991205589,0.6508888193942712,0.6747361063374736,0.6677503852580857,0.013776895089481284,5,0.6977007008523343,0.010528100986503839,0.681577141258656,0.7095645047048258,0.6973345171493207,0.01508970963285885
bogazici,mlp,150,4,5,0.7014773435516263,0.011788518617450167,0.6855912836730454,0.7144341081692481,0.7037695344059464,0.016805273507144388,5,0.734081889087761,0.007661296770001374,0.7237701418050334,0.7426049347574248,0.7337450750382173,0.010436569657810276,5,0.7006197860086563,0.011275799851054553,0.6853751261349506,0.7129804523913676,0.7026374279268365,0.016094035704146154,5,0.7043871598333923,0.012548434302728352,0.687424387163212,0.7180562241879566,0.707196771827928,0.01781468348414587,5,0.7246487539474623,0.0049335140014972485,0.7183466194316883,0.730218883886932,0.7227977089566473,0.006808145290559532,5,0.734081889087761,0.007661296770001374,0.7237701418050334,0.7426049347574248,0.7337450750382173,0.010436569657810276
bogazici,mlp,150,5,5,0.3466199467160894,0.004162949498665715,0.3419031622842581,0.3518649368701494,0.34505386308351677,0.01201012676306109,5,0.5885997023593104,0.003142832648010501,0.5848020547381695,0.5931897232019179,0.5884858977769394,0.0053395077085716235,5,0.34629744796372375,0.004281712941999456,0.34139648638816106,0.35165634172100124,0.34466848811671874,0.01236426363282927,5,0.3373928108678934,0.006025098805577945,0.33001791481300075,0.3444125602871648,0.33499444303500236,0.017857816205624724,5,0.5975935352014444,0.0027416767640571953,0.5934263045939612,0.6007593935897805,0.5985046849748171,0.004587862154721931,5,0.5885997023593104,0.003142832648010501,0.5848020547381695,0.5931897232019179,0.5884858977769394,0.0053395077085716235
bogazici,mlp,150,6,5,0.8707281991272338,0.00936722464828172,0.8614625742542074,0.8832654785993482,0.86895503709663,0.010757920390853161,5,0.7990900004432466,0.021890544651640347,0.7786777967842059,0.833306243379683,0.7884916641263375,0.02739434186324181,5,0.8202712792516369,0.016728750491685745,0.8036945883188003,0.8446673831697094,0.8137846402134308,0.020394168264611177,5,0.8650927392267175,0.011315472345984528,0.8538386366301952,0.8811279915566291,0.8615123338488943,0.0130800685670985,5,0.8549795463831622,0.00911659955711908,0.8426935219687063,0.8639139240509052,0.8586731762380158,0.01066294462327809,5,0.7990900004432466,0.021890544651640347,0.7786777967842059,0.833306243379683,0.7884916641263375,0.02739434186324181
bogazici,mlp,150,7,5,0.6799220591641799,0.01860870706776979,0.6495251331943479,0.6998800910218153,0.6847892735968606,0.02736888267847237,5,0.5256151409045633,0.009696806658930992,0.5157522645404484,0.5375993952465211,0.5225053401062099,0.01844849187990126,5,0.5246511062549583,0.008733642621183165,0.5145333147470912,0.5346725801846524,0.5230022144262084,0.01664657239269974,5,0.6754693025326894,0.008013549669294795,0.6626478989509651,0.6823882310435431,0.6775669412017926,0.011863677060153267,5,0.5265004810872597,0.007229033976549819,0.5196079287150172,0.5356859330521254,0.5246693538519724,0.013730346383770376,5,0.5256151409045633,0.009696806658930992,0.5157522645404484,0.5375993952465211,0.5225053401062099,0.01844849187990126
bogazici,mlp,150,8,5,0.7021031531388209,0.01558493865152613,0.6756498775016704,0.7147857074676255,0.707838832500769,0.02219750556859364,5,0.7276235078006874,0.014737349119432678,0.7028513925647096,0.739264517329665,0.7288997903182699,0.020254086023110695,5,0.6959084657110557,0.01519276493094319,0.670111368554604,0.7082529689275967,0.7003434831142998,0.021831556418012155,5,0.7093042034739886,0.01530002136053056,0.6833376924091235,0.721761555425955,0.715007969323409,0.021570464809872847,5,0.7060240622223689,0.013178551596497575,0.6838942449945884,0.7163783223453646,0.7072597249141199,0.018665867498927916,5,0.7276235078006874,0.014737349119432678,0.7028513925647096,0.739264517329665,0.7288997903182699,0.020254086023110695
bogazici,mlp,150,9,5,0.6887340469700526,0.045972319403571056,0.6265411484376411,0.7560427459970757,0.684784374605123,0.06674901524879896,5,0.603817960292232,0.035151691892623446,0.5424119687084822,0.6271164867661277,0.6213918636542146,0.058215711032528664,5,0.6060971195310182,0.03605679118168728,0.5429375833192924,0.6306883534298754,0.6207904776090426,0.05949012133498847,5,0.6797252981380747,0.03473600443967377,0.6235364661247457,0.7194029634355275,0.6844882948600671,0.05110300372050849,5,0.6278842548175889,0.06751041297056665,0.5437996092808492,0.7327779560898878,0.6202306937630807,0.10752047443868389,5,0.603817960292232,0.035151691892623446,0.5424119687084822,0.6271164867661277,0.6213918636542146,0.058215711032528664
bogazici,mlp,200,1,5,0.8431690342263323,0.0027543023281389424,0.8400705501001049,0.8472685670702641,0.8425016684145296,0.0032666075440806615,5,0.8521126297216652,0.003324106731152674,0.8484305845890088,0.8573254461617308,0.8510896981100807,0.0039010180288472696,5,0.8430812284675604,0.0027818962187619654,0.8399494678210804,0.8472385629958612,0.8423744379814715,0.003299677569406357,5,0.8435026839405231,0.002700861639831383,0.8404635953490006,0.8474885969492185,0.8428974489898476,0.00320195974624999,5,0.8491135414327632,0.0038319374655669245,0.8449948278371369,0.8552504041140292,0.8484724545223484,0.004512868160247513,5,0.8521126297216652,0.003324106731152674,0.8484305845890088,0.8573254461617308,0.8510896981100807,0.0039010180288472696
bogazici,mlp,200,10,5,0.6369157667386609,0.019266762842579395,0.6179697624190065,0.6667818574514038,0.6329589632829373,0.030250095615053173,5,0.6447977871343495,0.019762455270832847,0.6254350758875602,0.6749847258872862,0.6405051811624856,0.030649074275925142,5,0.6258113103080414,0.018485100510591178,0.6076639585138419,0.6558059010269024,0.6228777707432822,0.02953781787915004,5,0.6232518434494944,0.018474275024777775,0.6051259620297342,0.6533526393587266,0.6204167345724391,0.02964174950936162,5,0.6703086344325122,0.027339317687884595,0.6443700574523099,0.7074052001317875,0.6621045008635922,0.04078616369164071,5,0.6447977871343495,0.019762455270832847,0.6254350758875602,0.6749847258872862,0.6405051811624856,0.030649074275925142
bogazici,mlp,200,11,5,0.5952232505670721,0.013269035614096853,0.576715469244672,0.610569983382055,0.5988039931587438,0.022292535786287544,5,0.6795644130441074,0.0075488264727533,0.6721798020201257,0.6905976021316884,0.6789202257135029,0.011108331054209192,5,0.5932721436547899,0.012313603278573289,0.576161305571758,0.6079495370964478,0.5956316930599291,0.02075540442994112,5,0.6041599948139703,0.015449532795444846,0.5823638117598734,0.6209215237907038,0.6101268714763839,0.025571922881457886,5,0.6624180440830123,0.006080028853284473,0.6527654471394542,0.6692242831008995,0.6630542313328056,0.009178537492439656,5,0.6795644130441074,0.0075488264727533,0.6721798020201257,0.6905976021316884,0.6789202257135029,0.011108331054209192
bogazici,mlp,200,12,5,0.7197921989439618,0.020727285501534833,0.6889918972187751,0.7410029929191911,0.7286541596710222,0.028796207477581343,5,0.7149786217751389,0.012742043746864821,0.6954704986445617,0.7281078494587186,0.7204409734151587,0.017821573063582032,5,0.6921316648429496,0.017676614492595347,0.6656647522881829,0.710336329657718,0.6996678212070456,0.025539381291862027,5,0.7292073427468957,0.01872942044798032,0.7012480227875313,0.7483118962855024,0.7372620862256466,0.02568462952858829,5,0.6879764069006796,0.014621370527664868,0.6663504795798316,0.7035784681844464,0.6939024613864822,0.02125272085060861,5,0.7149786217751389,0.012742043746864821,0.6954704986445617,0.7281078494587186,0.7204409734151587,0.017821573063582032
bogazici,mlp,200,13,5,0.6285336262419492,0.027631385257464083,0.6107643916321334,0.676132108442758,0.6146462629187678,0.04396166585815664,5,0.6600134833039015,0.03355755738960251,0.6291046881089675,0.7131026175153351,0.646336871689392,0.05084374522414267,5,0.6163527716102216,0.028177479787792562,0.5950421109548709,0.6650778457804154,0.6095815177445637,0.04571648102462312,5,0.6424415612639491,0.026923658910927916,0.6260245452199338,0.688703816436558,0.6268477197039215,0.04190833927051343,5,0.6367299367551456,0.028893094602656533,0.6096436675014097,0.6810864476025675,0.6243574719761104,0.04537731451720224,5,0.6600134833039015,0.03355755738960251,0.6291046881089675,0.7131026175153351,0.646336871689392,0.05084374522414267
bogazici,mlp,200,14,5,0.6323572891378352,0.027214309861891627,0.5912142459956872,0.6626747860523782,0.6295824122170535,0.043036287126532534,5,0.672449316711584,0.03375861996936676,0.6254355577980149,0.7058885906438679,0.6867433103067795,0.050202474938116345,5,0.6277121348483878,0.027592716393547753,0.5864961457098647,0.6587804648528062,0.6290607742143655,0.043957595945173594,5,0.6407988986972807,0.02682479258214511,0.6012668667291036,0.6709706740463883,0.6385413569484992,0.04186148358974848,5,0.6568406145133704,0.032578337023445855,0.6130572356730554,0.6855697106426839,0.6673000482139821,0.04959854233067176,5,0.672449316711584,0.03375861996936676,0.6254355577980149,0.7058885906438679,0.6867433103067795,0.050202474938116345
bogazici,mlp,200,15,5,0.7896405919661733,0.029076728839695948,0.7378435517970402,0.8048927816369676,0.8026276049531863,0.03682273826285458,5,0.7535091805242417,0.023209801734302517,0.7127249352423025,0.7673404709858811,0.764609679892878,0.030802281291589146,5,0.7640800524846403,0.02646283881577787,0.7173770066202241,0.7793769781775779,0.7765293651140991,0.03463359464721772,5,0.7802027648217311,0.026501961701054944,0.7332494900289558,0.7950354330536333,0.7924673975743812,0.03396804381628972,5,0.8088130813684522,0.04506415890513454,0.7282410534114305,0.8306345993570663,0.8287742200328407,0.05571640709481268,5,0.7535091805242417,0.023209801734302517,0.7127249352423025,0.7673404709858811,0.764609679892878,0.030802281291589146
bogazici,mlp,200,16,5,0.8133093282322493,0.029129276850557655,0.7664228648587825,0.8431416676043659,0.8218521435805108,0.03581574173490787,5,0.8142390498794171,0.029217610844155282,0.7669749427460884,0.8440676829880269,0.8228108158981452,0.03588333284737719,5,0.8118941973515253,0.029143348169415013,0.7659600433642002,0.8421505510014511,0.8206292272807763,0.03589550001032565,5,0.8117376954852912,0.029149108448705552,0.7658506619684665,0.842019096456276,0.8204735712677,0.03590951684371265,5,0.825517160037381,0.03246047643356318,0.769611924338219,0.8541429692356604,0.8330507278822746,0.039321383012914365,5,0.8142390498794171,0.029217610844155282,0.7669749427460884,0.8440676829880269,0.8228108158981452,0.03588333284737719
bogazici,mlp,200,17,5,0.7642001733192728,0.007630853404875986,0.7532706182068764,0.7735573258715558,0.7644632845046305,0.009985411769447368,5,0.8023912491137575,0.003037488948128852,0.7999331527937252,0.8070783912586488,0.8011901978918967,0.0037855459558959097,5,0.7386114734772906,0.006378793157869483,0.729865586816152,0.7468540334807049,0.7381180908936906,0.00863619560069778,5,0.7784662118818553,0.006882034218955259,0.7686368116664011,0.7869437386256926,0.7786193380733768,0.008840504718013013,5,0.7351114185195178,0.0036229093259057665,0.7309834095617644,0.7403749921512044,0.7337193106559613,0.004928381242128094,5,0.8023912491137575,0.003037488948128852,0.7999331527937252,0.8070783912586488,0.8011901978918967,0.0037855459558959097
bogazici,mlp,200,18,5,0.6317395310740247,0.009454421561720404,0.6192280126958124,0.6430838537933858,0.6313436401488004,0.01496569566518479,5,0.6697814323171778,0.00686479420154676,0.65981907569152,0.6766422082733383,0.6707060010512043,0.010249305027458432,5,0.6315490761913375,0.009503969939005714,0.6188811160399481,0.6427993038976665,0.6313402388807017,0.015048664145502353,5,0.6322562920572039,0.011180077677776347,0.6160694480091021,0.6452646001525992,0.6316140600709005,0.017682825490592066,5,0.6687653937867921,0.0071403275768547655,0.656127504479137,0.6728142208652188,0.6721703420382791,0.010676879580182284,5,0.6697814323171778,0.00686479420154676,0.65981907569152,0.6766422082733383,0.6707060010512043,0.010249305027458432
bogazici,mlp,200,19,5,0.565119040500252,0.011658594720950034,0.5530877064094788,0.5838067332416432,0.5637573572752668,0.020630334293160017,5,0.6975853487327518,0.0025606749007359587,0.6945782420643605,0.7006902862720923,0.6980155988150467,0.0036707693264884855,5,0.5509798557722456,0.009097636523614592,0.5415265360869636,0.5654224115140463,0.5503250101462347,0.01651174072573574,5,0.5970746935841477,0.012672396582292873,0.5838088624292197,0.6173332854871608,0.5954613347590878,0.021224139489520854,5,0.6381884459045971,0.0012504456113139625,0.6369294480635804,0.6397505186881081,0.6380692603344402,0.0019593673613779146,5,0.6975853487327518,0.0025606749007359587,0.6945782420643605,0.7006902862720923,0.6980155988150467,0.0036707693264884855
bogazici,mlp,200,2,5,0.8342583732057417,0.01362371985341272,0.8232854864433812,0.8535885167464115,0.8259968102073365,0.016330336369369456,5,0.8369580149235114,0.012190834232164643,0.8257910716660624,0.8537650145840028,0.8319277317435627,0.014565646083547868,5,0.8332008936951233,0.013352100715446034,0.8221726616333158,0.8520567186595251,0.8255338099417089,0.0160250676835348,5,0.8347731352495457,0.013489275359938257,0.8238733092261172,0.8538766292392427,0.8266203554567112,0.016159211156101465,5,0.8328636212142232,0.012835046800994333,0.8214773474772521,0.850990314250051,0.8271809547984756,0.015410742496211147,5,0.8369580149235114,0.012190834232164643,0.8257910716660624,0.8537650145840028,0.8319277317435627,0.014565646083547868
bogazici,mlp,200,3,5,0.5666073495990738,0.02854288280970902,0.5337035290081901,0.6035011363149093,0.561393164958621,0.0503750663133927,5,0.6665626232883178,0.03234064971253965,0.629859441142194,0.7021544740941715,0.662614635230953,0.04851854661906371,5,0.56127723900112,0.027588043447970383,0.5328794981572447,0.5963327512382386,0.553219974216193,0.0491522576206147,5,0.5829328874963581,0.030654610118889012,0.5421772918934864,0.6218254684347202,0.5818575597231485,0.052586859956637,5,0.6400367686752656,0.028573154979885076,0.6060635157706145,0.6715987521369587,0.6486995826190813,0.04464298986919951,5,0.6665626232883178,0.03234064971253965,0.629859441142194,0.7021544740941715,0.662614635230953,0.04851854661906371
bogazici,mlp,200,4,5,0.701542798486311,0.015971691460454747,0.6866295904766282,0.7251765715248732,0.693003018185718,0.022766524715122423,5,0.7284295909538561,0.008888552715005632,0.7186425280093818,0.7412306425417682,0.727572860432261,0.012202349856993517,5,0.6997709101547749,0.014551668864904159,0.6858665003374136,0.7212147020381272,0.692481087414842,0.020794903951759914,5,0.7050709747676542,0.01659218501460246,0.6897080436400502,0.7294607470629122,0.6957676874759468,0.023532645093027934,5,0.717403007301661,0.006576321663411412,0.7098758367510148,0.7264009993061926,0.7190266661588696,0.009166844293205106,5,0.7284295909538561,0.008888552715005632,0.7186425280093818,0.7412306425417682,0.727572860432261,0.012202349856993517
bogazici,mlp,200,5,5,0.3554936476350834,0.004091002254787061,0.34940303076687584,0.3596816164090005,0.3556712077146793,0.011507947559688893,5,0.591807962382076,0.0034497047183107265,0.5859186651550541,0.5945427640064355,0.5929987080952195,0.005829094803701829,5,0.35543457383872934,0.004131827072075093,0.3492940407570939,0.3596703527519362,0.3556233522798766,0.011624719079663361,5,0.3518283847942544,0.005592582691025984,0.34403570784281184,0.3579934655294356,0.35215600077637604,0.015895768882594478,5,0.5953439431408548,0.0027966706008580437,0.5908305192477246,0.598095545280183,0.595462782471666,0.004697571266289625,5,0.591807962382076,0.0034497047183107265,0.5859186651550541,0.5945427640064355,0.5929987080952195,0.005829094803701829
bogazici,mlp,200,6,5,0.8721493190713924,0.008927565881992299,0.8628977474903226,0.881940026525485,0.8715347041761464,0.010236281433433655,5,0.8040726663908778,0.01917757674610822,0.7851079264844232,0.8345191934062273,0.798781906027356,0.023850551756954722,5,0.8236881295596824,0.014283308934573033,0.8087586257776815,0.842592962461475,0.8184665918236265,0.017340675945164388,5,0.8671816440850912,0.009942597965087738,0.8571130254489143,0.8789443046391713,0.8646788074045207,0.011465415617252308,5,0.8550835498058369,0.015354469418012726,0.8353680063749773,0.8760606035307641,0.8519691006137899,0.017956689052782332,5,0.8040726663908778,0.01917757674610822,0.7851079264844232,0.8345191934062273,0.798781906027356,0.023850551756954722
bogazici,mlp,200,7,5,0.6572479152926721,0.01771636566571164,0.6349345451588714,0.6820132445544644,0.6578550326596619,0.026955377496819526,5,0.5228304292403466,0.009337718755311027,0.5073275071918119,0.5319696158995888,0.5238327007683826,0.017859937434931607,5,0.5210695437189462,0.008996916224837255,0.5072725612458507,0.5323866350738253,0.5218058669912106,0.01726624849463472,5,0.6630171198360365,0.010922856894708675,0.6512701943234868,0.6796211114794928,0.658891071562509,0.016474471877000532,5,0.5213794831026625,0.009212526781417995,0.5072392868107354,0.5329464269717938,0.5228869729195084,0.017669523024948026,5,0.5228304292403466,0.009337718755311027,0.5073275071918119,0.5319696158995888,0.5238327007683826,0.017859937434931607
bogazici,mlp,200,8,5,0.6976859341370434,0.031111740490535934,0.6466161182776035,0.7277279952733974,0.7036448295750278,0.044592758673023196,5,0.7223942459311944,0.03921468893404145,0.6535084939314836,0.7504671431931129,0.7344867163090516,0.054284331796541636,5,0.6909901011258393,0.03333530233653446,0.6347709682866643,0.7206723507172667,0.6987229481739843,0.04824280736036712,5,0.7048635007100003,0.0304093573434031,0.6551368170954882,0.7344183050742319,0.710646295248425,0.04314219322290363,5,0.7016481452424114,0.035471527136543134,0.6391465501767944,0.7264692858060826,0.7126257376704949,0.05055457978056527,5,0.7223942459311944,0.03921468893404145,0.6535084939314836,0.7504671431931129,0.7344867163090516,0.054284331796541636
bogazici,mlp,200,9,5,0.7026403823178017,0.024135427332714184,0.6791995221027479,0.7362962962962963,0.6976583034647551,0.03434961601993126,5,0.6189089901476648,0.011935912585878044,0.5978785925431331,0.6274758710642392,0.6228014377753899,0.019285408316706255,5,0.6220560837196454,0.011505449108052597,0.6028811080582572,0.6322027047954548,0.6246743746528294,0.018495838894870435,5,0.6937077922357866,0.014017535156363324,0.6825522062082942,0.7131436074213336,0.6856524734641196,0.02020668545640159,5,0.6370005126826234,0.02512574950800898,0.6188556943170482,0.6763835608124129,0.622614214278444,0.039443845032708064,5,0.6189089901476648,0.011935912585878044,0.5978785925431331,0.6274758710642392,0.6228014377753899,0.019285408316706255
bogazici,mlp,250,1,5,0.8422298496863535,0.006100277620949986,0.8319327731092437,0.8476151023789797,0.8445378151260504,0.00724300809716223,5,0.8506648178659161,0.005958504555155049,0.8406539077487849,0.855901855867389,0.8521371383431937,0.007004526847722817,5,0.8421086142177637,0.006079733487657643,0.8318422794115844,0.847489466782748,0.8444923292157631,0.007219654786817635,5,0.8426009177572125,0.0061083481322050095,0.8322970564125766,0.8479997804416692,0.8448023888810434,0.007249396485899714,5,0.847348771917513,0.005858591412544926,0.8376874343131014,0.852298464449608,0.8478563714833875,0.006914025967474044,5,0.8506648178659161,0.005958504555155049,0.8406539077487849,0.855901855867389,0.8521371383431937,0.007004526847722817
bogazici,mlp,250,10,5,0.5906694583132013,0.036074158296818405,0.5546786922209695,0.6327374241692167,0.5730391367369947,0.06107334277928783,5,0.5971095512172357,0.03753399316147252,0.5606302758074984,0.6421058107758336,0.5781066320702587,0.06285947542617216,5,0.5822613852314455,0.0325357696465016,0.547287913938209,0.6181163849344935,0.5682982717786351,0.055878288465873144,5,0.5799967840379836,0.03220412060817327,0.5449930462277216,0.6159210918013076,0.5665034463666333,0.05552465374715637,5,0.6109893158282464,0.05044583802923988,0.566314326931689,0.6801720654678266,0.5831499182809698,0.08256419011330236,5,0.5971095512172357,0.03753399316147252,0.5606302758074984,0.6421058107758336,0.5781066320702587,0.06285947542617216
bogazici,mlp,250,11,5,0.61009608144333,0.034227298155365904,0.5811270744857082,0.6492274329086474,0.5910966537152496,0.05610148826786912,5,0.6882898626054563,0.018504504314054895,0.6729911412878375,0.7101825355980235,0.6782922656682895,0.026884754983907275,5,0.6067497092120402,0.031196937871210965,0.580249604383247,0.6425074341566482,0.5896489923103627,0.05141648590441863,5,0.6199256379681862,0.037298304623560596,0.5880219778995145,0.6623574128955277,0.5995198114027094,0.06016577205260657,5,0.6674031943618556,0.009168270612678851,0.6596331255871828,0.6787669076359208,0.662347217191942,0.013737229144438224,5,0.6882898626054563,0.018504504314054895,0.6729911412878375,0.7101825355980235,0.6782922656682895,0.026884754983907275
bogazici,mlp,250,12,5,0.7312667200701298,0.015844774681156693,0.7087193748771973,0.749074256004111,0.736877106539909,0.02166757250984586,5,0.713198795004361,0.014163697841048453,0.6978516051505097,0.7280100147030393,0.7116682910298633,0.01985939676322903,5,0.6978888752880072,0.014852623936598894,0.6796423436175136,0.7147298309979389,0.7016946936066583,0.021282219078889116,5,0.7382632004861465,0.014389327154804588,0.7185220964978803,0.754603593235579,0.7444184478953424,0.01949078207518567,5,0.6921728960668527,0.013979137493076717,0.6754941860963104,0.7080718075034593,0.695933001071276,0.020196019769786765,5,0.713198795004361,0.014163697841048453,0.6978516051505097,0.7280100147030393,0.7116682910298633,0.01985939676322903
bogazici,mlp,250,13,5,0.6632436458430313,0.019668234993266847,0.6397604195760792,0.6814387238928715,0.6686373087546162,0.029654615037083512,5,0.6952961996640217,0.02044993356706903,0.6599944210634647,0.7102071651893922,0.7018089056546296,0.029411829917883586,5,0.6507661458147049,0.018789374846367397,0.6241548822309977,0.6677078632955809,0.655084068456303,0.028872698690932466,5,0.6760260341634772,0.019356895833544104,0.6538543635992795,0.6938972128756792,0.6815985562477272,0.02863335856213964,5,0.666598814152622,0.01767842650220796,0.6359863272450357,0.6786226944434695,0.6746228392214566,0.02652033896081965,5,0.6952961996640217,0.02044993356706903,0.6599944210634647,0.7102071651893922,0.7018089056546296,0.029411829917883586
bogazici,mlp,250,14,5,0.6189179167368953,0.01722992724617437,0.595398617899882,0.6409910669138715,0.6153716500927018,0.027838792156826327,5,0.6648737661751273,0.025473075494093517,0.6392741372399384,0.6960195624447492,0.6508159924328871,0.03831264939303369,5,0.6156834933567834,0.017954754074819546,0.5943215971549403,0.639333614366397,0.6103399507757674,0.029162311916026824,5,0.6265867102644996,0.01696522936921774,0.6013044401921485,0.6475013690881635,0.6251320422117866,0.02707562910495859,5,0.6516456923800056,0.025673154668653934,0.624188067256745,0.6812859147639385,0.6415386362036763,0.03939741330121875,5,0.6648737661751273,0.025473075494093517,0.6392741372399384,0.6960195624447492,0.6508159924328871,0.03831264939303369
bogazici,mlp,250,15,5,0.803607666290868,0.0048389082609004005,0.7950018789928598,0.8062758361518226,0.8053363397219091,0.0060214809587803815,5,0.7661067651438435,0.0061868430139626765,0.7555878463575172,0.7714390229161584,0.7679423659672713,0.008075692965328457,5,0.7780026062551573,0.006319642697296885,0.767068084912626,0.7829401472601849,0.7799483358966555,0.008122906846952471,5,0.7938656778708018,0.005617924517725038,0.7840435864697947,0.7979177813912074,0.7956196946329039,0.007076668855104895,5,0.8258907440832755,0.005263819661925217,0.8182517877277531,0.8322445853237666,0.8272521855891886,0.0063735060595308726,5,0.7661067651438435,0.0061868430139626765,0.7555878463575172,0.7714390229161584,0.7679423659672713,0.008075692965328457
bogazici,mlp,250,16,5,0.791717963066592,0.032489057186744524,0.7526860660324566,0.841494124230554,0.790346950195859,0.04103615012207554,5,0.7923205016699335,0.032392311423396235,0.7537208229829597,0.8420851685089483,0.7910533781819142,0.04088283889552853,5,0.7908654091543557,0.03308195623474996,0.7501752202834605,0.8410425160047619,0.7894358195460899,0.041830071023239365,5,0.7907518994144291,0.033126646290922795,0.7499341566670344,0.8409609657529653,0.7893025022583312,0.041892591488498325,5,0.7973430219625471,0.030930173620374236,0.7654165392041836,0.8467375621951073,0.7969456046508484,0.03879155240393775,5,0.7923205016699335,0.032392311423396235,0.7537208229829597,0.8420851685089483,0.7910533781819142,0.04088283889552853
bogazici,mlp,250,17,5,0.757718129520693,0.007265713096727793,0.7479709636786266,0.7676964431804901,0.757515550534367,0.009588939229055848,5,0.7985147577314876,0.00477496021534502,0.7925596057998472,0.8036587820376218,0.798148825416954,0.005979802087703771,5,0.7328690188962919,0.006509567788469727,0.7240632995032337,0.7414342836796252,0.7318073401456264,0.008882307234481274,5,0.7725259333452021,0.006621240701612895,0.7636126745235147,0.7815594647897193,0.7722393829669756,0.008570897643450634,5,0.7313223490957919,0.004409189948498353,0.7255293868234454,0.7364155641369285,0.7303689390972818,0.006029064958769388,5,0.7985147577314876,0.00477496021534502,0.7925596057998472,0.8036587820376218,0.798148825416954,0.005979802087703771
bogazici,mlp,250,18,5,0.6650552427718749,0.03153834830733766,0.6280320027092241,0.6996994454557,0.6592304110400881,0.04742214823521938,5,0.6962918198850059,0.022600266569416102,0.6696012796454445,0.7228729767790618,0.6893502818790882,0.03245803831667674,5,0.6640787436788054,0.030504490545867815,0.6280048026423404,0.6977586264236937,0.65858763915624,0.045935050378034546,5,0.6671280595907957,0.03369077094882682,0.6272322938120843,0.7036405486564565,0.6621852804222269,0.05050120507521769,5,0.6905189135317269,0.016741376487890102,0.6711654044344204,0.7111684530849799,0.682947333156968,0.024244631334230493,5,0.6962918198850059,0.022600266569416102,0.6696012796454445,0.7228729767790618,0.6893502818790882,0.03245803831667674
bogazici,mlp,250,19,5,0.5836033954705864,0.02750973663833398,0.5542544059516114,0.6254914636343405,0.5776539036254384,0.04713772546876909,5,0.7055337348921087,0.011359714857684352,0.6904979536707722,0.7216290353142647,0.7034906982163815,0.01610088121359852,5,0.5660210520653367,0.02228442140211798,0.5414668404688112,0.5996442036593497,0.5614094196905568,0.03937030490439365,5,0.616206737360646,0.028187036165880645,0.585978247645932,0.6587761713306969,0.610474738430215,0.04574282372603089,5,0.6411587514357115,0.004727581836350426,0.6343451633933591,0.647529921100737,0.6415267320076387,0.0073734965416353,5,0.7055337348921087,0.011359714857684352,0.6904979536707722,0.7216290353142647,0.7034906982163815,0.01610088121359852
bogazici,mlp,250,2,5,0.8368858954041205,0.03100494032532949,0.7834786053882726,0.8573692551505546,0.8536053882725833,0.03704799004929775,5,0.8366289910104963,0.030369061349171337,0.7849694852508462,0.8577783663575985,0.8502342099969629,0.03629931746985126,5,0.8351198452325816,0.030909659733787113,0.7820195257259133,0.8555272237151337,0.8510828559173402,0.03701224430270693,5,0.8371220510598711,0.030775088113104768,0.7841604513321838,0.8574855939780548,0.8534095752587059,0.0367629643421061,5,0.8349519280564529,0.03116631964907285,0.7813971461085958,0.8549921602238475,0.85211328271361,0.03732708267602878,5,0.8366289910104963,0.030369061349171337,0.7849694852508462,0.8577783663575985,0.8502342099969629,0.03629931746985126
bogazici,mlp,250,3,5,0.5881269055131739,0.016715512996919688,0.5704091278241535,0.6079136211739958,0.5948928918533903,0.02842160907828976,5,0.6782129092438078,0.016553582446264866,0.6521482157074499,0.6978981179211217,0.6805438661869334,0.024407648720107287,5,0.5805932593806574,0.01477452491266956,0.5622345049562658,0.5956147719064186,0.586573371945697,0.025447289774652482,5,0.6066151027803317,0.018126754945710623,0.5854982794309419,0.629041089394396,0.6135767558317855,0.02988180621060915,5,0.6453339405906007,0.015423108355556452,0.6229172623978202,0.6628377622817027,0.6452415295989007,0.02389942227653707,5,0.6782129092438078,0.016553582446264866,0.6521482157074499,0.6978981179211217,0.6805438661869334,0.024407648720107287
bogazici,mlp,250,4,5,0.7031795926920805,0.01379152889322901,0.6805357108837705,0.7153035758510983,0.7035301289744909,0.01961309605193316,5,0.7356380015527455,0.008029355362380775,0.7233308496456965,0.7439390483384807,0.73495153422683,0.010914818627412993,5,0.7022752480392762,0.013248449464302542,0.6805248538737831,0.7139738582064723,0.7026405624766214,0.01886503831836829,5,0.7059390301900471,0.015049673211491693,0.6809854252680514,0.7187967318429324,0.7066626672167271,0.02131865864880731,5,0.7264949178022935,0.004089215564021164,0.7219994188861807,0.7318739396092512,0.7248591835717193,0.005628691218365816,5,0.7356380015527455,0.008029355362380775,0.7233308496456965,0.7439390483384807,0.73495153422683,0.010914818627412993
bogazici,mlp,250,5,5,0.35372337904823287,0.011951682898922946,0.3375067529784189,0.37008217308476055,0.3525670795856278,0.033788218723572815,5,0.5861750451473303,0.0036789677950228045,0.580289511544288,0.5904922878435261,0.5867688289577268,0.006276227255798864,5,0.35357721543704224,0.012039965283450412,0.3370879363193177,0.36989980051855953,0.35253196550063337,0.034051869741007795,5,0.35148565503044227,0.018444019939038117,0.32666505521674616,0.37660531973677713,0.34954934710225033,0.05247445998170445,5,0.588224232993397,0.0028746311493179693,0.5847282931075988,0.5912965089702127,0.5895102957557924,0.004886964847893708,5,0.5861750451473303,0.0036789677950228045,0.580289511544288,0.5904922878435261,0.5867688289577268,0.006276227255798864
bogazici,mlp,250,6,5,0.8712149858535474,0.009090353124320227,0.8592595572361452,0.8806468482239833,0.8701342236882685,0.010434110147237904,5,0.8052867646176886,0.018455986147604644,0.7844526152936124,0.8293566710425322,0.8103780670774169,0.02291852661500858,5,0.8234836282454803,0.012840169854045135,0.8048707437260685,0.8350112155969436,0.8286695991797137,0.015592501676569438,5,0.8665913228526863,0.009219915501256096,0.8533113635253691,0.8758124172014614,0.8664112825300115,0.010639288968305778,5,0.8531885257257195,0.019190444507788326,0.8279917148444578,0.8688495585223199,0.8632555140829441,0.02249261907438921,5,0.8052867646176886,0.018455986147604644,0.7844526152936124,0.8293566710425322,0.8103780670774169,0.02291852661500858
bogazici,mlp,250,7,5,0.6618432869330938,0.015828984297687802,0.6420857656039515,0.6815110013471037,0.6572968118545128,0.02391651409057499,5,0.5017349954906494,0.0076941285324690365,0.49139747518351157,0.5127055455657079,0.5025458622543759,0.01533504459848352,5,0.5011215649740437,0.007692161046362987,0.491455775150049,0.5121817860585255,0.5019368768476815,0.015349890294107405,5,0.6585308936803218,0.008315317740948076,0.6454692778995786,0.6665369897469985,0.6587116459476045,0.012627073111902745,5,0.5016945469067999,0.007392773448058883,0.49171679859335193,0.5120759103062928,0.502849595336617,0.014735606543142758,5,0.5017349954906494,0.0076941285324690365,0.49139747518351157,0.5127055455657079,0.5025458622543759,0.01533504459848352
bogazici,mlp,250,8,5,0.6947604057362714,0.024517180825112634,0.669534802378454,0.7332633788037776,0.69435117173837,0.03528868459210854,5,0.7205629319890097,0.03609146989244671,0.6774019616048093,0.7587453317163306,0.7367778330642556,0.05008788030883219,5,0.6879537796672706,0.02708465195334134,0.6579707268148646,0.7269539948023369,0.6927381127172304,0.03936987157253625,5,0.7015200084465689,0.023997706450591884,0.6774055009454166,0.7397803656382155,0.6996178503236842,0.0342081568047245,5,0.7013983664825542,0.033617151986723826,0.6610161177261216,0.7340420645054375,0.716422534048557,0.04792875717020933,5,0.7205629319890097,0.03609146989244671,0.6774019616048093,0.7587453317163306,0.7367778330642556,0.05008788030883219
bogazici,mlp,250,9,5,0.6719305265341811,0.019640039602901897,0.640866047214689,0.6948235747417715,0.676017724032662,0.029229271222733784,5,0.5910218701217141,0.023773599286229585,0.5691637921592564,0.6258018423067542,0.5799283618085693,0.04022456780039914,5,0.58962779906314,0.01990785767668328,0.5715944048442232,0.6217748108652078,0.5825749506419735,0.033763431283794436,5,0.6648688467354045,0.011633721185489488,0.6514329825619981,0.6820925403310957,0.6618359098981303,0.017497768533768162,5,0.5983278991623238,0.01394923892949602,0.5852726459630214,0.619216069705664,0.5933286321329799,0.02331370298631462,5,0.5910218701217141,0.023773599286229585,0.5691637921592564,0.6258018423067542,0.5799283618085693,0.04022456780039914
bogazici,random-forest,100,1,5,0.8642586743182312,0.0023139174359721585,0.862175391218383,0.8677935042075567,0.8636221155932775,0.002677343606412152,5,0.8705924689511975,0.002068166469769497,0.8686072870021051,0.8737308878282428,0.8699665498371056,0.0023755850682478526,5,0.8639221683813219,0.0022868072449828375,0.8619068142568811,0.8674156566915022,0.8632871065966322,0.0026470060946201766,5,0.8647222606658257,0.002312833666422336,0.8626282569096198,0.868254123198447,0.8640888110294227,0.0026746549402365126,5,0.8655391148498399,0.0019812458399405906,0.8635319199522427,0.8685365764673529,0.864912831906933,0.0022890309703499784,5,0.8705924689511975,0.002068166469769497,0.8686072870021051,0.8737308878282428,0.8699665498371056,0.0023755850682478526
bogazici,random-forest,100,10,5,0.6382535838188126,0.0020298041235931002,0.6351814274181231,0.640701708450612,0.6382579476773363,0.003180247122857239,5,0.6495972304834982,0.0019383297617430453,0.6465582468636871,0.6518000974875278,0.6497999244206906,0.002983894743979031,5,0.6133020254793753,0.0027647064862261466,0.6098274063244922,0.6171909143074564,0.6125735524209184,0.004507903726659257,5,0.6093266882842195,0.002843232059456792,0.6058017528854196,0.613351107727464,0.6085635731892002,0.004666186651799126,5,0.713622941673951,0.002679812821872175,0.7098759044875267,0.7172464664419357,0.7139283142832928,0.0037552223525579445,5,0.6495972304834982,0.0019383297617430453,0.6465582468636871,0.6518000974875278,0.6497999244206906,0.002983894743979031
bogazici,random-forest,100,11,5,0.5347164388104801,0.010289456607531236,0.521944209013524,0.5482674331478548,0.5327351340727912,0.019242828274404586,5,0.6471317241158063,0.0064799825323932254,0.6386186332717614,0.6555062606314961,0.6465447309165531,0.010013390305114467,5,0.5345127363356935,0.010479265987377535,0.5214639769628118,0.5482664516741733,0.5325214640719451,0.019605269014200205,5,0.5311513283711073,0.012816628706806,0.5153494442566317,0.5479978795802032,0.5284902765868638,0.024129900505211983,5,0.6525917457794627,0.002825572780846469,0.6483877769354842,0.6559508141799757,0.6531898877020007,0.004329770946568706,5,0.6471317241158063,0.0064799825323932254,0.6386186332717614,0.6555062606314961,0.6465447309165531,0.010013390305114467
bogazici,random-forest,100,12,5,0.752572099282848,0.007446977620201836,0.7423107413029184,0.7627191553952325,0.7533722123556632,0.009895367669487506,5,0.7434804857283395,0.005267667531335119,0.7374190707985464,0.7511918767429908,0.7415725228264963,0.007085145652713034,5,0.7239047770371148,0.006445437175050721,0.7165718885299488,0.7334575167559978,0.7244600665407661,0.008903708580887376,5,0.7597353916727635,0.006636435060039564,0.7509927096482362,0.7690483137276835,0.7607295180470814,0.00873519271680585,5,0.7167081140675192,0.005890986990410649,0.7104642095189668,0.7256082274978133,0.7170206267819754,0.008219506483577601,5,0.7434804857283395,0.005267667531335119,0.7374190707985464,0.7511918767429908,0.7415725228264963,0.007085145652713034
bogazici,random-forest,100,13,5,0.5941530047758862,0.011137919169969309,0.5786068021724612,0.6050694960747004,0.6002684073238655,0.01874587703914839,5,0.6874006557967157,0.007270483190605021,0.6770858884475683,0.6953732065511203,0.6900553695780083,0.010576776628439984,5,0.5937987338504893,0.010888955239649266,0.5785654062892449,0.6044968985338817,0.5997949527942885,0.018337787905069805,5,0.5980784343701926,0.012837086121486325,0.5801891880986606,0.6103472733415644,0.6051463159347833,0.021463883972015207,5,0.6791123374182626,0.003655135986536383,0.674007161013118,0.6838146606467523,0.6789303831317414,0.0053822258632966035,5,0.6874006557967157,0.007270483190605021,0.6770858884475683,0.6953732065511203,0.6900553695780083,0.010576776628439984
bogazici,random-forest,100,14,5,0.6271570750966469,0.007365883773404209,0.6162777945329422,0.6347092369698133,0.6305828969374606,0.01174487870087267,5,0.6877831982616363,0.00680857224933562,0.6766927895268743,0.6928799795367862,0.6905397699812492,0.009899300050574373,5,0.6262136221633986,0.00707205295663868,0.6154899166551975,0.6335020604939255,0.6294273424270107,0.011293355344469593,5,0.6322344847093394,0.008191698349833777,0.621305228477243,0.6405297220418383,0.6359534900425216,0.01295674081049184,5,0.6769926457002273,0.0076067775813235565,0.666868975082007,0.6867762381095259,0.6788623406211567,0.011236130303093192,5,0.6877831982616363,0.00680857224933562,0.6766927895268743,0.6928799795367862,0.6905397699812492,0.009899300050574373
bogazici,random-forest,100,15,5,0.7649645065262194,0.006889902374295286,0.757270437371193,0.7761239600030532,0.7643691321273185,0.009006826219405949,5,0.7130884561628038,0.008961462078666653,0.7031777287926814,0.7277073159519689,0.7119809918501155,0.012567111416848794,5,0.7211877759700476,0.010161064604016407,0.7098358918405824,0.7377045674385455,0.7199825908196276,0.014089346689700988,5,0.7445852007400593,0.008855876958821222,0.7346859699692296,0.7589677932794926,0.74359697964801,0.011893705314071749,5,0.8067527285441297,0.0045780030467216185,0.8014319167590351,0.8136122808236754,0.8072206409651828,0.0056746049746656665,5,0.7130884561628038,0.008961462078666653,0.7031777287926814,0.7277073159519689,0.7119809918501155,0.012567111416848794
bogazici,random-forest,100,16,5,0.8235592449397316,0.01750192140960909,0.7960086422560837,0.8436661360018194,0.828360245622015,0.02125156328114547,5,0.8250325226511416,0.017321478828209693,0.7977580683065641,0.8449155038025956,0.8297865894330158,0.020994904264560663,5,0.8202710523405005,0.018753009878928816,0.7906737819417584,0.8417107925495273,0.8254879799087731,0.022861967181970363,5,0.8200196150803537,0.018813565684607927,0.7903256993113772,0.8415275416182505,0.825254776984351,0.0229428239747221,5,0.8519996778197877,0.011327372756888133,0.8340367064086663,0.8646228483855527,0.8550629331129642,0.013295043474516504,5,0.8250325226511416,0.017321478828209693,0.7977580683065641,0.8449155038025956,0.8297865894330158,0.020994904264560663
bogazici,random-forest,100,17,5,0.6757354994021186,0.0056505610341712675,0.670517338558869,0.6853142432718595,0.6739992730605731,0.008362089958527864,5,0.7527132091441218,0.003458058295454162,0.7502309010056787,0.7587820092390565,0.7512217681551967,0.004594124632655475,5,0.6607961791012036,0.004974324289198503,0.6563499165844647,0.6693072904599955,0.6593727107305232,0.007527773989196547,5,0.6955402835026405,0.005495075285935842,0.6904182568461212,0.7048306455617257,0.6938361159826965,0.007900441450009819,5,0.6933995588784102,0.0023622542053482205,0.6918729694586713,0.6975496668543861,0.6923621347561353,0.0034067720048296846,5,0.7527132091441218,0.003458058295454162,0.7502309010056787,0.7587820092390565,0.7512217681551967,0.004594124632655475
bogazici,random-forest,100,18,5,0.464824772212521,0.031692008796684525,0.4311104963778765,0.5084285689586611,0.45216895174536215,0.06818055037349585,5,0.5651371279297928,0.023670076159768634,0.5419970872683127,0.5981774857801224,0.5533876452722075,0.04188377473353543,5,0.4225938396387751,0.04692157733733743,0.36893408077773937,0.4847022567798812,0.4118995865000261,0.11103232687311548,5,0.38429076296407716,0.05564375752136058,0.31990872196110687,0.45733603658495453,0.3738119774159835,0.1447959797216413,5,0.6579658565174513,0.02303412226909055,0.6172024294375795,0.6714586482567272,0.6685569366665176,0.035008081408673536,5,0.5651371279297928,0.023670076159768634,0.5419970872683127,0.5981774857801224,0.5533876452722075,0.04188377473353543
bogazici,random-forest,100,19,5,0.3355344574716434,0.007099387843498623,0.32615921339246196,0.3422185387359085,0.3371416917616225,0.021158446429003806,5,0.5706892005534561,0.003941955739283695,0.5654739791643855,0.5739589208118692,0.5731107215706216,0.006907359970121696,5,0.33159142402129926,0.007960177790359492,0.32106631687248616,0.3391581807874702,0.33324900478312963,0.024005982102384475,5,0.3020220204270082,0.01137032650542041,0.28705158565615474,0.3131442601022501,0.30377918247051194,0.03764734269820686,5,0.6011291368374554,0.002014882047238252,0.5997343819304425,0.6045636391465671,0.600155011245052,0.0033518289561516854,5,0.5706892005534561,0.003941955739283695,0.5654739791643855,0.5739589208118692,0.5731107215706216,0.006907359970121696
bogazici,random-forest,100,2,5,0.8558870967741935,0.0014392393788366644,0.8536290322580645,0.8571774193548387,0.8558870967741935,0.0016815762081951041,5,0.855579194095976,0.001593921702859464,0.8529266383178434,0.8568649370806035,0.8557933349823987,0.001862973894010638,5,0.8542431967855446,0.0014883707593023327,0.8518653971304342,0.8555429188609551,0.8542979580719012,0.0017423267342402775,5,0.8561179490238902,0.001450854823257815,0.8538232537170571,0.8574041923574018,0.8561411135397339,0.0016946903460113398,5,0.8533059977380246,0.0014397430067795128,0.851058113017429,0.8546051018831937,0.8532929265219353,0.0016872528853612153,5,0.855579194095976,0.001593921702859464,0.8529266383178434,0.8568649370806035,0.8557933349823987,0.001862973894010638
bogazici,random-forest,100,3,5,0.4841167314753049,0.008475080670025937,0.4723980280819355,0.495327812396618,0.48272402366735545,0.01750627507584554,5,0.6285004961158704,0.005786391749924264,0.6207650789403074,0.6365088965048906,0.6273316036574078,0.009206662183537058,5,0.48405491759403174,0.00855047569502375,0.47218950412275174,0.4953239666715996,0.4826837462874207,0.017664267801520164,5,0.4821241171657176,0.010646251790058462,0.4672258373497228,0.4959831118510354,0.4805240419832534,0.02208197310818013,5,0.6310199460379251,0.003082431599675268,0.6271884435384654,0.6356014731667857,0.6301848669984383,0.004884840200423728,5,0.6285004961158704,0.005786391749924264,0.6207650789403074,0.6365088965048906,0.6273316036574078,0.009206662183537058
bogazici,random-forest,100,4,5,0.686606196982702,0.0011417791323892817,0.6851091470062867,0.6879315811043837,0.6862226552532071,0.0016629315864127674,5,0.7335326471319699,0.0008131395701546567,0.7326832795980037,0.7345948071505817,0.7333041815237928,0.0011085253987452924,5,0.6865935760627082,0.001148621996442336,0.6850839398752594,0.6879243616807234,0.6862134877617265,0.0016729285511658059,5,0.6861150865895429,0.0012788874869433843,0.684382998625009,0.6875509364115575,0.6857915339657231,0.0018639547678514432,5,0.7351020147393383,0.0005517638993793727,0.7343036606804592,0.7358212595868368,0.7350657109453606,0.000750595003572428,5,0.7335326471319699,0.0008131395701546567,0.7326832795980037,0.7345948071505817,0.7333041815237928,0.0011085253987452924
bogazici,random-forest,100,5,5,0.31982077107400986,0.0027322663218491664,0.3154351171806511,0.3228692213282422,0.3206054820673667,0.008543117173640018,5,0.5778708821138039,0.001630838701432986,0.5751961506785377,0.5796230904856728,0.5780588621994505,0.0028221506774446102,5,0.317669899908425,0.002960328856405075,0.3129207625596901,0.3209687474124562,0.31851320952202583,0.009318883713119976,5,0.2938853160879463,0.00425835784223506,0.2870894368785344,0.2986430077685267,0.2950456533101077,0.014489862572653103,5,0.603503239645353,0.0005854065486887958,0.6028492969481157,0.6041463978124632,0.6037460445327463,0.0009700139290599473,5,0.5778708821138039,0.001630838701432986,0.5751961506785377,0.5796230904856728,0.5780588621994505,0.0028221506774446102
bogazici,random-forest,100,6,5,0.8836624013068336,0.005800758240539458,0.8768527089572556,0.8889518105091206,0.885771848625102,0.0065644506679935835,5,0.8087196923479038,0.010903656230659933,0.7960932887292376,0.8185830247944985,0.8137186279786484,0.013482614970094337,5,0.8356932869671603,0.00961762608067263,0.82520486167872,0.8441488755239465,0.8396657822026561,0.01150855969607731,5,0.8775072019658957,0.006726519787052401,0.8699582583739146,0.883428082766033,0.8801632026213562,0.007665486701400118,5,0.8818818629820371,0.005598057498242976,0.8735613613638282,0.8879872515422786,0.8824984982478237,0.006347854211802746,5,0.8087196923479038,0.010903656230659933,0.7960932887292376,0.8185830247944985,0.8137186279786484,0.013482614970094337
bogazici,random-forest,100,7,5,0.7002018928597529,0.015052870158221753,0.6854262588613608,0.7237904699261858,0.6994765402324051,0.021497899836778606,5,0.6271921979353311,0.008668756402528326,0.6168604526522294,0.638995450723058,0.6263228634302103,0.013821530993314667,5,0.6104619517205012,0.011600622533807385,0.5979761815446581,0.6277770354742381,0.6095524070149073,0.01900302304035929,5,0.7144142435992051,0.011992615244212027,0.7022753032075025,0.7329350177348567,0.7137827495954707,0.016786640736323317,5,0.6053633414481724,0.010741354201031153,0.5940333068186053,0.6216803180844812,0.6042069480930929,0.017743648261447895,5,0.6271921979353311,0.008668756402528326,0.6168604526522294,0.638995450723058,0.6263228634302103,0.013821530993314667
bogazici,random-forest,100,8,5,0.6767095839017736,0.003282886723172075,0.6728342428376535,0.6807071396089132,0.6775025579809004,0.004851249045777657,5,0.6682216697382144,0.0022402326147014824,0.6659499570756164,0.6714735059191632,0.6682185824482363,0.00335252913240471,5,0.657918662557175,0.002763020477792281,0.6550047153635368,0.6615729363873792,0.6583216810632082,0.0041996383976296865,5,0.682746129173722,0.0030050919641143223,0.6792953149616427,0.6864958879179858,0.6833945874386278,0.004401477849096218,5,0.6560465780427471,0.002463606940314971,0.6536149530990518,0.659409580395621,0.6562939678396491,0.0037552317514785447,5,0.6682216697382144,0.0022402326147014824,0.6659499570756164,0.6714735059191632,0.6682185824482363,0.00335252913240471
bogazici,random-forest,100,9,5,0.6948148776762118,0.009078249663310934,0.6798244550590403,0.703895206459278,0.697106175593434,0.013065709953812269,5,0.5661852655547518,0.0062513284578092744,0.5608920235951163,0.5760905072885927,0.5643337831550964,0.011041135893362015,5,0.5653419783046965,0.00719637689417982,0.5589042323392379,0.5770007187253516,0.5623038399220038,0.012729245607693514,5,0.6628431273488508,0.006495279854299996,0.6550162166671984,0.6722505802309995,0.6621676741445752,0.009799120766747523,5,0.6030144750878761,0.01300564510582976,0.5836621644803204,0.6189112780462742,0.6044786740283065,0.021567716270715513,5,0.5661852655547518,0.0062513284578092744,0.5608920235951163,0.5760905072885927,0.5643337831550964,0.011041135893362015
bogazici,random-forest,150,1,5,0.866417346902082,0.0022298420174839645,0.8638570247042324,0.8693948002445252,0.866949548707253,0.0025736350102602105,5,0.8731814118554448,0.0019097862541377388,0.8708585872255642,0.8757258979412295,0.8736935903738425,0.002187158622719174,5,0.8661373289851972,0.002198121029900844,0.8636000691876311,0.8690719140832548,0.8666683947775224,0.0025378435455221107,5,0.8668583264633416,0.0022329994826238574,0.8642985539017727,0.8698390317480833,0.8673907644278325,0.0025759681997105303,5,0.8682583872537636,0.0017733259032009802,0.8660520097216218,0.8706248553173219,0.8687437587662982,0.002042394210333951,5,0.8731814118554448,0.0019097862541377388,0.8708585872255642,0.8757258979412295,0.8736935903738425,0.002187158622719174
bogazici,random-forest,150,10,5,0.6388624666102027,0.006920891431585003,0.6266206267509284,0.6426477294937781,0.6424522770213044,0.010833147654309976,5,0.6493717718062328,0.007503918916594854,0.6361415210149265,0.6538524119883284,0.6529817352039238,0.011555659242351485,5,0.6174410985486384,0.004995770296418905,0.6090269994570654,0.6212447427640826,0.61934457876708,0.008091088053843516,5,0.6138211080590006,0.004889495592871871,0.6057038788226288,0.6176537092926644,0.6157797483676598,0.007965668708157054,5,0.7031763544236979,0.018287416384570657,0.6732832110569011,0.7225940388194045,0.7073812787456581,0.02600687049489665,5,0.6493717718062328,0.007503918916594854,0.6361415210149265,0.6538524119883284,0.6529817352039238,0.011555659242351485
bogazici,random-forest,150,11,5,0.5725800693827862,0.005618285437561935,0.5660189109282465,0.5807558879257476,0.5719503153346941,0.009812226687558611,5,0.6730727462980243,0.0042833459611694965,0.6672805954451514,0.6786962099991979,0.672724965346163,0.006363867776148092,5,0.5723416423496347,0.005512265816696597,0.5658632023142307,0.580332264597544,0.5717365133824597,0.009631075932317431,5,0.5763377553303826,0.00634688179266378,0.5691848606500536,0.5857190300360123,0.5756023785056775,0.011012434521187083,5,0.6660660942587304,0.0028594458432245743,0.6616456513056455,0.6691345846045983,0.6659598015797787,0.004293036183453943,5,0.6730727462980243,0.0042833459611694965,0.6672805954451514,0.6786962099991979,0.672724965346163,0.006363867776148092
bogazici,random-forest,150,12,5,0.7644106965995379,0.0064313560708244046,0.7571989288727486,0.7737977330252008,0.7643153222552365,0.008413482568250462,5,0.7499337777877499,0.004488523757602355,0.7440168383753372,0.755816583261347,0.7502539251427378,0.005985226816750638,5,0.7340084925627426,0.005585505996634184,0.7270250527242598,0.7407939217784894,0.7340858421398291,0.0076095931494372165,5,0.7702239680425936,0.005661903644312926,0.7635892587968424,0.7780574385014534,0.7702073000202098,0.007350983453165951,5,0.7263942100665247,0.005691787614078124,0.7194822336996063,0.7337728273239684,0.7263096390140262,0.00783567315818343,5,0.7499337777877499,0.004488523757602355,0.7440168383753372,0.755816583261347,0.7502539251427378,0.005985226816750638
bogazici,random-forest,150,13,5,0.6428549931343228,0.008920543804299349,0.6301939318699096,0.6553712168237308,0.6429095423508832,0.01387644787638046,5,0.7143334871710573,0.005522759794876725,0.7062252456305848,0.7216816164508844,0.7145284318983209,0.007731346624597233,5,0.6396821461084267,0.008250615178795878,0.6278924377445323,0.6511755640498582,0.6399399936850048,0.01289799196208517,5,0.6527439536853589,0.009488043108059731,0.6392611911938069,0.6660375513131785,0.6526429946370317,0.014535627721238514,5,0.6897403700003989,0.0032246141609714413,0.684989562311075,0.6937688020850349,0.6895735340345901,0.004675112986310452,5,0.7143334871710573,0.005522759794876725,0.7062252456305848,0.7216816164508844,0.7145284318983209,0.007731346624597233
bogazici,random-forest,150,14,5,0.6114750242854952,0.013367138841895752,0.5981594151030216,0.6260647272355437,0.6087939056188967,0.021860482130918058,5,0.6605230407442992,0.008944041040369013,0.6499426802566343,0.6710042700912582,0.6599676772611838,0.01354084640301203,5,0.60927068876515,0.012464867760716607,0.5965955498479827,0.623026173453148,0.6070066713807701,0.02045866966943707,5,0.6188766199269166,0.0143060236505856,0.6049896717284952,0.6343369995659086,0.6158637110478951,0.023116115862116437,5,0.6478012108249224,0.0065193980113414825,0.6393206667930236,0.6556265393485252,0.647980377100925,0.010063886733153149,5,0.6605230407442992,0.008944041040369013,0.6499426802566343,0.6710042700912582,0.6599676772611838,0.01354084640301203
bogazici,random-forest,150,15,5,0.7889432374018883,0.006043684356013758,0.7793197588442725,0.7947901262654988,0.7894437492890456,0.00766048058909351,5,0.7448442302818411,0.0075528405714310005,0.7328578035408313,0.7517477791280275,0.7458785793351139,0.010140161210046678,5,0.7561910567863019,0.008165399819211282,0.7431988858792349,0.7636939228119697,0.7572832190768009,0.010798064518129851,5,0.7749841491960245,0.007241796220505361,0.7634559359588087,0.781723675143602,0.7758659754400635,0.009344444306400416,5,0.8218045892811621,0.004968446377423562,0.8140514549582871,0.8275474442062898,0.8224109594903612,0.006045775896395875,5,0.7448442302818411,0.0075528405714310005,0.7328578035408313,0.7517477791280275,0.7458785793351139,0.010140161210046678
bogazici,random-forest,150,16,5,0.8746007772328473,0.01207094619456053,0.8539039828940893,0.8834659833353132,0.880394386274543,0.013801664152131035,5,0.8755749618810957,0.011944412985028198,0.8550956102133292,0.8843641538160865,0.8812913616945229,0.013641793684194301,5,0.8736294957113216,0.012488975660563112,0.8522028177556153,0.8827452314253939,0.8796562470254352,0.01429550595747046,5,0.8735167736644535,0.012517908772570493,0.8520400203957963,0.8826508472467139,0.8795594812083799,0.01433047326619401,5,0.8885420101887844,0.008541996450476057,0.8739627072892899,0.895359204462909,0.8921756475803672,0.009613497564016336,5,0.8755749618810957,0.011944412985028198,0.8550956102133292,0.8843641538160865,0.8812913616945229,0.013641793684194301
bogazici,random-forest,150,17,5,0.7033484846101823,0.006906533830819762,0.6939415863229581,0.7097088752929335,0.7061228983501361,0.009819504814384549,5,0.7747080292654281,0.003885212903859157,0.7694497368158899,0.7787871819326796,0.7766898914082445,0.0050150672990224255,5,0.6865073116157825,0.0060459834304304695,0.6782678798076889,0.6922080621847113,0.6890530680662674,0.008806874053825409,5,0.7219449005754687,0.006619030442579263,0.7129190177730024,0.7280211831320494,0.7246032784815875,0.00916833187311549,5,0.7094665392708,0.002779137471774386,0.7057376573431227,0.7124324757626066,0.7108245391004898,0.00391722134581685,5,0.7747080292654281,0.003885212903859157,0.7694497368158899,0.7787871819326796,0.7766898914082445,0.0050150672990224255
bogazici,random-forest,150,18,5,0.47646331409727943,0.015188381155896742,0.4524680544105523,0.48796887881286066,0.4846712695795548,0.031877336001561986,5,0.574203757858721,0.01303099925833688,0.5532026478442453,0.5848892047209535,0.5806218371542399,0.022694033398407452,5,0.4397710501068495,0.020115312884718604,0.408498519720231,0.4545125802784238,0.4513415171477191,0.045740420793572614,5,0.40448675703384096,0.023111507839603328,0.36877096697442613,0.4217632022360077,0.41802918384018134,0.05713786035687128,5,0.6624644217343894,0.01695415582940489,0.633864557052908,0.6792282229577591,0.6670030378437772,0.025592553008382608,5,0.574203757858721,0.01303099925833688,0.5532026478442453,0.5848892047209535,0.5806218371542399,0.022694033398407452
bogazici,random-forest,150,19,5,0.3780488434864589,0.018111716399258928,0.3468894887060738,0.39302734047087085,0.3818173599721042,0.04790840313708739,5,0.5962261207167543,0.01046106229129261,0.5784175314783275,0.6054632064484009,0.6003280810999718,0.01754546123996853,5,0.37723768073885333,0.01917639817498138,0.3441799821012339,0.39287846971520535,0.3814423662008379,0.05083372938096404,5,0.36590522970467554,0.02679342520419139,0.319749781399568,0.38736871700552333,0.3726158015611447,0.07322504033576271,5,0.6086543930789671,0.0038851603554501167,0.6044519568483285,0.6136007083267537,0.6075907092324846,0.006383196111994635,5,0.5962261207167543,0.01046106229129261,0.5784175314783275,0.6054632064484009,0.6003280810999718,0.01754546123996853
bogazici,random-forest,150,2,5,0.8574801252710191,0.002069547732586336,0.8542519874728981,0.8594314622982414,0.8579860274632619,0.0024135226830268807,5,0.8570992328641731,0.0025214368488762555,0.8531102914951212,0.8596289874672973,0.8578650492422446,0.002941826047901544,5,0.8558201799326263,0.0022010508663762333,0.8523673728046351,0.8579316743258857,0.8563981275236636,0.002571861376941952,5,0.8576975796406924,0.002112768729212823,0.8543926303585894,0.8597039911795018,0.8582315790003132,0.0024633026597765456,5,0.8549182501106494,0.0020427495393745662,0.8517498516204688,0.8568498451107605,0.8553978323029909,0.0023894092085531915,5,0.8570992328641731,0.0025214368488762555,0.8531102914951212,0.8596289874672973,0.8578650492422446,0.002941826047901544
bogazici,random-forest,150,3,5,0.5122429339695119,0.00885300895513026,0.5047834701386923,0.5272168533419594,0.5086814119930452,0.017282832749933415,5,0.6468962895026849,0.005292578472569312,0.6427041656018175,0.6559455670215866,0.6448857671776418,0.008181494558637974,5,0.5119742733640095,0.00860095194121678,0.5047002340232389,0.5265096214184062,0.508528799822035,0.016799578394247897,5,0.516989910752032,0.01079067689357456,0.5077400917319026,0.5351732494787905,0.5126290175032868,0.020872122780651668,5,0.6398063413404763,0.0021243192735859316,0.6384225082462369,0.6435126209631926,0.6391245001596497,0.0033202535459951996,5,0.6468962895026849,0.005292578472569312,0.6427041656018175,0.6559455670215866,0.6448857671776418,0.008181494558637974
bogazici,random-forest,150,4,5,0.7020405807806838,0.0014125183387838699,0.700837930795688,0.7043581634772974,0.7019690219524019,0.0020120180762387267,5,0.7465633953011004,0.0013189749687754309,0.7455049460780352,0.7487914060562662,0.7463924215800135,0.001766728689187163,5,0.7020283865038845,0.0014098220673120342,0.700830561988393,0.7043425811208549,0.7019569243236077,0.002008212337869949,5,0.7024980383691031,0.0014625860351913187,0.7011995164559821,0.7048759485838224,0.7024287756785697,0.002081978817459493,5,0.7449588937735024,0.0011575014686713118,0.7439882585065714,0.7469476363261713,0.7445999922704007,0.00155377897806968,5,0.7465633953011004,0.0013189749687754309,0.7455049460780352,0.7487914060562662,0.7463924215800135,0.001766728689187163
bogazici,random-forest,150,5,5,0.3265608710761033,0.004270117232109885,0.3231900845592494,0.3336846982508977,0.3261264913703232,0.013076022298809817,5,0.5805380044257156,0.002441582776774036,0.5778284938518317,0.584345205619006,0.5804740221518135,0.004205724273278746,5,0.325112021100304,0.00454669819773589,0.3214807934179621,0.3326989839266759,0.3246242807102657,0.01398502024732311,5,0.30570962426304005,0.006574655313790575,0.3002679104658308,0.3167237572628111,0.3047839574795332,0.02150620978858546,5,0.6008982847796781,0.0011469947417987758,0.5989902787800139,0.6019315323080348,0.6011482710875202,0.0019088001594468292,5,0.5805380044257156,0.002441582776774036,0.5778284938518317,0.584345205619006,0.5804740221518135,0.004205724273278746
bogazici,random-forest,150,6,5,0.8929097897722194,0.0024189298948082078,0.8906035414482719,0.8963894780467588,0.8927001308336787,0.002709041744771636,5,0.8298822254604792,0.00400310458794488,0.8250791144147887,0.8356797847716801,0.8296857332614022,0.004823702044857829,5,0.8522353589353544,0.003580688039980061,0.8483907611172805,0.8574946490436872,0.8525683130294226,0.004201524851601084,5,0.8887402257697546,0.0026091873188963696,0.8860606601867721,0.8925513596253261,0.8887883990482631,0.002935826739063716,5,0.8858086604215692,0.0034611656132721093,0.8821041955208169,0.889611926863267,0.8842564025724104,0.003907351291445819,5,0.8298822254604792,0.00400310458794488,0.8250791144147887,0.8356797847716801,0.8296857332614022,0.004823702044857829
bogazici,random-forest,150,7,5,0.703992423932742,0.0096477414770249,0.6956492117347286,0.7195083731894426,0.7003229366798839,0.013704325712952027,5,0.6451602155457473,0.013133183407666487,0.6268211983488572,0.6575517433626821,0.6493968017791002,0.02035646819380671,5,0.6223847505223359,0.010970077953483242,0.6101870758934976,0.6367959782223045,0.6217053877392564,0.017625878436572574,5,0.7200217835155722,0.008487235102225729,0.7127133551298914,0.7332323674545913,0.7160053054031111,0.011787469902349381,5,0.6164870900802389,0.010061322728191747,0.60477501311584,0.6292559671546711,0.6165994673062731,0.016320411067946638,5,0.6451602155457473,0.013133183407666487,0.6268211983488572,0.6575517433626821,0.6493968017791002,0.02035646819380671
bogazici,random-forest,150,8,5,0.6968532247287538,0.006113247578798094,0.6879315282064336,0.7019949727958256,0.7002556025751164,0.00877264732638303,5,0.6829579008905522,0.0029757410400175163,0.6781666848214847,0.6854154564574169,0.684138001086638,0.004357136854463882,5,0.6755347236669481,0.004527293566001673,0.6686205338862226,0.6786815667968105,0.6785154827223918,0.0067017925317392245,5,0.7012476199824261,0.005308825890224214,0.6933733241543196,0.7054599048567011,0.7043839111535366,0.007570543897685183,5,0.6726661297426143,0.004315954100668839,0.666100839081538,0.6757545112996797,0.6754491846483048,0.006416190603086073,5,0.6829579008905522,0.0029757410400175163,0.6781666848214847,0.6854154564574169,0.684138001086638,0.004357136854463882
bogazici,random-forest,150,9,5,0.6891293752369262,0.011358606552994728,0.6770583244580032,0.7023936314240843,0.6925555535498312,0.016482545892184005,5,0.5753394374220352,0.006899051306827493,0.5670435268789185,0.5828840095284411,0.5762262496084944,0.011991271340168455,5,0.5779645103259402,0.007430429087093944,0.5690530310383014,0.5860293326548957,0.5784313304193587,0.01285620302690141,5,0.667239303813267,0.008048749030838957,0.6580065848189744,0.6765241130701777,0.670260728222142,0.012062762167696693,5,0.6011576907591303,0.01442444428817935,0.5851948269579524,0.6186028795066825,0.6066009814517743,0.023994443570977925,5,0.5753394374220352,0.006899051306827493,0.5670435268789185,0.5828840095284411,0.5762262496084944,0.011991271340168455
bogazici,random-forest,200,1,5,0.8747163695299838,0.0018798753046225366,0.8725331299456573,0.8772046906282772,0.8739631995423778,0.0021491255567020664,5,0.8815732536506957,0.001756602231070915,0.8794851248214867,0.8838826332425396,0.8811117046812001,0.001992576593943412,5,0.8744702076795627,0.0018683917533112912,0.8722949329043118,0.8769437571871752,0.8736953781067123,0.002136598522057297,5,0.8751186422380384,0.00187894928647106,0.8729390639763831,0.8776055449001154,0.8743746353710811,0.002147079488177527,5,0.8766772102218722,0.0016885353077579917,0.8746556049017189,0.8788776088192634,0.8763971402944245,0.0019260627378812002,5,0.8815732536506957,0.001756602231070915,0.8794851248214867,0.8838826332425396,0.8811117046812001,0.001992576593943412
bogazici,random-forest,200,10,5,0.6230323974082073,0.009153560756549087,0.6104535637149028,0.6336069114470843,0.6225053995680345,0.014691949880339412,5,0.6323328290815966,0.010392972341187759,0.618621812774839,0.644512946714486,0.6304390274921021,0.016435920868259464,5,0.6056334341129087,0.00534051913321408,0.5974161052579549,0.6107743888688457,0.6063952418107692,0.008818071844128807,5,0.6023650550875986,0.005210288603914618,0.5945244558066298,0.6080773363965765,0.6025603278233937,0.00864971923571648,5,0.6693350856825735,0.027244852080929867,0.6409682799403398,0.7021239837686337,0.6557041656158091,0.04070435371417316,5,0.6323328290815966,0.010392972341187759,0.618621812774839,0.644512946714486,0.6304390274921021,0.016435920868259464
bogazici,random-forest,200,11,5,0.5835154838005361,0.010558822977629993,0.5662837665724578,0.5930422969153698,0.5881539525236229,0.018095189023706063,5,0.6811113699421707,0.006383414039413425,0.6710352530028751,0.6872194440147524,0.6840145016037857,0.00937205620272556,5,0.5829685928395684,0.010258935647355931,0.5662132655855245,0.5922007786748096,0.5875207821078612,0.017597750159036727,5,0.5887496346627579,0.012351016034397286,0.5684513868310334,0.5996980433200145,0.5940612560774864,0.020978384201413697,5,0.6707450871707297,0.002702351010632916,0.667042430454581,0.6736613158190439,0.6714698274652164,0.004028879319909304,5,0.6811113699421707,0.006383414039413425,0.6710352530028751,0.6872194440147524,0.6840145016037857,0.00937205620272556
bogazici,random-forest,200,12,5,0.7666374674550454,0.00402365654107974,0.76379054432197,0.7736331119059785,0.7654086672993162,0.005248447554274644,5,0.7517687370445432,0.004419853332277928,0.7472122460081878,0.7591616402603392,0.7508753819989833,0.005879272593396028,5,0.7361691526334476,0.004228907469183931,0.7339205698031596,0.7436887867168412,0.7342634976565663,0.005744477955991703,5,0.7722907936303327,0.0037933485647104054,0.7698416488496825,0.7789880022651381,0.7711871940257053,0.004911813783094431,5,0.7284061277087478,0.004072410916707616,0.7261049392057115,0.7356517694438514,0.7265655916614271,0.005590852083462928,5,0.7517687370445432,0.004419853332277928,0.7472122460081878,0.7591616402603392,0.7508753819989833,0.005879272593396028
bogazici,random-forest,200,13,5,0.6688301962154876,0.0028323741520754194,0.6666957911029008,0.6737355834040641,0.6677193070048429,0.0042348179973065525,5,0.726705682501603,0.0012065398955674288,0.7259033039865386,0.7287598424877895,0.7260854798165612,0.0016602868597560023,5,0.6628518542544041,0.0024380002242988673,0.6610220230107259,0.6670928435111529,0.6620073184369488,0.003678046925042103,5,0.6802745923178742,0.002939524935708216,0.6780504434459769,0.6853523073786691,0.6790681480452111,0.004321085880471417,5,0.6954521390963858,0.0007060988053592101,0.6946781263600892,0.696468475392277,0.6951463624153321,0.0010153089848521535,5,0.726705682501603,0.0012065398955674288,0.7259033039865386,0.7287598424877895,0.7260854798165612,0.0016602868597560023
bogazici,random-forest,200,14,5,0.6040361846120461,0.010401162647558871,0.5958797282085362,0.6220552534143463,0.6001790243174698,0.017219436372407422,5,0.6583869176287748,0.014320468994537197,0.6500317496567174,0.6839150195066149,0.6527527548407509,0.021750840745914785,5,0.602680527383554,0.01068427513528428,0.5946336489681825,0.6213312748717861,0.5985983063474689,0.017727924911840835,5,0.6103578273164233,0.009707964189937003,0.6021494454039459,0.6268682286323034,0.6070218557285606,0.015905365271746037,5,0.6479037940729924,0.014598996225521127,0.6402615682256481,0.6739572861270695,0.6412736874448061,0.02253266049538894,5,0.6583869176287748,0.014320468994537197,0.6500317496567174,0.6839150195066149,0.6527527548407509,0.021750840745914785
bogazici,random-forest,200,15,5,0.783751132588342,0.008377411611766913,0.772576260948354,0.7931138628813047,0.7834491090305044,0.010688866992894121,5,0.7370773773418634,0.010265200611882309,0.7238646897925083,0.7488962579778813,0.7362871045393333,0.01392689685973256,5,0.7477528675218026,0.011294225679295196,0.7331265510278531,0.7606740067280379,0.7469817766197092,0.01510422249095004,5,0.7676372311621484,0.010041526722876417,0.7545403370098375,0.7790628013153286,0.7670286554549196,0.013081083505647916,5,0.823141723510925,0.0072415136252121865,0.8120672518538372,0.8298991291807867,0.8243094476628507,0.008797408050615083,5,0.7370773773418634,0.010265200611882309,0.7238646897925083,0.7488962579778813,0.7362871045393333,0.01392689685973256
bogazici,random-forest,200,16,5,0.8959693934961178,0.0023032300589935686,0.8925621694610104,0.8983008889388995,0.8969956115674581,0.0025706570734590037,5,0.8967783829098426,0.0022804471174769645,0.8934127456416974,0.8990969839816771,0.8977929816928822,0.0025429327478628896,5,0.8954914879006907,0.0023460097727172912,0.8920094350536352,0.8978518898579024,0.8965389872219987,0.002619801309577006,5,0.8954172501698388,0.0023501314911733534,0.8919282375172262,0.8977807145113901,0.8964667502405184,0.0026246216394955435,5,0.9053339947314273,0.0018070294827615839,0.9028736722650883,0.9073963273904793,0.9060972836662409,0.0019959810338256987,5,0.8967783829098426,0.0022804471174769645,0.8934127456416974,0.8990969839816771,0.8977929816928822,0.0025429327478628896
bogazici,random-forest,200,17,5,0.7118285183290352,0.006131320402080096,0.7027261242260668,0.7191705733109202,0.713250571640373,0.008613479572963609,5,0.7851923053747969,0.003900092768965491,0.7797146466807674,0.790354889021931,0.7853334086182047,0.004967054239157189,5,0.6953783553184235,0.005505913952867535,0.687272298381733,0.7020986538780085,0.6964743565822235,0.007917867892719066,5,0.7298840169796293,0.0058578324604917995,0.721169678530915,0.7368716698164421,0.731268779437428,0.008025703158609223,5,0.7175279678062193,0.0028327511414321872,0.71360612449066,0.7213387524383997,0.7175598326156742,0.003947931326068143,5,0.7851923053747969,0.003900092768965491,0.7797146466807674,0.790354889021931,0.7853334086182047,0.004967054239157189
bogazici,random-forest,200,18,5,0.4974574246612743,0.0515208084442675,0.4479369304801884,0.5630865840756288,0.47732159311968875,0.10356827718341673,5,0.5883916606249613,0.03891223416524754,0.5520416005633697,0.6392226489137091,0.5690842196455863,0.06613321834629138,5,0.4665414195681146,0.06962704149915283,0.39696195009908963,0.5523248164797585,0.4464655008884489,0.14924085746471938,5,0.4359575014517548,0.0813741665900811,0.3540888741006658,0.535351876830978,0.41450772395337604,0.18665619084223137,5,0.6641553686194521,0.021180149938801105,0.6335681112586005,0.6890510983531768,0.6697578584671077,0.03189035418448437,5,0.5883916606249613,0.03891223416524754,0.5520416005633697,0.6392226489137091,0.5690842196455863,0.06613321834629138
bogazici,random-forest,200,19,5,0.3809757306019938,0.005492721867771212,0.37250664183630755,0.38675562313665524,0.3829968990526307,0.014417511212832272,5,0.5984305520420052,0.001968308724896694,0.5960075747141349,0.6011296627834583,0.5978309586016923,0.0032891180408157602,5,0.38049212564189017,0.005781895293424414,0.3715655501672823,0.38659875603166705,0.3826200871499197,0.015195834299252205,5,0.3707992857870163,0.00881454410711276,0.3574419040042182,0.3809018489095391,0.3737620106610512,0.023771739711968467,5,0.6093161313237011,0.0034054709564240357,0.6035762142582156,0.6122488044337971,0.6098537675284491,0.005589005085136781,5,0.5984305520420052,0.001968308724896694,0.5960075747141349,0.6011296627834583,0.5978309586016923,0.0032891180408157602
bogazici,random-forest,200,2,5,0.8541626794258373,0.004178202250085195,0.8496012759170654,0.8585326953748006,0.8535885167464115,0.004891576687585737,5,0.8523283602062826,0.004350712523700451,0.8474292752275163,0.8568845084104799,0.8511430124412158,0.005104502826407748,5,0.8520935834936718,0.004264998569812782,0.8473884552966191,0.856561612011552,0.8513347499062167,0.00500531708304368,5,0.8542076908445383,0.004190015518553969,0.8496100685817825,0.8585943755344669,0.8535476453270298,0.004905148435752648,5,0.8518893399746853,0.004199086433998619,0.8473480385623849,0.8562626314372979,0.8515353260195397,0.004929145414735907,5,0.8523283602062826,0.004350712523700451,0.8474292752275163,0.8568845084104799,0.8511430124412158,0.005104502826407748
bogazici,random-forest,200,3,5,0.5107756957248831,0.012341436138474798,0.49775953003730544,0.5227370181381588,0.5123172248188328,0.024162144443775985,5,0.6462830992990537,0.007680089147310009,0.6381793247294842,0.653603294909181,0.6478819421651834,0.011883475145241592,5,0.51050685437844,0.01208465487155389,0.49774213372820564,0.5221876779035277,0.5121024932339375,0.02367187583850834,5,0.5151639088599451,0.015104679527511477,0.4991429643888268,0.5298655890930853,0.5169532106100492,0.02932014309957786,5,0.6396616656152831,0.0033615480969263543,0.6357322195707111,0.642754701784288,0.6409720049913353,0.005255197048103422,5,0.6462830992990537,0.007680089147310009,0.6381793247294842,0.653603294909181,0.6478819421651834,0.011883475145241592
bogazici,random-forest,200,4,5,0.7144244764137213,0.003919181766146733,0.7090897948552957,0.7182515971871122,0.7151721285103645,0.005485788764993467,5,0.756682319500292,0.0029076509928597067,0.7525896173542485,0.7594400830592418,0.7574466129907165,0.003842631072416097,5,0.7143324587600368,0.00387262761436578,0.7090518906363507,0.7180907694343234,0.7150842980646732,0.005421323876403463,5,0.7155645144781002,0.004201754753483168,0.7098758622146236,0.7197614592716646,0.7163254970768629,0.00587194399452261,5,0.7523715205477263,0.0018303070040236516,0.7497139280414825,0.7543909573279535,0.7530798040578819,0.002432717020829269,5,0.756682319500292,0.0029076509928597067,0.7525896173542485,0.7594400830592418,0.7574466129907165,0.003842631072416097
bogazici,random-forest,200,5,5,0.33566355426297256,0.003179152084663465,0.3308434103780805,0.33928516761059235,0.3353742537884586,0.009471245967242506,5,0.585831851744261,0.0018515866156306956,0.5829209062685377,0.587506820162227,0.5858041388408802,0.0031606110356030745,5,0.3348486859021766,0.003339432379925366,0.3297851364058375,0.33866194452767284,0.3345451442950197,0.00997295949042773,5,0.32036450239887454,0.004790224596368371,0.31315604862627755,0.3259855466226854,0.319878607236755,0.014952420010642228,5,0.60106135507789,0.0006325817359563062,0.6002692244305122,0.6019871544535199,0.60099112558955,0.0010524412035678645,5,0.585831851744261,0.0018515866156306956,0.5829209062685377,0.587506820162227,0.5858041388408802,0.0031606110356030745
bogazici,random-forest,200,6,5,0.891148467236713,0.00700367588749451,0.8846572713255194,0.8998501202272997,0.8892291435287522,0.007859157194324328,5,0.8308364836149134,0.012749166312081985,0.8143978433576595,0.8462784719424743,0.8294558917618612,0.015344976494786585,5,0.8508746173934346,0.010826580584900946,0.838966780316523,0.8642251591703421,0.8487171204629479,0.012724061058569408,5,0.8873591234977283,0.007758917133176137,0.8793529197883415,0.8969704265011926,0.8855765446829916,0.0087438297840367,5,0.8800231460276852,0.007799243655696127,0.869883958642927,0.8886404145261659,0.8784664212980817,0.008862543776150594,5,0.8308364836149134,0.012749166312081985,0.8143978433576595,0.8462784719424743,0.8294558917618612,0.015344976494786585
bogazici,random-forest,200,7,5,0.6933605572470118,0.017932069451979914,0.6657511722243804,0.7130015268279021,0.6935322124549405,0.02586254620998229,5,0.6192807072423253,0.021950167394438277,0.5822614503518788,0.6335218642531415,0.6318080307745686,0.035444616855873,5,0.6026322457974806,0.020128782968428197,0.5688420638714119,0.6185797379816284,0.609092209345773,0.03340143696059808,5,0.7082776335989713,0.01597237554012466,0.6826210690306228,0.7242127426411246,0.7080328935880286,0.022551009353442696,5,0.5981086158565146,0.018496168583681954,0.5670554797541455,0.6126223441733644,0.6047692562040135,0.030924430936669797,5,0.6192807072423253,0.021950167394438277,0.5822614503518788,0.6335218642531415,0.6318080307745686,0.035444616855873
bogazici,random-forest,200,8,5,0.7059546752570793,0.0020348829527126683,0.7034338205297733,0.7087934502792353,0.7053047673976958,0.0028824555230428195,5,0.6924739291890939,0.001463459243080711,0.6901193463572193,0.6941590848291013,0.6927376240711984,0.002113378109114465,5,0.6849871640688046,0.0015389522776403635,0.6825155884388109,0.6865571384402596,0.6855018079007377,0.002246687760539964,5,0.7101465161848812,0.0017360844224012279,0.7077488435796109,0.7124071151957098,0.7099374476298298,0.0024446848401481866,5,0.6817770708275515,0.0015327709004748287,0.6793358713441388,0.6833839614457986,0.6822799727071223,0.0022481995450717167,5,0.6924739291890939,0.001463459243080711,0.6901193463572193,0.6941590848291013,0.6927376240711984,0.002113378109114465
bogazici,random-forest,200,9,5,0.6945304659498208,0.006143753237988925,0.6855436081242533,0.6996296296296296,0.6972640382317802,0.008845908911406639,5,0.5738834752738846,0.008209553789762122,0.5665004436993786,0.583847166437978,0.5700921337048661,0.014305262554988415,5,0.5752464487528008,0.010120446796881285,0.5668828359340934,0.5875876833892016,0.570057503014592,0.017593236462082565,5,0.6682757499943877,0.004789829934482345,0.6627559271090223,0.6750118723898405,0.6676941286630079,0.007167445376437153,5,0.6052312615464011,0.006605112224729302,0.5968209764899584,0.6137742839970579,0.6048803378808635,0.010913369226587628,5,0.5738834752738846,0.008209553789762122,0.5665004436993786,0.583847166437978,0.5700921337048661,0.014305262554988415
bogazici,random-forest,250,1,5,0.8777133388566695,0.005474836238427596,0.8693928275535566,0.8824712983785064,0.8804000473428808,0.006237613120428646,5,0.883168091014667,0.006520032819385916,0.8733914450730194,0.8890071679799025,0.885907205835271,0.007382550259368051,5,0.8773148570669573,0.005611424050210455,0.8687946194075924,0.8822046311161111,0.8800232338041275,0.006396134757104868,5,0.8781225526836064,0.005455210473643378,0.8698274590636395,0.8828580322441194,0.8808071014613016,0.006212356643126701,5,0.8780553223521933,0.006449919292946293,0.8684421653680046,0.8838962261347971,0.8806699153146824,0.00734568668824627,5,0.883168091014667,0.006520032819385916,0.8733914450730194,0.8890071679799025,0.885907205835271,0.007382550259368051
bogazici,random-forest,250,10,5,0.6184356042304182,0.014966206954788288,0.6051967573951791,0.6430450421431255,0.6173296827186342,0.024200105641414758,5,0.6272319179437175,0.01573184321829936,0.6131457774972903,0.6533811100804261,0.6257330140498526,0.02508138181148971,5,0.602927465855621,0.012785842877414603,0.5901842053835062,0.6222539665470301,0.603465241147669,0.021206270408116297,5,0.5998326703883169,0.01266807487047473,0.5868158176257177,0.6187380386601847,0.6005235752501831,0.02111934793794031,5,0.6578602032242076,0.028222016858944276,0.633446793281141,0.7066561777138836,0.6506469501684118,0.04289971747892133,5,0.6272319179437175,0.01573184321829936,0.6131457774972903,0.6533811100804261,0.6257330140498526,0.02508138181148971
bogazici,random-forest,250,11,5,0.5989879822896901,0.0034255306278817292,0.594951959278335,0.6034306195596518,0.5996355531459896,0.005718863698712792,5,0.6910557102823304,0.0025329572429467918,0.6891265728500389,0.6943665878456198,0.689388912499555,0.0036653444943128446,5,0.5978714403875929,0.003268276509683517,0.5940763491550043,0.6021529390494729,0.5982787650468121,0.005466520540878709,5,0.6064229029105679,0.003870814969433007,0.6017115331487166,0.6112837879146686,0.6077337392792769,0.006383028989925625,5,0.6755227629202746,0.0021386337995360646,0.6724891408696942,0.6775933458942026,0.6752172915290214,0.0031658944996772326,5,0.6910557102823304,0.0025329572429467918,0.6891265728500389,0.6943665878456198,0.689388912499555,0.0036653444943128446
bogazici,random-forest,250,12,5,0.7734141438568385,0.005501217594677994,0.7676344784849538,0.7800885691398516,0.7721838489790366,0.0071129001691702795,5,0.7580961132605673,0.005074869883091327,0.7520878859024254,0.7633682887741668,0.7604845385318539,0.006694230183115356,5,0.7430941124471243,0.004870918468054719,0.7383165772959277,0.7483743863659359,0.7406689154513846,0.006554914628530736,5,0.778627557834848,0.00482896828796276,0.774355962628967,0.7843605123599404,0.7767731679781641,0.006201897478931789,5,0.7353417681325243,0.004857516526109776,0.7305375074393499,0.7409518767717346,0.7325078114909566,0.0066057943892483305,5,0.7580961132605673,0.005074869883091327,0.7520878859024254,0.7633682887741668,0.7604845385318539,0.006694230183115356
bogazici,random-forest,250,13,5,0.6725134220898117,0.0032427541686908816,0.669863141234522,0.6776060577848121,0.6714924122521181,0.004821843047554557,5,0.7250505417191947,0.002400226759807038,0.7226365633875182,0.7284708181297126,0.7252026647106967,0.00331042682088861,5,0.6654073690251229,0.002943349877645301,0.6628574159188185,0.670049334432004,0.6641624377277227,0.0044233803451223476,5,0.6843089117836898,0.0032637857981133497,0.6815525121344391,0.6894133895979405,0.6834031396827368,0.004769462653359442,5,0.6930126643646405,0.0019492965788522583,0.6910224553519863,0.695528663782014,0.6936967049580688,0.0028127863733044315,5,0.7250505417191947,0.002400226759807038,0.7226365633875182,0.7284708181297126,0.7252026647106967,0.00331042682088861
bogazici,random-forest,250,14,5,0.612752401820327,0.01955208375253935,0.5868363391201753,0.6352604078880836,0.6205123883364234,0.03190862034070406,5,0.6656444509038628,0.022714069237161676,0.6421541808825836,0.691818935465453,0.6680818836815423,0.03412342611182108,5,0.6109388684465873,0.01937131377027734,0.5858448031123523,0.6326198054909825,0.6180194738350001,0.03170745023889558,5,0.6192475934909369,0.01962247744229899,0.5926144357940788,0.6430247238827409,0.6251813186895924,0.0316876119480409,5,0.6542887391811545,0.023084483872262973,0.6307869198882086,0.6857368670235672,0.6539033944866888,0.03528179913527675,5,0.6656444509038628,0.022714069237161676,0.6421541808825836,0.691818935465453,0.6680818836815423,0.03412342611182108
bogazici,random-forest,250,15,5,0.788575723412251,0.00827333166632908,0.7779030439684329,0.796880871852687,0.7891770011273957,0.01049148663939272,5,0.742864480641601,0.010813564180611912,0.7295457094469141,0.7544921395039486,0.7435763723931523,0.014556577225596244,5,0.7541869764441946,0.011705905400779329,0.7396497752428971,0.7665978397726948,0.7550693435399464,0.015521224532369655,5,0.7735300506702991,0.010276267323117101,0.7606515698373089,0.7842905867364879,0.774304276318367,0.013284897353648054,5,0.8260381993598964,0.005434592890566045,0.8176368121106115,0.8322887162661132,0.8265730483442613,0.006579106020493186,5,0.742864480641601,0.010813564180611912,0.7295457094469141,0.7544921395039486,0.7435763723931523,0.014556577225596244
bogazici,random-forest,250,16,5,0.9003413542249581,0.0017542052288550593,0.8982652490207051,0.902406267487409,0.8999160604364858,0.0019483779353500139,5,0.9010661609770321,0.0017328406714079041,0.8990158809890845,0.9031066485178811,0.9006461067118174,0.001923100374259947,5,0.8998960932781884,0.001791923957342496,0.8977738258664688,0.9020039485780835,0.8994623235698551,0.001991256513643461,5,0.8998318627611264,0.0017952247641060731,0.8977056057030075,0.901943512899128,0.8993973150391925,0.001995066899050942,5,0.9093928117049372,0.0012352476250874654,0.9079500977220392,0.9108681338891739,0.9090900350784417,0.0013583212987703442,5,0.9010661609770321,0.0017328406714079041,0.8990158809890845,0.9031066485178811,0.9006461067118174,0.001923100374259947
bogazici,random-forest,250,17,5,0.7318036022699236,0.007821158935845266,0.7221551287545288,0.7415559624449726,0.7346864570753309,0.010687510845239669,5,0.8001464683093106,0.0048983654920060965,0.7939460471046997,0.8062476734357651,0.8012981585202635,0.00612183604628815,5,0.7140441380864739,0.007057437323828806,0.7052989532175129,0.7228602587003394,0.7167098369684655,0.0098837550053161,5,0.7487281166535957,0.007377071706361708,0.7396181156278666,0.7579101463715812,0.7514554444102619,0.009852804432312725,5,0.7290662651464797,0.0038219921760610006,0.724267889599907,0.7338836575738241,0.7299620842310723,0.005242311102260517,5,0.8001464683093106,0.0048983654920060965,0.7939460471046997,0.8062476734357651,0.8012981585202635,0.00612183604628815
bogazici,random-forest,250,18,5,0.5332599585150065,0.033149682493466406,0.4967616306142319,0.570799644414342,0.5241078609829404,0.0621642070891275,5,0.6167183175857025,0.025752671866496657,0.5887371038374738,0.6461229780739719,0.6078338179344142,0.041757591970531874,5,0.5139851809490618,0.04161557904535871,0.46714805190105513,0.5604785167773415,0.5048651677885283,0.08096649589880492,5,0.49080298570003567,0.04789946346377278,0.43664112048114223,0.5441215252708577,0.481159921738208,0.09759407513679536,5,0.682295931724551,0.012820263904577038,0.6705162912023903,0.6969337928301658,0.6783803289211097,0.018789887655013444,5,0.6167183175857025,0.025752671866496657,0.5887371038374738,0.6461229780739719,0.6078338179344142,0.041757591970531874
bogazici,random-forest,250,19,5,0.40263668252773926,0.016024789278606188,0.3812062186708492,0.42609764627335445,0.40336579731032945,0.039799625751938725,5,0.6079055430063773,0.007252239871814492,0.5983314413728048,0.6162627850498961,0.6109957208221701,0.01192987949402266,5,0.40244286540030644,0.015960677213992892,0.38079659238192803,0.42554264132717234,0.4033624351256821,0.039659486069201264,5,0.40237881126253294,0.022870910366253133,0.371538903229223,0.4359219718089433,0.40253913516990864,0.056839251287839204,5,0.6081004757173991,0.004000529472489069,0.6028301224817632,0.6122425286300647,0.6085720265897004,0.006578731035803734,5,0.6079055430063773,0.007252239871814492,0.5983314413728048,0.6162627850498961,0.6109957208221701,0.01192987949402266
bogazici,random-forest,250,2,5,0.8522979397781298,0.006655629747078821,0.8466719492868463,0.8599445324881141,0.8484548335974643,0.007809041224259458,5,0.8500417040479444,0.007651903704163128,0.8438026128378391,0.8584515877082236,0.845635695670822,0.00900179799146836,5,0.8500917777074435,0.0070171340362321765,0.8442303276178812,0.8580511856160198,0.8460493547656781,0.008254560531283131,5,0.8522713857725922,0.006785138315261975,0.8465715028257813,0.8600192271331538,0.8483595293648263,0.007961241487781713,5,0.850229002187285,0.006406012579041946,0.8447047307434048,0.8576877061290085,0.8465062704854165,0.0075344554967684526,5,0.8500417040479444,0.007651903704163128,0.8438026128378391,0.8584515877082236,0.845635695670822,0.00900179799146836
bogazici,random-forest,250,3,5,0.523057874345968,0.004071507192587944,0.5192315373247594,0.529349895488011,0.5230658625234653,0.007784047219782248,5,0.6542389461122027,0.002565097314322382,0.6515847722284962,0.6581332945205693,0.6545637876582983,0.003920734663635364,5,0.522520693591629,0.003929668608159827,0.5188416884312941,0.5285867917542644,0.5225553896931088,0.007520599004698983,5,0.5300569952456676,0.004871707165303577,0.52533327423871,0.5375766183674724,0.5299549594135972,0.009190911937773157,5,0.6433797992962221,0.001252844001181476,0.6416740358513864,0.645072335198694,0.6433039563857071,0.001947285262222924,5,0.6542389461122027,0.002565097314322382,0.6515847722284962,0.6581332945205693,0.6545637876582983,0.003920734663635364
bogazici,random-forest,250,4,5,0.7221237926501687,0.0023642677789521916,0.7199138900001905,0.7259530205178031,0.7221428435350822,0.0032740477505600707,5,0.7625526371066087,0.0017669428318190755,0.7604617316340716,0.7651128055297631,0.7628509356924377,0.0023171421169343462,5,0.721946566758724,0.0023211628698324516,0.7197511271701806,0.7256917447011355,0.7219821413763692,0.0032151449659960623,5,0.7236709762025866,0.0025112104359214086,0.7214213440052463,0.72778533814321,0.723635132439962,0.0034700996979301446,5,0.7564667690361421,0.001240996231387254,0.7546263326232621,0.7577765847321736,0.7569741917031074,0.0016405165199371268,5,0.7625526371066087,0.0017669428318190755,0.7604617316340716,0.7651128055297631,0.7628509356924377,0.0023171421169343462
bogazici,random-forest,250,5,5,0.33253087414343796,0.005903770056954222,0.3220957453866495,0.3361229847690718,0.3352225876465515,0.017754050874709507,5,0.5813619619804792,0.0034963942956494254,0.5753086493867813,0.5836847520498663,0.5826421244025491,0.0060141435530775686,5,0.3317295332102841,0.0062258558331037194,0.3207247896434989,0.3354986796937272,0.3346238512711263,0.018767867222594062,5,0.3174418050844462,0.008958183857134502,0.3016358216915586,0.3227579528329761,0.3217642500280037,0.028219924766214825,5,0.5954950794703523,0.0015906264940352655,0.5936325195518137,0.5968232337098116,0.5964295138458298,0.0026710993068994075,5,0.5813619619804792,0.0034963942956494254,0.5753086493867813,0.5836847520498663,0.5826421244025491,0.0060141435530775686
bogazici,random-forest,250,6,5,0.8969226437105273,0.0028287407747170355,0.8923662791477265,0.8992584845193559,0.8973141853386433,0.0031538291451921273,5,0.8448032831428737,0.007273724716575644,0.8322915161311599,0.8500282504679256,0.8471162736185449,0.008609962652507243,5,0.8610157549351957,0.004969903946813367,0.8526615334395817,0.8648833639982417,0.8615010843746022,0.005772140542524017,5,0.8942308941349129,0.0033816559603440286,0.8886259472885127,0.8969290985610316,0.8946170828849003,0.003781636244647389,5,0.8826786264885792,0.0019996209735287677,0.8794618720068843,0.8844091159744643,0.8833883249936333,0.002265400921152406,5,0.8448032831428737,0.007273724716575644,0.8322915161311599,0.8500282504679256,0.8471162736185449,0.008609962652507243
bogazici,random-forest,250,7,5,0.6647171082173328,0.018404235493743204,0.6400426582846879,0.6828581050740907,0.6667602155365964,0.027687320314502634,5,0.6128223624360551,0.007616619468845889,0.6038104044651562,0.6240690342742592,0.6139990743075813,0.012428755763038337,5,0.5867649300495501,0.011862276830114333,0.5710246802873719,0.6002561361465033,0.5883543389734269,0.020216403916833624,5,0.6865019409684162,0.014620404631012147,0.6667740623177365,0.7003234321528242,0.6883255121924591,0.021296960370407438,5,0.5866894613826208,0.00825004891975079,0.5762715654058534,0.597089052841675,0.5874878814300075,0.014062037010701241,5,0.6128223624360551,0.007616619468845889,0.6038104044651562,0.6240690342742592,0.6139990743075813,0.012428755763038337
bogazici,random-forest,250,8,5,0.716411332633788,0.002228226096762013,0.7133962924099335,0.7186428821266176,0.715897166841553,0.0031102608170228765,5,0.7003946845855721,0.0020204718315372733,0.6971664817866561,0.7024531472461502,0.7003556188560366,0.0028847618007449604,5,0.6944191555443376,0.002148447620359189,0.6912253445982564,0.6966135999332719,0.694138452984962,0.003093877240000782,5,0.719751572454955,0.0020999353486987906,0.7167938505264861,0.7218769317321051,0.719348371930996,0.002917583551135921,5,0.6911579807196155,0.002145886432022982,0.6880174956155525,0.693338930764024,0.6908331582590841,0.003104769809340466,5,0.7003946845855721,0.0020204718315372733,0.6971664817866561,0.7024531472461502,0.7003556188560366,0.0028847618007449604
bogazici,random-forest,250,9,5,0.6920582699802902,0.002956588627037066,0.6875472369181523,0.6943048948561775,0.6938751315223995,0.004272167179103675,5,0.5707141264752712,0.007274473795297123,0.5605682131252423,0.5805835639844317,0.571737119861629,0.012746265525656868,5,0.5720481842894373,0.008835259792484841,0.5598024980190099,0.5839665787276854,0.5736532832306288,0.015444957322012048,5,0.6659651689286918,0.005271422564943911,0.6580911999053436,0.6726637939365523,0.6661755412677305,0.007915462866359529,5,0.5999977085969965,0.006587280983054432,0.5894899542142049,0.6071782435852061,0.6012222799367603,0.010978843566682592,5,0.5707141264752712,0.007274473795297123,0.5605682131252423,0.5805835639844317,0.571737119861629,0.012746265525656868
minecraft,knn,10,0,5,0.6542811530177605,0.008135550998152044,0.6451077943615257,0.664179104477612,0.6564315352697095,0.01243433493480318,5,0.6506704913554229,0.00835513666686625,0.6415211197819894,0.6606837606837607,0.6531486444753271,0.012840810791129503,5,0.6473684638461783,0.009157597923527619,0.6373828345567476,0.6577730973205784,0.6508018949808766,0.014145882036205525,5,0.6488526323912988,0.009036482735312488,0.6391240719047337,0.6591707716093858,0.6521633112598754,0.013926864567088516,5,0.6604977518052866,0.007713638227053158,0.6507216168438827,0.6706842105263158,0.6610290621484651,0.011678523062296695,5,0.6506704913554229,0.00835513666686625,0.6415211197819894,0.6606837606837607,0.6531486444753271,0.012840810791129503
minecraft,knn,10,1,5,0.7981497880487611,0.0071088520834052486,0.7890679747722494,0.8086895585143657,0.7987377279102384,0.008906664124768206,5,0.7963225070103913,0.007089349044817675,0.7872620100206307,0.8068209057864231,0.7968271926804074,0.00890261041526127,5,0.7949287313853372,0.0071611485399496605,0.7857341324773215,0.8054550548247092,0.7954421294387256,0.009008541592741016,5,0.7953465276438525,0.007150682805572899,0.7861649098525086,0.8058593677859163,0.7958791148714123,0.00899065068751378,5,0.8134880659392227,0.007974738002203571,0.8037269403357155,0.8257834959922892,0.8125103314323497,0.00980314074183281,5,0.7963225070103913,0.007089349044817675,0.7872620100206307,0.8068209057864231,0.7968271926804074,0.00890261041526127
minecraft,knn,10,10,5,0.6306536438767842,0.013138345702958378,0.6100676183320811,0.6461307287753568,0.6341096919609316,0.020832902228541346,5,0.6305953703452823,0.01314732289691497,0.6099915553508368,0.6460721091753145,0.6340452579004887,0.020849063464763715,5,0.630526544595757,0.013176281260544412,0.609869421645363,0.6460156353667592,0.6339700206393978,0.020897266536164607,5,0.63055145625523,0.013171991298351891,0.6099024544264827,0.6460396131602171,0.6339968805089234,0.020889637424007835,5,0.630735567497105,0.013125256206292643,0.610178136040205,0.6462226622184852,0.6341102077687444,0.020809443580891585,5,0.6305953703452823,0.01314732289691497,0.6099915553508368,0.6460721091753145,0.6340452579004887,0.020849063464763715
minecraft,knn,10,11,5,0.5496302439861974,0.008646179046027535,0.5432873274780426,0.5633626097867002,0.5445420326223338,0.015730901166065858,5,0.5535559346342401,0.008719806051956523,0.5467476217476217,0.5675014175014175,0.5487525987525987,0.01575234859999848,5,0.5359218297646201,0.008973847684176429,0.5281901997227374,0.5484154585596499,0.5326936304080643,0.016744695188322136,5,0.5342180243829547,0.009028294420182392,0.5263529752171245,0.5466630339330302,0.5311928566564841,0.01690001835975203,5,0.5618360222204274,0.010564054421218725,0.5521487806592171,0.5792258207630878,0.5576167076167076,0.018802736035807413,5,0.5535559346342401,0.008719806051956523,0.5467476217476217,0.5675014175014175,0.5487525987525987,0.01575234859999848
minecraft,knn,10,12,5,0.6519865319865319,0.018505658222025777,0.6363636363636364,0.6781144781144781,0.6430976430976431,0.028383497686127124,5,0.6523001828392321,0.018506130914692952,0.6366859300857604,0.6784124548343564,0.6434390100561578,0.02837057447100859,5,0.6434785037761783,0.01900014525167728,0.6270232558139535,0.6710911638562167,0.6327728692847785,0.029527241609746322,5,0.6433676009972956,0.019006598240324524,0.6269040169133192,0.6709940673457337,0.6326484744195633,0.029542361491100975,5,0.6686373964920967,0.02056927923555402,0.6488360535779271,0.6953267112025482,0.6618616903691696,0.03076298056834329,5,0.6523001828392321,0.018506130914692952,0.6366859300857604,0.6784124548343564,0.6434390100561578,0.02837057447100859
minecraft,knn,10,13,5,0.5073558648111332,0.00845547403988687,0.4943671305500331,0.5168986083499006,0.5089463220675944,0.016665765838805236,5,0.5079405996963563,0.008134285490349296,0.4953082827260459,0.5172301998987854,0.5093465334008097,0.016014245553932726,5,0.5067943261310752,0.00894694380208824,0.49339801339801337,0.5168570217643842,0.5088600467083443,0.01765399362378465,5,0.5065836231890315,0.009126075354498773,0.49300155638127807,0.5167768190637456,0.5087435749733565,0.018014943509323398,5,0.5079586072243846,0.0081535138262773,0.4952571276312283,0.517247596365261,0.5093619972260749,0.016051531975863505,5,0.5079405996963563,0.008134285490349296,0.4953082827260459,0.5172301998987854,0.5093465334008097,0.016014245553932726
minecraft,knn,10,14,5,0.6685872576177285,0.00901363078117085,0.6620498614958449,0.6842105263157895,0.6648199445983379,0.013481607192586497,5,0.6675681051375363,0.009045606592951144,0.6609771190311317,0.6832669102588658,0.6639465128499796,0.013550088033471155,5,0.6584423229751831,0.010120498089787088,0.6507264306560081,0.6760196948284071,0.6548689967692498,0.015370363867342914,5,0.6587993303545173,0.010091877214764695,0.6511096852382795,0.6763336291362858,0.655281498246857,0.015318590578004974,5,0.6892613773297911,0.009989501961721525,0.6788404411193525,0.7030107553205379,0.6841926003775716,0.014493053419620008,5,0.6675681051375363,0.009045606592951144,0.6609771190311317,0.6832669102588658,0.6639465128499796,0.013550088033471155
minecraft,knn,10,15,5,0.7354834092032597,0.013183462014914746,0.7128404669260701,0.7470817120622568,0.7400778210116732,0.017924893818062098,5,0.7326957105031651,0.012969775521628138,0.7105165541720004,0.7444273924512199,0.7369467395942434,0.01770144868559608,5,0.7317987342412006,0.01289142179892651,0.709871047680235,0.7437740389187372,0.7356123439632953,0.01761607556248861,5,0.7327107603130827,0.012912690446072492,0.7107161900809726,0.7446122848523689,0.7366017011536544,0.017623175672423566,5,0.7428735288964152,0.014902511732401091,0.7168734733024622,0.7542365401588702,0.7478881426315976,0.020060630985922596,5,0.7326957105031651,0.012969775521628138,0.7105165541720004,0.7444273924512199,0.7369467395942434,0.01770144868559608
minecraft,knn,10,16,5,0.667879548306148,0.013576060410548596,0.6530740276035132,0.6844416562107905,0.6662484316185696,0.02032710904979754,5,0.6658407358407359,0.013661239705646352,0.6508946008946009,0.6825442575442575,0.6642490392490392,0.02051727833743416,5,0.663812589847552,0.014018915285290864,0.6483371372741922,0.6810238338390466,0.66231664524309,0.02111878487949495,5,0.6646007499088131,0.013959361824975706,0.6492077009022835,0.6817281123883757,0.6630938588289406,0.021004131919638982,5,0.6725257587567982,0.013691500919479453,0.657839155827574,0.6889777516896161,0.670627830571481,0.02035832938918052,5,0.6658407358407359,0.013661239705646352,0.6508946008946009,0.6825442575442575,0.6642490392490392,0.02051727833743416
minecraft,knn,10,17,5,0.5430882352941176,0.006032101265292292,0.5367647058823529,0.5507352941176471,0.5433823529411764,0.011107037260760245,5,0.5457933267115476,0.006409545159559535,0.5390133539344444,0.5540043409483868,0.5460214104403487,0.011743538892601718,5,0.5388879287287027,0.004765098546183815,0.5340398872298214,0.5445094854573131,0.5394920868605079,0.008842466665425626,5,0.5377992579032992,0.004609489907193466,0.5330493553336735,0.5431781804607637,0.5384339344865661,0.008571023182821666,5,0.5480840555067853,0.007408818747315996,0.5402638472928518,0.5578456460465806,0.5480897077578488,0.013517668819001566,5,0.5457933267115476,0.006409545159559535,0.5390133539344444,0.5540043409483868,0.5460214104403487,0.011743538892601718
minecraft,knn,10,18,5,0.4292352232909885,0.004979929248077905,0.42292030250145435,0.4366279069767442,0.4290697674418605,0.011601865312674714,5,0.43014063756766807,0.004915697973892149,0.423984817268462,0.4374888452614671,0.4299347211180158,0.011428118025976633,5,0.3387405302475307,0.005259643664296686,0.33436384587279727,0.34772373712172355,0.3379834096064994,0.015527057421954387,5,0.33814334342863894,0.005293276725511444,0.3336576540336533,0.34716371085492026,0.3374123352627041,0.01565394330061247,5,0.3444180091703455,0.010023980512396901,0.3360294332350279,0.36150776890103076,0.342969696969697,0.029104112576875,5,0.43014063756766807,0.004915697973892149,0.423984817268462,0.4374888452614671,0.4299347211180158,0.011428118025976633
minecraft,knn,10,19,5,0.4788008609135983,0.0059935363374531364,0.46927053417576103,0.4844827586206897,0.4807581849511775,0.012517806100049381,5,0.48404992392763474,0.0060028739356823655,0.47458930273199806,0.4900109814451899,0.4857823377075925,0.012401352916191745,5,0.4046849105348106,0.009301030125607965,0.38842423486689437,0.4115674744417259,0.4074953300124533,0.022983387528129492,5,0.40162089463737904,0.009394850788624294,0.38523125306164685,0.40867004100330667,0.4044627456663947,0.02339233569285992,5,0.4666558875786917,0.013727556370526025,0.44356053943125184,0.47790825452122376,0.4721147872009941,0.029416871694801366,5,0.48404992392763474,0.0060028739356823655,0.47458930273199806,0.4900109814451899,0.4857823377075925,0.012401352916191745
minecraft,knn,10,2,5,0.5605029585798816,0.016534001896843818,0.5436390532544378,0.5857988165680473,0.5584319526627219,0.029498509586345794,5,0.5595349896126811,0.016453578149111477,0.5421469023022852,0.5846210762969919,0.5575998178661885,0.029405807419659136,5,0.5586488143679263,0.016576543945334508,0.5400759644558242,0.5836110652807567,0.5571408584008888,0.029672566233027373,5,0.5591665691957155,0.01658090776105213,0.5408544544454373,0.5841914890916705,0.5576007001927746,0.029652895352634358,5,0.5602709245714225,0.016739702738504985,0.5431933414097905,0.5859486693748319,0.5580357142857143,0.02987787158741098,5,0.5595349896126811,0.016453578149111477,0.5421469023022852,0.5846210762969919,0.5575998178661885,0.029405807419659136
minecraft,knn,10,20,5,0.6370334132693845,0.013397896160637761,0.6227018385291767,0.6530775379696243,0.6418864908073542,0.02103170082064777,5,0.6366424933729784,0.01338339481941172,0.6223162802110171,0.6526346460556987,0.6415930560667402,0.021021837151500078,5,0.6278605199185625,0.01389110161021318,0.6124982937303779,0.6406105200726544,0.6363032260074135,0.02212450244843384,5,0.6280074937384088,0.013888247184093518,0.6126490850328232,0.6407710396163924,0.6364112891970898,0.022114779397646087,5,0.6514631771150173,0.016368350687490305,0.6364787479181402,0.6768594258095469,0.6506657818585322,0.02512551938848945,5,0.6366424933729784,0.01338339481941172,0.6223162802110171,0.6526346460556987,0.6415930560667402,0.021021837151500078
minecraft,knn,10,21,5,0.49092422980849293,0.011636117933907187,0.47960033305578686,0.507910074937552,0.492089925062448,0.023702472250038215,5,0.49641303141303145,0.011469866446293362,0.4853826728826729,0.5132811632811632,0.4968697968697969,0.02310549022785437,5,0.46957660704299703,0.01406353160985066,0.45523392735968526,0.48849237376994836,0.47131149027084696,0.029949387169031026,5,0.4668376572935598,0.01427877047305811,0.4522600746959879,0.4859199432733855,0.46844812936219243,0.03058615827145933,5,0.4954600548467421,0.014138096790994509,0.48170816404486577,0.5160415619239149,0.49637408628903157,0.02853529089316346,5,0.49641303141303145,0.011469866446293362,0.4853826728826729,0.5132811632811632,0.4968697968697969,0.02310549022785437
minecraft,knn,10,22,5,0.4371069182389937,0.013584032117267403,0.4220125786163522,0.45534591194968554,0.43836477987421385,0.031077138225115354,5,0.4385565052231719,0.013819988839156425,0.423338081671415,0.4570275403608737,0.4400522317188984,0.031512447482961704,5,0.4343485056344913,0.012770259760652467,0.41976310199861094,0.4517931167377204,0.43464336865543096,0.02940095244945719,5,0.43361908917191344,0.012663852277162163,0.41908144241747725,0.45096043035991595,0.4337779241859466,0.029205015630991808,5,0.4370745579298848,0.013700022521654951,0.4217564928298997,0.45560649861995894,0.4380407630433396,0.031344818116484145,5,0.4385565052231719,0.013819988839156425,0.423338081671415,0.4570275403608737,0.4400522317188984,0.031512447482961704
minecraft,knn,10,23,5,0.5288214332909552,0.011744162757351621,0.5165912518853696,0.5430513595166163,0.5301659125188537,0.022208182229425704,5,0.5287475213523092,0.011632853053280334,0.5165912518853695,0.5426817998233857,0.5301659125188537,0.02200077084716821,5,0.5043513947337768,0.012726608034042231,0.48806696592859034,0.5187336851662694,0.5060483955353507,0.025233613244511805,5,0.5043874546404166,0.012760116684154494,0.4880669659285903,0.5187336851662694,0.5060483955353507,0.02529824357596547,5,0.5359112139332984,0.015020540890583625,0.5210455856577004,0.5561260006961364,0.5374872780730522,0.028028039906724436,5,0.5287475213523092,0.011632853053280334,0.5165912518853695,0.5426817998233857,0.5301659125188537,0.02200077084716821
minecraft,knn,10,24,5,0.49936708860759493,0.005305812801670604,0.49156118143459915,0.5063291139240507,0.4989451476793249,0.010625075065449373,5,0.4985844017094017,0.005337103900898004,0.49083867521367525,0.505715811965812,0.4982104700854701,0.010704514386329954,5,0.4969798390093631,0.005510112760986956,0.48951630201630203,0.5048392857142857,0.4968619515677951,0.011087195754198684,5,0.4974139411091264,0.005482481412177529,0.48992527789996143,0.5051830922242315,0.49727176063891576,0.011021969750089376,5,0.49855737728584,0.005400225224361175,0.490719696969697,0.5057692307692307,0.4981863379817822,0.010831702569040598,5,0.4985844017094017,0.005337103900898004,0.49083867521367525,0.505715811965812,0.4982104700854701,0.010704514386329954
minecraft,knn,10,25,5,0.7414359837559138,0.010159313573667996,0.7297124600638978,0.7571884984025559,0.7405750798722045,0.013702212728068128,5,0.7414951139634917,0.01013703297940126,0.7297974848930262,0.7572227666176711,0.7406010125755349,0.013671071849976301,5,0.7413603336029155,0.01021616290108439,0.729553011482645,0.7571717429082879,0.7405664999689687,0.01378029338504686,5,0.7413469887156162,0.010222375223283568,0.7295320314061643,0.7571652984874158,0.7405617333560601,0.013788921218920487,5,0.7418136893744023,0.009929131020092297,0.7304123694458182,0.7573211058938089,0.7406505339985037,0.013384939051833735,5,0.7414951139634917,0.01013703297940126,0.7297974848930262,0.7572227666176711,0.7406010125755349,0.013671071849976301
minecraft,knn,10,26,5,0.5217339476102363,0.017710699741357236,0.49881046788263284,0.5384615384615384,0.5321173671689136,0.03394584504703937,5,0.5240539322902886,0.017785578850184995,0.5011119832548404,0.54104526425955,0.5342425431711146,0.033938451282020055,5,0.4981617234920865,0.017886718960854853,0.4737840179175118,0.5124931852970163,0.5089774126210994,0.03590544619821437,5,0.49702688271961676,0.01790792315778115,0.4726009493737061,0.5114848281257329,0.5077369801423754,0.0360300896800453,5,0.5302163409262768,0.022821579235499243,0.5013886794349771,0.5547501594013222,0.5412217208274024,0.04304201412508416,5,0.5240539322902886,0.017785578850184995,0.5011119832548404,0.54104526425955,0.5342425431711146,0.033938451282020055
minecraft,knn,10,27,5,0.3776353816243,0.0019706470635277055,0.3759342301943199,0.3807030665669409,0.3774289985052317,0.005218385668873191,5,0.37999737833006003,0.0020332880357024374,0.37819674878498405,0.38316101600089514,0.3799061504943858,0.005350794904527878,5,0.33404395285514416,0.004545296859053612,0.3273740373526194,0.3397452107736718,0.33472672543923115,0.013606882627881752,5,0.3324919681204189,0.0045702838041550365,0.3257283947941773,0.338146255442403,0.3332417703129216,0.013745546486403583,5,0.33525158576580577,0.005869706496965667,0.3265842798141456,0.3425679669030733,0.33612914862914867,0.0175083631105209,5,0.37999737833006003,0.0020332880357024374,0.37819674878498405,0.38316101600089514,0.3799061504943858,0.005350794904527878
minecraft,knn,10,28,5,0.48963997060984565,0.008125593711064942,0.47979426891991184,0.5011021307861866,0.4878765613519471,0.01659503757616955,5,0.4985556664808308,0.008437091122677534,0.4882610086132756,0.5104716341021751,0.4967457117296996,0.016923067352202958,5,0.42556018356766945,0.004251016806263811,0.42159367426137384,0.43090408704814587,0.42438882608613865,0.009989225896618322,5,0.4206289400512733,0.0041392103286447685,0.4166427870800559,0.4257640629250676,0.41947274039077737,0.009840526731565859,5,0.4980525484835613,0.016454812122993066,0.47925956751473686,0.522274315131458,0.49379352977539664,0.03303830524127149,5,0.4985556664808308,0.008437091122677534,0.4882610086132756,0.5104716341021751,0.4967457117296996,0.016923067352202958
minecraft,knn,10,29,5,0.43419307295504794,0.01176073934703351,0.4200442151805453,0.449521002210759,0.43625644804716285,0.02708642785798451,5,0.43735726611637793,0.011968337775216381,0.4229921629480877,0.45275383485249565,0.4398865952942915,0.027365128471494707,5,0.42460186135072825,0.010844568281099328,0.41165928917119554,0.4398836313001965,0.42348158576510087,0.025540557562797713,5,0.42291380727640265,0.010791791688074464,0.4100547662928632,0.43820521277082874,0.42152108709805175,0.02551770952472427,5,0.43210793518174545,0.012243908618175165,0.41737786110022945,0.4485978435637946,0.4330369247753331,0.02833530148671154,5,0.43735726611637793,0.011968337775216381,0.4229921629480877,0.45275383485249565,0.4398865952942915,0.027365128471494707
minecraft,knn,10,3,5,0.6990962254120149,0.0029118689925846067,0.695906432748538,0.7028176501860712,0.6996278575225944,0.004165190551370072,5,0.6993701668701668,0.002931165515317853,0.6962148962148962,0.7031186406186407,0.6998524623524623,0.004191150343794981,5,0.698190027723358,0.002819935897521772,0.6947655219839453,0.7017602876319238,0.6990559367192448,0.004038923195046131,5,0.6981122107218132,0.0028168643768642543,0.694676233315412,0.7016753209981084,0.6989931649237553,0.004034973652662166,5,0.7020144982393097,0.0034550468698398506,0.6980940937976903,0.7062791055469317,0.701552804945625,0.004921617542807584,5,0.6993701668701668,0.002931165515317853,0.6962148962148962,0.7031186406186407,0.6998524623524623,0.004191150343794981
minecraft,knn,10,30,5,0.5406940063091483,0.00581139855739448,0.5307570977917981,0.5457413249211357,0.5425867507886435,0.010748035838355017,5,0.5432722169135212,0.005867507161038036,0.5331661092530657,0.5482909300844083,0.545309762701067,0.01080030779849733,5,0.5293141981834312,0.005893034236545363,0.5207754385184856,0.5348531513423871,0.529938129569975,0.011133338680069115,5,0.528164101094761,0.005926314881230629,0.5196845467946263,0.5337306592208666,0.5287219159912567,0.01122059388161134,5,0.5484762318486405,0.006831103719753114,0.5365444041381164,0.5538546927901427,0.5506819252467455,0.012454694156442955,5,0.5432722169135212,0.005867507161038036,0.5331661092530657,0.5482909300844083,0.545309762701067,0.01080030779849733
minecraft,knn,10,31,5,0.579669260700389,0.010779684962797733,0.5666342412451362,0.5943579766536965,0.5817120622568094,0.01859626806805852,5,0.5800192695733816,0.01059785652553676,0.5672097354881941,0.5944019807152836,0.5819259730377404,0.018271559379969812,5,0.5794463130715605,0.010948939505169019,0.5661168211515847,0.5943483802834895,0.5816867287455523,0.018895520185692936,5,0.5793427314684679,0.011029237039542117,0.5659127681569446,0.5943752501200693,0.5816423951008525,0.01903749963615865,5,0.5802459136503858,0.010448167303222275,0.5676598457066253,0.5943859011627908,0.5819805963533873,0.01800644702087051,5,0.5800192695733816,0.01059785652553676,0.5672097354881941,0.5944019807152836,0.5819259730377404,0.018271559379969812
minecraft,knn,10,32,5,0.5760198691267177,0.004640281992316658,0.5717488789237668,0.5829596412556054,0.5739910313901345,0.008055767241764798,5,0.5782241623997445,0.0045232199951424565,0.5740673705379588,0.5849907826378414,0.5761018937489526,0.007822606333796568,5,0.55084553877243,0.007263065720601499,0.5423724260933563,0.56149904735503,0.5501539477875167,0.013185303700175881,5,0.549876361715556,0.007334811515526847,0.5413325516568817,0.5606290232779796,0.5492252302445575,0.013339019507299809,5,0.6018916112832586,0.0038407409514903596,0.5975957474245268,0.6067342580614383,0.6008930528161298,0.006381117263458342,5,0.5782241623997445,0.0045232199951424565,0.5740673705379588,0.5849907826378414,0.5761018937489526,0.007822606333796568
minecraft,knn,10,33,5,0.8387683694891532,0.005888225043516491,0.8313505948215535,0.8439468159552135,0.8425472358292512,0.007020084754868235,5,0.836788973927901,0.006062721158943146,0.8292048264537948,0.8422457745016205,0.8405763450467715,0.007245221134409354,5,0.8360623943832811,0.006412142069356734,0.8281170378688627,0.8419656216075749,0.83995107811821,0.007669453993426688,5,0.836429774134338,0.00636894704026702,0.8285294813577263,0.8422751832243935,0.8403076931884079,0.007614443241046213,5,0.8570466719508858,0.0033268369753081863,0.8523439826523893,0.8607756652413965,0.8573709882681266,0.0038817453986903006,5,0.836788973927901,0.006062721158943146,0.8292048264537948,0.8422457745016205,0.8405763450467715,0.007245221134409354
minecraft,knn,10,34,5,0.5496538703587162,0.0038435321547142616,0.5456261799874135,0.5550660792951542,0.5487728130899937,0.006992640936387636,5,0.5536905327881841,0.003886950904167288,0.5498866913885455,0.5592263319704605,0.5525633101961903,0.007020078318106717,5,0.5286013919010544,0.00426362564001164,0.5217558410202027,0.5329200629468174,0.530287631194367,0.008065861545838915,5,0.5267852129594053,0.004314628074875536,0.5198058696679516,0.5310638939465233,0.528447975373405,0.008190488207967271,5,0.5666684736577845,0.005424102394265785,0.5617492818169549,0.5745566261695294,0.5636335152617749,0.00957191487864815,5,0.5536905327881841,0.003886950904167288,0.5498866913885455,0.5592263319704605,0.5525633101961903,0.007020078318106717
minecraft,knn,10,35,5,0.6316071428571428,0.01350547885799219,0.6080357142857142,0.6419642857142858,0.6348214285714285,0.021382720272761176,5,0.6260475297060663,0.01367244692662744,0.6021397301885106,0.6364468864468864,0.6294782453319039,0.02183931135875059,5,0.6094113220313915,0.015707729208258425,0.5817052182205967,0.620731733063103,0.6145246648507049,0.025775250049340732,5,0.6117377890740553,0.015544816518049911,0.5843288975438113,0.622975172588511,0.6167359854117176,0.025410914276816236,5,0.6580373732644842,0.015306712055575482,0.6321070855223246,0.670643139038863,0.6599723947550035,0.02326115913392547,5,0.6260475297060663,0.01367244692662744,0.6021397301885106,0.6364468864468864,0.6294782453319039,0.02183931135875059
minecraft,knn,10,36,5,0.5629015151095442,0.00395127233891968,0.5571587125416204,0.56738768718802,0.562396006655574,0.007019473625241065,5,0.5640443441767945,0.0038837570975840344,0.5584200567644276,0.5684788145916853,0.5635119271744667,0.006885552772011675,5,0.5404367104846296,0.005125767043026328,0.5337219210969693,0.5462669963555271,0.5399803712644365,0.009484490863749546,5,0.5399180016334358,0.0051616302254009335,0.5331418024968542,0.5457783428401224,0.5394734850369989,0.00956002617024297,5,0.5800266031018978,0.0041460362452293,0.5735803388568237,0.5845947466026207,0.5801978709139781,0.007148010493065149,5,0.5640443441767945,0.0038837570975840344,0.5584200567644276,0.5684788145916853,0.5635119271744667,0.006885552772011675
minecraft,knn,10,37,5,0.4825307905151545,0.012982055369635311,0.46391184573002753,0.49476584022038567,0.48705234159779615,0.026904097365010725,5,0.4854857245062648,0.012887731842036735,0.4668812526868793,0.4976628704250188,0.489693313222725,0.026546057260784458,5,0.44937461178840576,0.016805823374254215,0.4277933790387096,0.4626066606416541,0.4603129534281122,0.03739824843991736,5,0.44778284053278056,0.01693354026439056,0.42613002859897786,0.4610856183642817,0.45892303473612367,0.0378164117326218,5,0.4802495326286185,0.017866738032979664,0.45499262295893617,0.4968808044266807,0.48697805586839044,0.0372030305478635,5,0.4854857245062648,0.012887731842036735,0.4668812526868793,0.4976628704250188,0.489693313222725,0.026546057260784458
minecraft,knn,10,38,5,0.6013431955560953,0.0061622272269679776,0.5946728430804864,0.6108859293572669,0.5993051534452808,0.010247438189218097,5,0.6018532782029229,0.006213271129246919,0.5951875129090318,0.6115340355846686,0.5997462453158655,0.010323564487011121,5,0.5990427807793574,0.005639497974523131,0.5922545567383063,0.6071237061471214,0.5975822962124886,0.009414182351360814,5,0.5988486146359447,0.005625637893290761,0.5920545480934644,0.6068788277133249,0.5974145844464646,0.009394090185398073,5,0.6045007176625274,0.00716555675910441,0.5976970197535962,0.6162780942473385,0.6016566656187208,0.01185367783649961,5,0.6018532782029229,0.006213271129246919,0.5951875129090318,0.6115340355846686,0.5997462453158655,0.010323564487011121
minecraft,knn,10,39,5,0.6840352595494613,0.0077616504431572845,0.6718903036238981,0.693437806072478,0.6856023506366308,0.011346857248659203,5,0.6820957950559865,0.007757679660794339,0.6699744433955748,0.6915095280854036,0.6836602736782323,0.011373299347429033,5,0.6555452941188303,0.008377514980986737,0.6430967682693322,0.6661296708968143,0.6571764792025145,0.012779460177877731,5,0.6562243944896297,0.008361211259517987,0.6437917846399596,0.6667843179729432,0.6578532856652317,0.012741390490398966,5,0.7690412379856271,0.012704655527551161,0.7481123409213121,0.7813595823608339,0.7716008398592669,0.016520122589041973,5,0.6820957950559865,0.007757679660794339,0.6699744433955748,0.6915095280854036,0.6836602736782323,0.011373299347429033
minecraft,knn,10,4,5,0.30146862483311077,0.007214555987239684,0.2897196261682243,0.308411214953271,0.3030707610146863,0.023931365962987266,5,0.30248138382741735,0.007281195758394721,0.2906511782963149,0.3095303037596022,0.3040894075448758,0.024071550011649817,5,0.2955363819498305,0.006488758482139547,0.284658691062632,0.3012166238912153,0.2971055659427585,0.02195587033761908,5,0.29484756530350714,0.006450740585525843,0.284016032636525,0.3004592985162621,0.29641394912282487,0.021878222324426,5,0.2947821922706795,0.0065560719577907834,0.28375364840851125,0.3004458340570899,0.29637473711516904,0.022240393516616382,5,0.30248138382741735,0.007281195758394721,0.2906511782963149,0.3095303037596022,0.3040894075448758,0.024071550011649817
minecraft,knn,10,5,5,0.4957841483979764,0.01622965982708276,0.47048903878583476,0.5134907251264755,0.4991568296795953,0.03273533427707509,5,0.4993512237439027,0.016228540178840806,0.47403330631284046,0.5171224597181336,0.5025242828903395,0.03249924984095719,5,0.4598536804710389,0.017784313391843547,0.4332526746716584,0.4775669434106308,0.4677724960941395,0.03867385246025792,5,0.4579755859140279,0.017863139916888184,0.4312928660340702,0.4757187745763751,0.46602892200605867,0.03900456807372585,5,0.4990854633842837,0.022559505386044326,0.4641001946481587,0.5240907926751184,0.50336132225896,0.04520168796956936,5,0.4993512237439027,0.016228540178840806,0.47403330631284046,0.5171224597181336,0.5025242828903395,0.03249924984095719
minecraft,knn,10,6,5,0.6328386114909192,0.0159110937752705,0.6084452975047985,0.6452540747842761,0.6404602109300096,0.025142419388389063,5,0.6333582514259397,0.015536046385210039,0.6097243525455726,0.6452464011304424,0.6418628013777268,0.024529634452906013,5,0.6326207356106772,0.015908658888701036,0.6081623624398607,0.6451363141478343,0.6400777404473941,0.025147229600914353,5,0.632609779624459,0.016061840984318843,0.6078592177274272,0.645316054066614,0.6397515156239867,0.025389808222461813,5,0.6336707952819034,0.015435920498332497,0.6103853230066174,0.6451449206080708,0.6429898742628242,0.024359526450111156,5,0.6333582514259397,0.015536046385210039,0.6097243525455726,0.6452464011304424,0.6418628013777268,0.024529634452906013
minecraft,knn,10,7,5,0.33284922828931307,0.007565657741029924,0.3256427158866183,0.344532279314888,0.3300395256916996,0.02272998432327397,5,0.33976138370875214,0.007676790986604676,0.33265765765765765,0.3516822201032727,0.33664983664983666,0.022594654232940492,5,0.27530396309187993,0.005781395314216317,0.2684980011906597,0.28290807715333866,0.2770423194123076,0.021000043912505664,5,0.27043498807650557,0.00579284982736589,0.2635113161818142,0.2779227484391459,0.27240022835133904,0.02142048951789886,5,0.25550891696665956,0.00740612586807241,0.2464705045373581,0.2639143849250232,0.2578958780023609,0.028985782398501612,5,0.33976138370875214,0.007676790986604676,0.33265765765765765,0.3516822201032727,0.33664983664983666,0.022594654232940492
minecraft,knn,10,8,5,0.6264995523724262,0.01834071707600362,0.5971351835273053,0.6463742166517458,0.630259623992838,0.02927490850799663,5,0.6275312253420835,0.018384762096925945,0.5980559137301694,0.6475000481130078,0.6317382267469833,0.029296967791369963,5,0.6260542161208802,0.018302581963295844,0.596824648199126,0.6459201549809043,0.6292600405842526,0.029234819432574406,5,0.6257863562190213,0.018305295613279572,0.5965742164828525,0.6456363664366284,0.6288291856667588,0.029251669409795875,5,0.6285306761139307,0.018623320735053236,0.5986049737122214,0.6487404824592613,0.6338043081654461,0.029629931271130956,5,0.6275312253420835,0.018384762096925945,0.5980559137301694,0.6475000481130078,0.6317382267469833,0.029296967791369963
minecraft,knn,10,9,5,0.5607819854523675,0.008657620334029585,0.5535006605019815,0.5746367239101717,0.5561426684280053,0.015438477980075839,5,0.5645648307645311,0.00883741113279047,0.5570162344861058,0.5786366104334376,0.5598549563280277,0.015653492125648153,5,0.5485317972441658,0.007598503365631046,0.5425736556064074,0.5608771863453511,0.544482914345928,0.01385243919095679,5,0.5469418249762134,0.007548387460071646,0.5410793643386365,0.5592342564868651,0.542913496249425,0.013801079228855696,5,0.5737320181697383,0.011201844542483522,0.5639674154684468,0.5914767269234128,0.5681122393230993,0.019524523972391346,5,0.5645648307645311,0.00883741113279047,0.5570162344861058,0.5786366104334376,0.5598549563280277,0.015653492125648153
minecraft,knn,100,0,5,0.6882352941176471,0.05342912389583807,0.6274509803921569,0.7647058823529411,0.6764705882352942,0.07763206036147412,5,0.6333333333333334,0.05804348801471731,0.5665445665445665,0.7216117216117216,0.615995115995116,0.09164761265481679,5,0.6340800959964449,0.06382967353573095,0.5597455701953657,0.7312252964426877,0.6141235813366961,0.10066500106019544,5,0.6671077270276318,0.05758378932246451,0.6003688163134404,0.7535456870495233,0.6506193902529486,0.08631857642997946,5,0.6759543226465955,0.07260456080547445,0.5899834892680242,0.768888888888889,0.6619318181818181,0.10741045418749957,5,0.6333333333333334,0.05804348801471731,0.5665445665445665,0.7216117216117216,0.615995115995116,0.09164761265481679
minecraft,knn,100,1,5,0.8607142857142858,0.02055511505932384,0.8392857142857143,0.8928571428571429,0.8571428571428571,0.023881461479712342,5,0.8119423955040392,0.027029871699334813,0.793115560238848,0.8580962416578855,0.7999648753073411,0.033290381003636536,5,0.8326608453212604,0.02582689329797206,0.8099547511312217,0.8753246753246753,0.8215850258861012,0.031017302474463573,5,0.8534253599629897,0.02218780596194005,0.8326195862960569,0.889517625231911,0.8457643511406953,0.025998531333662575,5,0.8850584306721988,0.02839770713110103,0.8466971333610303,0.9101123595505618,0.8993738819320215,0.03208568626314657,5,0.8119423955040392,0.027029871699334813,0.793115560238848,0.8580962416578855,0.7999648753073411,0.033290381003636536
minecraft,knn,100,10,5,0.6320754716981132,0.05815484908461297,0.5566037735849056,0.7075471698113207,0.6509433962264151,0.09200617914879068,5,0.6125143513203215,0.06416793280952278,0.5420972062763108,0.6990049751243781,0.6327975507079985,0.10476151729539707,5,0.6097508340380131,0.06269505681728607,0.5384900416859657,0.6930979732885029,0.6303835642258033,0.10282078074759556,5,0.6341638175827548,0.058318473987652025,0.5626416842178856,0.7106882994901943,0.6534105760664884,0.09196121312935328,5,0.6093183879973851,0.06094369737229314,0.5398550724637681,0.6906158357771262,0.6290922619047619,0.10001946202968467,5,0.6125143513203215,0.06416793280952278,0.5420972062763108,0.6990049751243781,0.6327975507079985,0.10476151729539707
minecraft,knn,100,11,5,0.5425,0.021830311495716237,0.5125,0.56875,0.54375,0.04024020552205758,5,0.5444027517198249,0.02094009052224254,0.5159474671669794,0.5705128205128205,0.5448717948717949,0.03846433629530824,5,0.5397546681906544,0.024658375233962714,0.5047619047619047,0.5673811669736275,0.5433040078201369,0.045684413099420895,5,0.5390165689795083,0.025156952070922257,0.5032142857142856,0.5667727967396841,0.5429472140762464,0.046671945759572085,5,0.5453132393631005,0.020730606324857508,0.5172413793103448,0.571826724000637,0.5451897339001732,0.03801596005457314,5,0.5444027517198249,0.02094009052224254,0.5159474671669794,0.5705128205128205,0.5448717948717949,0.03846433629530824
minecraft,knn,100,12,5,0.6192982456140351,0.03317135158103341,0.5964912280701754,0.6754385964912281,0.6052631578947368,0.053562805669090774,5,0.6638974358974359,0.031763011332190894,0.637948717948718,0.7164102564102564,0.6507692307692308,0.04784325050036478,5,0.6174803361476271,0.032539581835710714,0.5944942777605939,0.672388349514563,0.6037692129450838,0.052697357196377435,5,0.6256241095157072,0.033446108618361815,0.6020955165692008,0.6823709759836485,0.6114523584004423,0.05346038956882959,5,0.652377804858234,0.027861033391511015,0.6281359161638616,0.6978125,0.6409846547314578,0.04270689956652556,5,0.6638974358974359,0.031763011332190894,0.637948717948718,0.7164102564102564,0.6507692307692308,0.04784325050036478
minecraft,knn,100,13,5,0.5,0.04267023679573993,0.43103448275862066,0.5344827586206896,0.5086206896551724,0.08534047359147987,5,0.4943056943056943,0.03724832380388228,0.4448884448884449,0.5417915417915418,0.5038295038295038,0.07535483453453146,5,0.482134168928636,0.037804607573315566,0.4248798076923077,0.5229972586049345,0.49507445589919813,0.07841096941401655,5,0.5122848187267183,0.04172417695424164,0.4443696120689655,0.547244425304862,0.5221669234111467,0.08144722511579965,5,0.4947437457043923,0.03354703018392996,0.4500754147812971,0.5373178709485578,0.5035460992907801,0.0678068807846521,5,0.4943056943056943,0.03724832380388228,0.4448884448884449,0.5417915417915418,0.5038295038295038,0.07535483453453146
minecraft,knn,100,14,5,0.6627218934911243,0.02612947001872145,0.6331360946745562,0.6982248520710059,0.650887573964497,0.03942750386753504,5,0.6461538461538462,0.028861412325848844,0.6144688644688645,0.6868131868131868,0.6336996336996337,0.044666471456670825,5,0.6362801925750391,0.03429315213877773,0.5994648318042813,0.6854953475643131,0.622953299300435,0.05389630627977375,5,0.643769460180625,0.03269570906479296,0.6083980239943543,0.6903625110521663,0.6308477682272351,0.05078791568587207,5,0.6828189708188463,0.023729961900472805,0.6523247094113236,0.7077067669172932,0.6783536585365854,0.03475293293625907,5,0.6461538461538462,0.028861412325848844,0.6144688644688645,0.6868131868131868,0.6336996336996337,0.044666471456670825
minecraft,knn,100,15,5,0.7641509433962265,0.03946509559123001,0.7264150943396226,0.8301886792452831,0.7547169811320755,0.05164568065025161,5,0.7223497895139686,0.03929525568525347,0.6645618063528511,0.7745885954841178,0.7246460007654038,0.054399206943346934,5,0.7278441023663819,0.04525702816998196,0.6685581933989577,0.7948387096774194,0.7272259392691713,0.06217956293503151,5,0.7530371417507856,0.0401649705750699,0.710681626989763,0.817334144856969,0.7532931245983995,0.0533373034983211,5,0.776629489726661,0.06388729640923876,0.7126811594202899,0.8758512310110005,0.7596153846153846,0.08226225922958996,5,0.7223497895139686,0.03929525568525347,0.6645618063528511,0.7745885954841178,0.7246460007654038,0.054399206943346934
minecraft,knn,100,16,5,0.67375,0.04155192534648663,0.61875,0.725,0.675,0.06167261646973897,5,0.6689493433395872,0.041573149092493655,0.6142901813633521,0.7204502814258912,0.6713570981863665,0.06214693161211364,5,0.6584680262522995,0.043705628626068485,0.6038800275985228,0.7135416666666667,0.6661852030171722,0.06637471658999305,5,0.6602536629494284,0.04344902639190792,0.6057987337148424,0.7149739583333334,0.667541325629915,0.06580656621852904,5,0.7011632909474131,0.05027279212625068,0.6314984709480123,0.7563636363636363,0.6881868131868132,0.07169912169577787,5,0.6689493433395872,0.041573149092493655,0.6142901813633521,0.7204502814258912,0.6713570981863665,0.06214693161211364
minecraft,knn,100,17,5,0.5779816513761469,0.061200293872139135,0.48623853211009177,0.6422018348623854,0.5963302752293578,0.10588622273116134,5,0.5817216117216117,0.06223380160818157,0.4921245421245421,0.641941391941392,0.5948717948717949,0.10698210338790737,5,0.5678432950551746,0.060433202154684805,0.47882513661202186,0.6297360857068199,0.5836805555555555,0.10642584438513587,5,0.5863638032710827,0.05988170854389081,0.49650323356895776,0.6490579968979463,0.6043195718654435,0.10212381495896466,5,0.5754294425114994,0.05748046759650473,0.49274628879892035,0.6313559322033898,0.5875591615956728,0.09989142603761718,5,0.5817216117216117,0.06223380160818157,0.4921245421245421,0.641941391941392,0.5948717948717949,0.10698210338790737
minecraft,knn,100,18,5,0.4715151515151515,0.018382728349215886,0.45454545454545453,0.4909090909090909,0.4666666666666667,0.038986506139082534,5,0.49155614500442085,0.019250069077977234,0.47214854111405835,0.513262599469496,0.4876215738284704,0.039161485973904585,5,0.40145210572160506,0.019765150558730293,0.38063063063063063,0.4323394495412844,0.40178859168546566,0.04923414344334472,5,0.39032293457342104,0.020490399646274585,0.368959868959869,0.4223936613844871,0.3916127216436814,0.05249601760826143,5,0.48490720406701826,0.04255576193546934,0.44345238095238093,0.54,0.469718817591925,0.08776063044340289,5,0.49155614500442085,0.019250069077977234,0.47214854111405835,0.513262599469496,0.4876215738284704,0.039161485973904585
minecraft,knn,100,19,5,0.4526946107784431,0.04204428666237593,0.38922155688622756,0.5029940119760479,0.4550898203592814,0.09287560678064526,5,0.47209737827715353,0.04221136123054902,0.40874387784500144,0.5234082397003745,0.4729184673004898,0.0894124033998936,5,0.4117091818356776,0.045752978546784256,0.341401175378905,0.46218911263725604,0.42192552017954277,0.11112936161099583,5,0.40149472951337783,0.046650498805021444,0.3297117487882262,0.4524314193171102,0.4128053376301147,0.11619205776764012,5,0.45703575301842764,0.06671451393476617,0.35673903211216645,0.5376157407407407,0.4616483068135455,0.1459721990985599,5,0.47209737827715353,0.04221136123054902,0.40874387784500144,0.5234082397003745,0.4729184673004898,0.0894124033998936
minecraft,knn,100,2,5,0.6055555555555555,0.028986066374997302,0.5925925925925926,0.6574074074074074,0.5925925925925926,0.04786689860091298,5,0.5675585284280936,0.02372906490952855,0.5418060200668896,0.6036789297658862,0.5641025641025641,0.04180901831437264,5,0.5671495417388923,0.024415633034214415,0.5416666666666666,0.6060337178349601,0.5632352941176471,0.04304972716605849,5,0.6024744081885658,0.02463168006607112,0.5841049382716049,0.6455519405829966,0.5946895424836602,0.040884193139639154,5,0.570630809711138,0.028837212991731243,0.5454545454545454,0.6192307692307693,0.5627957772115034,0.050535674732195196,5,0.5675585284280936,0.02372906490952855,0.5418060200668896,0.6036789297658862,0.5641025641025641,0.04180901831437264
minecraft,knn,100,20,5,0.7235294117647059,0.04006434655235792,0.6764705882352942,0.7647058823529411,0.7352941176470589,0.055373487104884926,5,0.6716727716727717,0.049509679897867975,0.6062271062271063,0.7264957264957265,0.6782661782661783,0.07371101224568964,5,0.6754512888781039,0.056009742713224765,0.59828141783029,0.7352941176470589,0.6842829301845694,0.08292195697228527,5,0.7046857269753134,0.04848862228449864,0.6399823087129587,0.7560553633217993,0.7141431374796852,0.06880886106864102,5,0.7224236410818838,0.04781394833837281,0.6681481481481482,0.7628719886632026,0.7488636363636363,0.06618547015815791,5,0.6716727716727717,0.049509679897867975,0.6062271062271063,0.7264957264957265,0.6782661782661783,0.07371101224568964
minecraft,knn,100,21,5,0.4158415841584159,0.025242670859370216,0.37623762376237624,0.43564356435643564,0.42574257425742573,0.06070261325705694,5,0.4642679900744417,0.0207367864503733,0.434863523573201,0.4927626137303557,0.4656741108354012,0.04466555285676344,5,0.4064005927767268,0.03127659467800601,0.3601809954751132,0.43564356435643564,0.4229708431836091,0.07696001244562435,5,0.39164346144965767,0.03975947741092257,0.3370995923121724,0.43564356435643564,0.4064245105170187,0.10151957411405246,5,0.456229693049666,0.028200349878437395,0.4122073578595318,0.49078947368421055,0.45947063688999173,0.06181173717548335,5,0.4642679900744417,0.0207367864503733,0.434863523573201,0.4927626137303557,0.4656741108354012,0.04466555285676344
minecraft,knn,100,22,5,0.48553459119496856,0.04478234746897584,0.41509433962264153,0.5283018867924528,0.4968553459119497,0.092233073155015,5,0.4848528015194682,0.04403536389984723,0.4157169990503324,0.5280151946818613,0.4954890788224121,0.09082212944185512,5,0.4831288211805284,0.04344635605866522,0.41472392638036815,0.5280031664357807,0.4934692577253902,0.08992706324682466,5,0.4835455411781028,0.04381626371791976,0.4144461164486631,0.5282272067032848,0.49425066269151935,0.09061455434200985,5,0.48491629608737397,0.04430778128119533,0.41534181240063595,0.528032942667089,0.4953943115707822,0.0913720195396605,5,0.4848528015194682,0.04403536389984723,0.4157169990503324,0.5280151946818613,0.4954890788224121,0.09082212944185512
minecraft,knn,100,23,5,0.5660377358490566,0.0686802819743445,0.4811320754716981,0.6415094339622641,0.5377358490566038,0.12133516482134196,5,0.521699196326062,0.07489080666148867,0.44489092996555685,0.6125143513203215,0.5003827018752391,0.14355170026883063,5,0.5182396372814646,0.07784101329898016,0.44513181688398207,0.6104042974271982,0.5003367003367003,0.1502027396192843,5,0.557431561821939,0.06999691321079055,0.48246541838235424,0.6346760126106229,0.5364462232386761,0.12557041618169038,5,0.5217408916566816,0.07994888821674279,0.44545454545454544,0.609375,0.5003869969040248,0.153234851810985,5,0.521699196326062,0.07489080666148867,0.44489092996555685,0.6125143513203215,0.5003827018752391,0.14355170026883063
minecraft,knn,100,24,5,0.632183908045977,0.021503778084907683,0.6091954022988506,0.6666666666666666,0.632183908045977,0.034015067152490336,5,0.6147435897435898,0.02145880607855192,0.5881410256410257,0.6474358974358975,0.6105769230769231,0.03490692125395307,5,0.6101984248288296,0.023643769240105562,0.5798295454545455,0.6438955539872971,0.6106062661060627,0.03874767334369639,5,0.6195857900885425,0.02259641554698787,0.5913205329153605,0.653211009174312,0.6170884447915741,0.03647019655463484,5,0.6323627632819161,0.026323402548396095,0.6064516129032258,0.6740226986128626,0.6278801843317973,0.04162705977780788,5,0.6147435897435898,0.02145880607855192,0.5881410256410257,0.6474358974358975,0.6105769230769231,0.03490692125395307
minecraft,knn,100,25,5,0.7707006369426752,0.025872733772726024,0.732484076433121,0.802547770700637,0.7707006369426752,0.033570406630727155,5,0.7708860759493671,0.025945213214866373,0.7327166504381695,0.8031483284647842,0.7706101914962674,0.03365635211780695,5,0.7702282752617327,0.025502536679448497,0.7322124756335282,0.8009651167545904,0.7706168831168831,0.0331103615623335,5,0.7701941688984864,0.025495804707899153,0.7321581554736097,0.8008520700441585,0.7706448010588137,0.03310308716613975,5,0.7737241031345293,0.028976871114810395,0.7338551859099804,0.8138440860215054,0.7708739441195581,0.0374511676674135,5,0.7708860759493671,0.025945213214866373,0.7327166504381695,0.8031483284647842,0.7706101914962674,0.03365635211780695
minecraft,knn,100,26,5,0.5553398058252427,0.022139328642701697,0.5339805825242718,0.5825242718446602,0.5533980582524272,0.03986627360486495,5,0.6071314102564103,0.024795844298744735,0.5799278846153846,0.6390224358974359,0.6005608974358974,0.04084098414258074,5,0.5532883930048383,0.022149113439315683,0.5303951367781155,0.579990516832622,0.5523431594860166,0.04003176954251053,5,0.5461413615171382,0.022340652079467387,0.5204355652610145,0.5720725324200031,0.547068665653964,0.04090635438672287,5,0.6177301434100665,0.028622959694848578,0.5850383631713555,0.6554659498207885,0.6069906223358909,0.04633570176265117,5,0.6071314102564103,0.024795844298744735,0.5799278846153846,0.6390224358974359,0.6005608974358974,0.04084098414258074
minecraft,knn,100,27,5,0.46915887850467286,0.059622945449482524,0.40186915887850466,0.5514018691588785,0.45794392523364486,0.1270847642050723,5,0.49377828054298645,0.05024819306272968,0.43665158371040724,0.5595776772247361,0.48604826546003016,0.10176266361386721,5,0.46555987800727383,0.05917557607915183,0.3976073187895848,0.5446808510638298,0.4575174825174825,0.12710626253370416,5,0.47106026129076833,0.06728652488551656,0.3838747229475097,0.5596738914297077,0.4616397621070519,0.14284058838065103,5,0.49232491275872814,0.048596242369685634,0.4408866995073891,0.5552447552447553,0.4864468864468865,0.09870766461395997,5,0.49377828054298645,0.05024819306272968,0.43665158371040724,0.5595776772247361,0.48604826546003016,0.10176266361386721
minecraft,knn,100,28,5,0.4532110091743119,0.02721540729209418,0.42201834862385323,0.4954128440366973,0.44954128440366975,0.06005019017891226,5,0.547032967032967,0.026506647142032748,0.5216117216117216,0.5901098901098901,0.543040293040293,0.048455301123442755,5,0.43584996927820646,0.030545476677068983,0.39747301921558303,0.4812667647313317,0.43229166666666663,0.07008254865235877,5,0.40780029518234906,0.034047519810298896,0.3628864186857478,0.45690407259431315,0.4041475535168195,0.08349066985121835,5,0.5711257921030473,0.03773309049777748,0.5377237851662404,0.6331168831168831,0.5660112359550562,0.06606791536910553,5,0.547032967032967,0.026506647142032748,0.5216117216117216,0.5901098901098901,0.543040293040293,0.048455301123442755
minecraft,knn,100,29,5,0.4422018348623854,0.046509327910592944,0.3944954128440367,0.4954128440366973,0.43119266055045874,0.10517669589739896,5,0.46351648351648345,0.051840949707783565,0.40934065934065933,0.539010989010989,0.44358974358974357,0.11184273170716702,5,0.43939656706134833,0.04576416693340631,0.39198782961460443,0.4954128440366973,0.4272881355932203,0.10415230878901414,5,0.4484655620944696,0.045782980557554614,0.40309284105923293,0.49650323356895776,0.4407370548903748,0.10208806300250631,5,0.4657314984540931,0.0500024631972774,0.41459627329192544,0.539010989010989,0.4474043715846995,0.10736328413098757,5,0.46351648351648345,0.051840949707783565,0.40934065934065933,0.539010989010989,0.44358974358974357,0.11184273170716702
minecraft,knn,100,3,5,0.6543352601156069,0.030966694187234394,0.6127167630057804,0.6994219653179191,0.653179190751445,0.04732542486211617,5,0.6630094466936572,0.030743302106425802,0.6163967611336032,0.7010796221322537,0.667004048582996,0.04636932740512023,5,0.6532022333041193,0.03071029558043621,0.6125096112058303,0.6986062717770035,0.6512096774193548,0.047014988643093086,5,0.6523847559913646,0.031073229518794952,0.6133900063556181,0.7001470262431775,0.648634159985083,0.04763022010159639,5,0.6670700088055467,0.032038723664601906,0.6155856338783168,0.6991446137396418,0.6762820512820513,0.04802902730100299,5,0.6630094466936572,0.030743302106425802,0.6163967611336032,0.7010796221322537,0.667004048582996,0.04636932740512023
minecraft,knn,100,30,5,0.5692307692307692,0.03929387834942795,0.5192307692307693,0.6057692307692307,0.5769230769230769,0.06902978628953559,5,0.5928205128205128,0.03446787182339794,0.5333333333333333,0.6205128205128205,0.6076923076923078,0.05814217132839617,5,0.5647275833165575,0.036944037500126314,0.5163690476190477,0.5973940137852893,0.5767665556788752,0.0654192190917251,5,0.5702018499524041,0.04291827815160434,0.5256696428571429,0.6119110565574544,0.5747317795042546,0.07526857051618968,5,0.5926547748177997,0.03535005114593823,0.5315416200074654,0.6232351754739814,0.6011111111111112,0.05964695240463712,5,0.5928205128205128,0.03446787182339794,0.5333333333333333,0.6205128205128205,0.6076923076923078,0.05814217132839617
minecraft,knn,100,31,5,0.6557377049180328,0.03844603081822483,0.6229508196721312,0.7213114754098361,0.639344262295082,0.05863019699779286,5,0.6409890109890111,0.03965114753427612,0.6054945054945055,0.7076923076923077,0.6296703296703297,0.06185932497204057,5,0.6419640103208273,0.040471384043170654,0.6059603682321735,0.7100922560805143,0.6300539083557951,0.06304307312016559,5,0.6522564648812457,0.03912193263570229,0.6180325310974065,0.7185066705775056,0.6387035482303035,0.059979371216849646,5,0.646677058018443,0.040862019929684655,0.6111682964487906,0.7162471395881007,0.6305951795376291,0.06318767524379887,5,0.6409890109890111,0.03965114753427612,0.6054945054945055,0.7076923076923077,0.6296703296703297,0.06185932497204057
minecraft,knn,100,32,5,0.6990654205607476,0.04644775192444553,0.6355140186915887,0.7663551401869159,0.7009345794392523,0.06644263978496888,5,0.7205882352941176,0.05445536682138088,0.6530920060331825,0.8052413273001509,0.7154977375565611,0.07557071313987551,5,0.6945827326673858,0.04758756184396106,0.6308712958867757,0.7650417215634607,0.6931899641577062,0.0685124458265928,5,0.7043155153443793,0.045351179157617987,0.6420912093317405,0.7698028640734859,0.7064013666968144,0.06439043038182007,5,0.7056721287332746,0.05198152154064209,0.642156862745098,0.7870567375886526,0.699685534591195,0.07366242681846052,5,0.7205882352941176,0.05445536682138088,0.6530920060331825,0.8052413273001509,0.7154977375565611,0.07557071313987551
minecraft,knn,100,33,5,0.8767857142857143,0.011641432866433299,0.8660714285714286,0.8928571428571429,0.875,0.013277397973936145,5,0.8445732349841938,0.01504171646142052,0.8315770987003863,0.8700386371619249,0.8384264137688795,0.017809842697302652,5,0.8580527960366119,0.01371429396657985,0.8453465893399613,0.8789189189189189,0.8545454545454545,0.01598304210408363,5,0.8736915208626819,0.012048590850356533,0.8625330413855684,0.8913899613899614,0.871103896103896,0.013790440404480256,5,0.8810664559269371,0.015398476088607341,0.8623680241327301,0.8995934959349594,0.8837116686579052,0.01747708811863366,5,0.8445732349841938,0.01504171646142052,0.8315770987003863,0.8700386371619249,0.8384264137688795,0.017809842697302652
minecraft,knn,100,34,5,0.640251572327044,0.0275583676732159,0.6037735849056604,0.6792452830188679,0.6415094339622641,0.043043030059345073,5,0.6387939221272554,0.02782015582164861,0.6030389363722697,0.6790123456790123,0.6388888888888888,0.04355106530914441,5,0.6365125282715158,0.028320843058050636,0.6027679739858032,0.6790421531763309,0.6331511839708561,0.04449377160722573,5,0.637132848970513,0.02817503767062491,0.6031450780807497,0.6791945005582337,0.634195965219782,0.044221605770524114,5,0.6436557850244802,0.027607092082732952,0.6036954444090474,0.679125752296484,0.6505376344086021,0.04289108048905825,5,0.6387939221272554,0.02782015582164861,0.6030389363722697,0.6790123456790123,0.6388888888888888,0.04355106530914441
minecraft,knn,100,35,5,0.6948453608247422,0.03688359550515117,0.6391752577319587,0.7319587628865979,0.7010309278350515,0.05308173240355584,5,0.6448717948717949,0.043091147443374715,0.5764809902740937,0.6876657824933687,0.6450044208664898,0.0668212624370423,5,0.641219888080544,0.0527589149496316,0.5559189012426422,0.6918377321603129,0.6413834227787716,0.08227897470173995,5,0.6682561387770873,0.046629921469330426,0.5935824910830473,0.7136177202688676,0.6688713657120452,0.06977851569708504,5,0.7050503240396127,0.05009557605852805,0.6334876543209876,0.749412455934195,0.7306610407876231,0.07105248285186729,5,0.6448717948717949,0.043091147443374715,0.5764809902740937,0.6876657824933687,0.6450044208664898,0.0668212624370423
minecraft,knn,100,36,5,0.5349112426035503,0.022763768120321114,0.5088757396449705,0.5621301775147929,0.5384615384615384,0.042556159428476424,5,0.5505494505494506,0.0225282170281098,0.5210622710622711,0.5778388278388278,0.5540293040293041,0.04091951595924135,5,0.5216485563149076,0.026583076235843852,0.4875,0.5506611095142282,0.5263725208393216,0.05095974275024398,5,0.5156942567360416,0.027711424828085866,0.4784023668639053,0.5451389656621045,0.5205518827249209,0.05373615173354543,5,0.5602645360508252,0.02567041060434312,0.5232214973594285,0.5918079096045197,0.5637254901960784,0.04581837498637321,5,0.5505494505494506,0.0225282170281098,0.5210622710622711,0.5778388278388278,0.5540293040293041,0.04091951595924135
minecraft,knn,100,37,5,0.5423529411764706,0.06395283729377359,0.45294117647058824,0.611764705882353,0.5529411764705883,0.11791737895815087,5,0.5434225195094761,0.05694983216486417,0.4633500557413601,0.6013099219620959,0.5518394648829431,0.10479843974127225,5,0.5385307245551351,0.06212669969128598,0.4486486486486487,0.5992857142857143,0.5513888888888889,0.11536333371249538,5,0.5393768645580175,0.06549244781107803,0.44464228934817174,0.605109243697479,0.553562091503268,0.12142242671966404,5,0.5442486873812047,0.059542783224992915,0.4609850170597834,0.6085722819593787,0.5515521064301552,0.10940363220993446,5,0.5434225195094761,0.05694983216486417,0.4633500557413601,0.6013099219620959,0.5518394648829431,0.10479843974127225
minecraft,knn,100,38,5,0.6242424242424243,0.03559800037718401,0.593939393939394,0.6848484848484848,0.6121212121212121,0.057025922934323896,5,0.6175508399646331,0.036069841292029906,0.5890804597701149,0.6799292661361627,0.6019009725906277,0.05840788961455483,5,0.6138059775160867,0.037701699269889546,0.5878844361602982,0.6796594982078853,0.6013159362105498,0.061422828468465765,5,0.61712325538504,0.037140327770603034,0.5906091671608913,0.6818833496252851,0.6036882711355779,0.06018299820419208,5,0.626741473494753,0.03666014530502378,0.5920651842826683,0.6868686868686869,0.62,0.05849324937857443,5,0.6175508399646331,0.036069841292029906,0.5890804597701149,0.6799292661361627,0.6019009725906277,0.05840788961455483
minecraft,knn,100,39,5,0.7428571428571429,0.03165903360634713,0.6923076923076923,0.7692307692307693,0.7472527472527473,0.042617929854698054,5,0.7070512820512821,0.035300089492970185,0.6506410256410257,0.7403846153846154,0.7147435897435898,0.04992578387038394,5,0.7057079488076553,0.04153198130668776,0.6388888888888888,0.7450980392156863,0.716434087522016,0.05885151410985104,5,0.720597560629922,0.03843961056750935,0.6587301587301587,0.7563025210084032,0.7297888400719995,0.05334407534478294,5,0.7967326202354548,0.04055502071579568,0.742845786963434,0.8561643835616438,0.7945906432748537,0.05090166975190577,5,0.7070512820512821,0.035300089492970185,0.6506410256410257,0.7403846153846154,0.7147435897435898,0.04992578387038394
minecraft,knn,100,4,5,0.4052173913043478,0.09811069709612755,0.30434782608695654,0.5217391304347826,0.3739130434782609,0.2421186730913019,5,0.40394736842105256,0.08509306011913312,0.30516194331983804,0.5008434547908232,0.3890013495276653,0.21065382961088333,5,0.39315426353956423,0.088270757913869,0.2979242979242979,0.4959757749621484,0.37005477784540475,0.22451939632847467,5,0.41775352685817746,0.09719479109804548,0.3195307108350587,0.5326390115962817,0.3859165365582577,0.2326606116985387,5,0.4117417800829585,0.07812772225239142,0.3223076923076923,0.5007692307692307,0.39769900497512434,0.1897493187032176,5,0.40394736842105256,0.08509306011913312,0.30516194331983804,0.5008434547908232,0.3890013495276653,0.21065382961088333
minecraft,knn,100,5,5,0.4,0.022360679774997894,0.37,0.43,0.4,0.055901699437494734,5,0.4564102564102564,0.03343841289895359,0.40962589323245063,0.49117276166456497,0.45838587641866335,0.07326393837411181,5,0.3825862019464963,0.02171149268327657,0.36185793493043206,0.4130367624343528,0.37704571850913315,0.0567492830970231,5,0.3613542101543466,0.02569016720397725,0.33237577152421804,0.39108433734939757,0.35227946365561047,0.0710941411005122,5,0.44440237294661233,0.03571208653647145,0.39761904761904765,0.4877622377622378,0.4329268292682927,0.08035980163580646,5,0.4564102564102564,0.03343841289895359,0.40962589323245063,0.49117276166456497,0.45838587641866335,0.07326393837411181
minecraft,knn,100,6,5,0.6860215053763441,0.030791013039304004,0.6451612903225806,0.7311827956989247,0.6881720430107527,0.04488345160901681,5,0.6548433048433048,0.03480786064155424,0.608974358974359,0.7008547008547008,0.6495726495726495,0.0531544880799893,5,0.6535526622793923,0.03831966120171784,0.6039488966318234,0.7043865225683408,0.6462950819672131,0.05863285916099026,5,0.6703957490631358,0.03498917374418165,0.624555093477202,0.7187416688882965,0.6659249074563723,0.05219181922480609,5,0.6891419537867444,0.037837709646314215,0.6385869565217391,0.7428243398392652,0.6835403726708074,0.05490553787706724,5,0.6548433048433048,0.03480786064155424,0.608974358974359,0.7008547008547008,0.6495726495726495,0.0531544880799893
minecraft,knn,100,7,5,0.33974358974358976,0.04178975900770928,0.30128205128205127,0.41025641025641024,0.3269230769230769,0.12300381896608768,5,0.33974358974358976,0.04178975900770928,0.30128205128205127,0.41025641025641024,0.3269230769230769,0.12300381896608768,5,0.29857026718972696,0.048739252630737535,0.23786473040204384,0.37305608946356805,0.2992513368983957,0.163242150966647,5,0.29857026718972696,0.048739252630737556,0.23786473040204384,0.3730560894635681,0.2992513368983957,0.16324215096664704,5,0.28881406371602625,0.06440661955472286,0.20214338507021434,0.38232758620689655,0.2932131495227996,0.22300375101556716,5,0.33974358974358976,0.04178975900770928,0.30128205128205127,0.41025641025641024,0.3269230769230769,0.12300381896608768
minecraft,knn,100,8,5,0.6453608247422681,0.052869614041064265,0.5979381443298969,0.7319587628865979,0.6391752577319587,0.08192256488791108,5,0.6488505747126437,0.04625212062720954,0.5881962864721486,0.7170645446507515,0.652077807250221,0.07128316199410505,5,0.6392768231690575,0.05021188775376897,0.5866928875778433,0.718777876895629,0.6377893950709486,0.07854482742680376,5,0.6466296345147342,0.052043630562806524,0.600046629970907,0.7307034404112677,0.6421779601641477,0.0804844501162754,5,0.647391066945644,0.04822501074359836,0.5863636363636364,0.7211711711711712,0.646595744680851,0.07449131321987706,5,0.6488505747126437,0.04625212062720954,0.5881962864721486,0.7170645446507515,0.652077807250221,0.07128316199410505
minecraft,knn,100,9,5,0.5948717948717949,0.04089522540445278,0.532051282051282,0.6346153846153846,0.6153846153846154,0.06874628408507148,5,0.5948717948717949,0.04089522540445278,0.532051282051282,0.6346153846153846,0.6153846153846154,0.06874628408507148,5,0.590327153967534,0.042284913740378176,0.5287789133942981,0.6342396446053227,0.607580077142378,0.07162962681995093,5,0.590327153967534,0.042284913740378176,0.5287789133942981,0.6342396446053227,0.607580077142378,0.07162962681995093,5,0.5990147224068096,0.041444097004422024,0.532967032967033,0.6351708202673709,0.6166112956810631,0.06918710918807107,5,0.5948717948717949,0.04089522540445278,0.532051282051282,0.6346153846153846,0.6153846153846154,0.06874628408507148
minecraft,knn,150,0,5,0.6049382716049383,0.047814609212437256,0.5432098765432098,0.654320987654321,0.6172839506172839,0.0790404764532126,5,0.5946886446886447,0.04895029148269624,0.5311355311355311,0.6456043956043955,0.6062271062271063,0.08231247043286771,5,0.5647457547935906,0.06140444515227641,0.48121862558421324,0.6294117647058823,0.573322005097706,0.10872936118788387,5,0.5696176475585257,0.06021830091501849,0.48786054532982004,0.6329702251270878,0.5783945372730419,0.10571705629754267,5,0.6345152861167053,0.0613047217635695,0.5543710021321961,0.6892857142857143,0.6673076923076924,0.09661661918148624,5,0.5946886446886447,0.04895029148269624,0.5311355311355311,0.6456043956043955,0.6062271062271063,0.08231247043286771
minecraft,knn,150,1,5,0.8227272727272726,0.0248964798865985,0.7954545454545454,0.8409090909090909,0.8409090909090909,0.030260914779290996,5,0.8047095761381475,0.026711699442311932,0.771847200418629,0.8283621140763998,0.8205128205128205,0.03319421097298615,5,0.8105190722401072,0.028003378757105967,0.7758913412563667,0.8339622641509434,0.828125,0.034549931909326224,5,0.8159394139746494,0.026880433048959904,0.7834156505633586,0.8378216123499143,0.8334517045454546,0.03294415319149549,5,0.8557633444469636,0.029216777216833106,0.8123904149620105,0.8888888888888888,0.855121675155631,0.034141187988969576,5,0.8047095761381475,0.026711699442311932,0.771847200418629,0.8283621140763998,0.8205128205128205,0.03319421097298615
minecraft,knn,150,10,5,0.6261904761904762,0.04806340294806274,0.5714285714285714,0.6785714285714286,0.6309523809523809,0.07675524425165912,5,0.6217094017094017,0.04814705236535241,0.5658119658119658,0.6743589743589744,0.6299145299145299,0.07744301796461689,5,0.6215926231187657,0.0484348631304092,0.5652673950546291,0.6748387096774193,0.6296401649836438,0.0779205887087159,5,0.6244841977034372,0.04808166809785837,0.5689641008789944,0.6773271889400923,0.6312148241461285,0.07699421102196086,5,0.6241007008864152,0.04956510098710271,0.5673469387755101,0.6770833333333333,0.6295454545454545,0.07941843506457372,5,0.6217094017094017,0.04814705236535241,0.5658119658119658,0.6743589743589744,0.6299145299145299,0.07744301796461689
minecraft,knn,150,11,5,0.5361702127659574,0.029711149029295624,0.5106382978723404,0.5851063829787234,0.5212765957446809,0.05541365096733708,5,0.5357575757575758,0.033990937831789116,0.49976689976689975,0.5895104895104895,0.5312354312354313,0.06344462378105434,5,0.5312138393498291,0.03200792705886798,0.499537037037037,0.5827927620348241,0.5207884898606547,0.06025431697721501,5,0.5387679357230574,0.030134071488867067,0.5122241922773837,0.5880810384780224,0.524297799099132,0.05593144931393406,5,0.5348148082501011,0.0330030357282422,0.49976990335941096,0.5869565217391304,0.5306776556776557,0.06170927808866625,5,0.5357575757575758,0.033990937831789116,0.49976689976689975,0.5895104895104895,0.5312354312354313,0.06344462378105434
minecraft,knn,150,12,5,0.602247191011236,0.03333122915548612,0.550561797752809,0.6404494382022472,0.6067415730337079,0.0553447648290721,5,0.6251282051282051,0.03158585140857325,0.5746153846153846,0.6574358974358974,0.6374358974358973,0.05052699774136,5,0.5966868434400718,0.035468412244023834,0.5435897435897435,0.6393110435663627,0.593607305936073,0.05944225624204851,5,0.5912166716800683,0.037265299534953694,0.5366176894266782,0.6368065753674169,0.5862187571657878,0.0630315437977356,5,0.6407723651343726,0.03607416749484863,0.5851873536299765,0.6781949934123848,0.6469298245614035,0.05629794519506741,5,0.6251282051282051,0.03158585140857325,0.5746153846153846,0.6574358974358974,0.6374358974358973,0.05052699774136
minecraft,knn,150,13,5,0.5186813186813187,0.07305833027953698,0.42857142857142855,0.5824175824175825,0.5604395604395604,0.14085398422537848,5,0.507051282051282,0.07239617699250094,0.41025641025641024,0.5641025641025641,0.5480769230769231,0.14277880671087417,5,0.5061155372898043,0.07329174156334343,0.4079079079079079,0.5638441686125107,0.548162859980139,0.14481227341055963,5,0.5168664783674395,0.0725643309618643,0.4237094237094237,0.5764069264069264,0.558802667044971,0.14039279775129554,5,0.5074692370811957,0.07403239350815768,0.40714285714285714,0.5679205851619644,0.5487987987987988,0.14588548053467998,5,0.507051282051282,0.07239617699250094,0.41025641025641024,0.5641025641025641,0.5480769230769231,0.14277880671087417
minecraft,knn,150,14,5,0.698,0.031937438845342614,0.65,0.74,0.7,0.04575564304490346,5,0.6609079445145019,0.04116792816799787,0.5975199663724254,0.7129045817570407,0.6662463219840269,0.0622899580942994,5,0.6637603364236307,0.044211406997161945,0.5944849959448499,0.7178819444444444,0.6703296703296704,0.06660748552011243,5,0.6872469941903309,0.038492929638120586,0.6274939172749392,0.7352604166666665,0.6920879120879121,0.05601032811132251,5,0.6825629907644759,0.03625678781765234,0.6271929824561404,0.7290818634102216,0.6848994857410005,0.053118596097694155,5,0.6609079445145019,0.04116792816799787,0.5975199663724254,0.7129045817570407,0.6662463219840269,0.0622899580942994
minecraft,knn,150,15,5,0.7357142857142858,0.04325214791567846,0.7023809523809523,0.8095238095238095,0.7142857142857143,0.058789327264028975,5,0.7177777777777778,0.04490393639251456,0.6863247863247863,0.7948717948717949,0.694017094017094,0.06255966370474164,5,0.7082486531715826,0.05068856752965171,0.6782595373065727,0.7954960438222763,0.6785714285714286,0.07156888658053223,5,0.7146143253077419,0.049233159269813705,0.6845520803694543,0.7993217981045126,0.6862244897959183,0.06889472758415795,5,0.8037254333768324,0.045969411662510375,0.7397360703812317,0.8688524590163935,0.7989464442493415,0.057195417431760286,5,0.7177777777777778,0.04490393639251456,0.6863247863247863,0.7948717948717949,0.694017094017094,0.06255966370474164
minecraft,knn,150,16,5,0.7021276595744681,0.0481669422241352,0.6170212765957447,0.7340425531914894,0.723404255319149,0.06860140256164711,5,0.673100233100233,0.04803522243204334,0.5906759906759906,0.7093240093240093,0.6927738927738927,0.07136414469921941,5,0.6754183587224722,0.04997924123427513,0.5903147699757869,0.7137985629034223,0.6964729259811226,0.07399745741115023,5,0.6911353719876782,0.04811032404496299,0.6081191077224255,0.726754716687785,0.7118622570314235,0.06961056544769166,5,0.7031055598774966,0.05814097646490746,0.5995903737839221,0.7338541666666667,0.728579325594251,0.0826916750239288,5,0.673100233100233,0.04803522243204334,0.5906759906759906,0.7093240093240093,0.6927738927738927,0.07136414469921941
minecraft,knn,150,17,5,0.6186046511627906,0.025208701614742784,0.6046511627906976,0.6627906976744186,0.6046511627906976,0.040750908625336084,5,0.6130932896890344,0.02441970071989803,0.5990180032733223,0.6565739225313694,0.6033824331696672,0.03983031804553576,5,0.6129142986839079,0.024815751091830457,0.5992324561403509,0.6571821305841924,0.6027173913043478,0.040488125575005446,5,0.6170871870454082,0.024845082136983374,0.6035674214606284,0.6612610884679933,0.6052957532861476,0.04026186681324685,5,0.6150309637954108,0.025245996328863457,0.6001103143960287,0.6594444444444445,0.602710027100271,0.041048333848215005,5,0.6130932896890344,0.02441970071989803,0.5990180032733223,0.6565739225313694,0.6033824331696672,0.03983031804553576
minecraft,knn,150,18,5,0.46185567010309275,0.02766269662886337,0.4329896907216495,0.5051546391752577,0.4639175257731959,0.059894677968744356,5,0.5155614500442087,0.029300374511299916,0.4880636604774536,0.5652077807250221,0.50552608311229,0.05683197319890276,5,0.44436407455014726,0.030377801460532497,0.41276829939460646,0.4854111405835544,0.45078397212543553,0.06836241541642518,5,0.42545294989722837,0.03318223137327853,0.3911548047122875,0.46566764199185096,0.4341481375049391,0.07799271665948954,5,0.5222797120044349,0.04303617739392997,0.4830827067669173,0.5957792207792207,0.5080872011251758,0.08240063016953744,5,0.5155614500442087,0.029300374511299916,0.4880636604774536,0.5652077807250221,0.50552608311229,0.05683197319890276
minecraft,knn,150,19,5,0.4204081632653061,0.02212192182518245,0.3877551020408163,0.4489795918367347,0.41836734693877553,0.052620105312327185,5,0.464754454584963,0.02550318728664231,0.4219904389395915,0.4821816601477618,0.4771838331160365,0.05487454081406767,5,0.4091901317720268,0.025171071141356895,0.3836477987421384,0.44806007509386736,0.4109459031951914,0.0615143650516492,5,0.3942740340596055,0.030825781121312876,0.3637143168955894,0.44346249137953053,0.39336145241151665,0.07818364502454835,5,0.45816179728818673,0.026592623304005917,0.41357727491574386,0.47619047619047616,0.47152777777777777,0.058041991849615046,5,0.464754454584963,0.02550318728664231,0.4219904389395915,0.4821816601477618,0.4771838331160365,0.05487454081406767
minecraft,knn,150,2,5,0.5576470588235294,0.01341382853057808,0.5411764705882353,0.5764705882352941,0.5529411764705883,0.02405433386285099,5,0.547603121516165,0.011028129097839056,0.5370680044593088,0.5618729096989966,0.5420847268673356,0.020138908389172705,5,0.5440020957274109,0.010194384561889789,0.5343137254901961,0.5558536929812173,0.5385714285714286,0.018739605310267044,5,0.5502689654343699,0.010589681666339744,0.540663890189507,0.5624023035787741,0.5452773109243698,0.01924455553836384,5,0.5512750653108247,0.01346113173206804,0.5372340425531915,0.5708812260536398,0.5451015531660692,0.024418176295491013,5,0.547603121516165,0.011028129097839056,0.5370680044593088,0.5618729096989966,0.5420847268673356,0.020138908389172705
minecraft,knn,150,20,5,0.6641975308641975,0.05045139936222854,0.6172839506172839,0.7283950617283951,0.654320987654321,0.07595842654908014,5,0.6554945054945055,0.053441735876481974,0.6053113553113554,0.7243589743589745,0.6456043956043955,0.08152888457267157,5,0.6355645286243177,0.06915257569717853,0.5653453349489355,0.7232919254658385,0.6294117647058823,0.1088049640637743,5,0.6392268532338083,0.06746227455863973,0.5709101866276871,0.7246836899010813,0.6329702251270878,0.105537297467014,5,0.7036443569841844,0.03317855631153569,0.6673076923076924,0.7406296851574212,0.6892857142857143,0.047152451351615735,5,0.6554945054945055,0.053441735876481974,0.6053113553113554,0.7243589743589745,0.6456043956043955,0.08152888457267157
minecraft,knn,150,21,5,0.4049382716049383,0.040383770947644754,0.37037037037037035,0.4691358024691358,0.4074074074074074,0.09972821484022028,5,0.4141025641025641,0.04230531366701869,0.3772893772893773,0.48168498168498164,0.41483516483516486,0.10216143857670149,5,0.369574023694724,0.028098958117652215,0.33766233766233766,0.4081563296516567,0.3647058823529412,0.07603066318552343,5,0.36418380986554555,0.02757664312525065,0.33221099887766553,0.4011202366342554,0.35860566448801745,0.07572177119963619,5,0.3888655518887717,0.04815332039749201,0.34285714285714286,0.4660633484162896,0.38095238095238093,0.12383025486213661,5,0.4141025641025641,0.04230531366701869,0.3772893772893773,0.48168498168498164,0.41483516483516486,0.10216143857670149
minecraft,knn,150,22,5,0.5053763440860215,0.0797440697537168,0.43010752688172044,0.6236559139784946,0.4731182795698925,0.15779145717224813,5,0.5156695156695157,0.07526808605599482,0.43447293447293445,0.6260683760683761,0.48931623931623935,0.14596186853952586,5,0.5038349690404309,0.07919199243051352,0.4290513147225762,0.6208503203261503,0.47287449392712555,0.15717843598934209,5,0.5049529975943176,0.08199171525227948,0.43301211031936715,0.626110808424296,0.4710461016063733,0.16237494507984315,5,0.5146721617622854,0.07379297777995503,0.4358139534883721,0.6228029602220166,0.4891409266409266,0.1433786073202036,5,0.5156695156695157,0.07526808605599482,0.43447293447293445,0.6260683760683761,0.48931623931623935,0.14596186853952586
minecraft,knn,150,23,5,0.5428571428571429,0.029880715233359834,0.5,0.5714285714285714,0.5595238095238095,0.055043422798294425,5,0.5299145299145299,0.02725008302039291,0.49059829059829063,0.5555555555555556,0.5444444444444444,0.05142354376428985,5,0.5194788864626985,0.023022317757470222,0.4857142857142857,0.5398660986001217,0.5301587301587302,0.044318100999708974,5,0.5269475613806103,0.023994700941026837,0.49183673469387756,0.5484740457351535,0.5385487528344671,0.0455352727663458,5,0.5362876228306337,0.03303206969065479,0.4899573950091296,0.5694939415538132,0.5537135278514589,0.06159394378021423,5,0.5299145299145299,0.02725008302039291,0.49059829059829063,0.5555555555555556,0.5444444444444444,0.05142354376428985
minecraft,knn,150,24,5,0.88125,0.040745015032516554,0.84375,0.9375,0.875,0.046235478051082614,5,0.88125,0.040745015032516554,0.84375,0.9375,0.875,0.046235478051082614,5,0.46824034155246236,0.011439794363332149,0.4576271186440678,0.4838709677419355,0.4666666666666667,0.024431458266503114,5,0.9364806831049247,0.022879588726664297,0.9152542372881356,0.967741935483871,0.9333333333333333,0.024431458266503114,5,0.5,0.0,0.5,0.5,0.5,0.0,5,0.440625,0.020372507516258277,0.421875,0.46875,0.4375,0.046235478051082614
minecraft,knn,150,25,5,0.7565217391304347,0.029367948013274567,0.7282608695652174,0.7934782608695652,0.7391304347826086,0.03881970139685719,5,0.7636187711659409,0.028387248821558523,0.7370585389453314,0.8004354136429608,0.7464925012094823,0.03717463463897711,5,0.7553432424367829,0.02914617283791033,0.7274558596990165,0.7922756981580511,0.738016136687233,0.038586659945328984,5,0.7578947947470726,0.02923364508644346,0.729709887324379,0.7946808235810793,0.7406161655764428,0.03857216765316276,5,0.7576739994767284,0.027621306175346912,0.7320075757575758,0.7934782608695652,0.7408983451536643,0.03645539664080196,5,0.7636187711659409,0.028387248821558523,0.7370585389453314,0.8004354136429608,0.7464925012094823,0.03717463463897711
minecraft,knn,150,26,5,0.6146341463414634,0.02377266913368042,0.5853658536585366,0.6463414634146342,0.6219512195121951,0.038677755336543544,5,0.6227787716159809,0.025676017227282442,0.590339892665474,0.6568276684555754,0.6288014311270125,0.04122815098635834,5,0.6067244536515402,0.020594930421016858,0.5831339712918661,0.6340975534697646,0.6088629019849208,0.033944454186850916,5,0.6041297283441159,0.020131504792358697,0.5816460497140857,0.6308325108177993,0.6053726839776475,0.03332314873419318,5,0.6395273186036732,0.03689901218698656,0.5936920222634507,0.6889367816091954,0.6384615384615384,0.057697319744762235,5,0.6227787716159809,0.025676017227282442,0.590339892665474,0.6568276684555754,0.6288014311270125,0.04122815098635834
minecraft,knn,150,27,5,0.4904761904761905,0.04864956367072036,0.4166666666666667,0.5476190476190477,0.5,0.09918843078496384,5,0.49743589743589745,0.048269793566977415,0.423076923076923,0.5538461538461539,0.5094017094017094,0.09703721387175872,5,0.4879676455017045,0.04929626051193185,0.4145925188451145,0.5465909090909091,0.4954233409610984,0.10102362516524603,5,0.48567269917244216,0.04990048369329365,0.4121035414592519,0.5450487012987013,0.49199084668192217,0.10274508692442698,5,0.49713174316525244,0.04970324697506993,0.42058823529411765,0.5551020408163265,0.5100426049908704,0.09998003076329001,5,0.49743589743589745,0.048269793566977415,0.423076923076923,0.5538461538461539,0.5094017094017094,0.09703721387175872
minecraft,knn,150,28,5,0.541860465116279,0.04240600588095458,0.47674418604651164,0.5813953488372093,0.5581395348837209,0.07826001085326381,5,0.5703764320785598,0.04263398613524575,0.506001091107474,0.6126568466993999,0.5848336061102019,0.07474710338202338,5,0.5101732256041854,0.04630722250253452,0.436435124508519,0.546041055718475,0.5328759291023442,0.09076764553391455,5,0.4986094194766591,0.04762814819830999,0.42241458136486937,0.5342562913455637,0.5227704867897935,0.0955219583462754,5,0.609618552064767,0.07016438182404276,0.5098214285714285,0.6938967136150235,0.622152395915161,0.11509554882540446,5,0.5703764320785598,0.04263398613524575,0.506001091107474,0.6126568466993999,0.5848336061102019,0.07474710338202338
minecraft,knn,150,29,5,0.4790697674418604,0.07988634435961704,0.38372093023255816,0.6046511627906976,0.47674418604651164,0.16675304890599676,5,0.4775777414075287,0.0773067162972141,0.38161483906164756,0.59683578832515,0.47326786688488814,0.16187252795612683,5,0.4763547768507654,0.07748529525575344,0.3816307149640483,0.5968008825151683,0.4732543895467538,0.16266299619795435,5,0.47909947500348415,0.07843629109866636,0.38497505939366405,0.6020344026988546,0.47723949242888813,0.163716086514384,5,0.4783596284363548,0.07800495529248777,0.38257575757575757,0.5994397759103641,0.47336956521739126,0.163067597379544,5,0.4775777414075287,0.0773067162972141,0.38161483906164756,0.59683578832515,0.47326786688488814,0.16187252795612683
minecraft,knn,150,3,5,0.6705882352941177,0.04732360151430266,0.6078431372549019,0.7352941176470589,0.6764705882352942,0.07057028295992501,5,0.6854700854700855,0.03147306805082777,0.6532356532356532,0.731990231990232,0.6843711843711844,0.04591457558537219,5,0.6659303275651552,0.04417245369529939,0.60723912206392,0.7257791496564772,0.6711284807034685,0.066331944749847,5,0.6729871630214689,0.04958971378796582,0.6036150309180276,0.7377980565919486,0.6809908330699158,0.07368597279824171,5,0.6792639854897574,0.027914768091438835,0.6519060454370427,0.7233542319749215,0.6742307692307692,0.04109561037791803,5,0.6854700854700855,0.03147306805082777,0.6532356532356532,0.731990231990232,0.6843711843711844,0.04591457558537219
minecraft,knn,150,30,5,0.5536585365853659,0.042769946138415074,0.5121951219512195,0.6219512195121951,0.5487804878048781,0.07724968245264396,5,0.5615384615384615,0.04246989388600978,0.5181872391174717,0.6288014311270125,0.5614192009540846,0.0756313178791955,5,0.5437541092433099,0.04575248165941206,0.5075075075075075,0.617341562547042,0.5231808895175232,0.08414185912651101,5,0.5407280428029596,0.04654244731648808,0.5051637002856516,0.6152928261180851,0.5177915004043958,0.08607367037083384,5,0.5695231212268349,0.045894748848942936,0.519291587602783,0.6384615384615384,0.5683364254792826,0.080584522626718,5,0.5615384615384615,0.04246989388600978,0.5181872391174717,0.6288014311270125,0.5614192009540846,0.0756313178791955
minecraft,knn,150,31,5,0.7009174311926605,0.03588551782680359,0.6513761467889908,0.7522935779816514,0.6972477064220184,0.05119792464818837,5,0.6683516483516484,0.041523301236933444,0.615018315018315,0.7219780219780221,0.6564102564102564,0.062127925231189464,5,0.6688801865567292,0.040080556168218755,0.6161971830985915,0.7255944055944056,0.6601794992914501,0.05992187685293237,5,0.6976819911993033,0.0358493899260511,0.6492440883835121,0.7499377686533649,0.6946213347724411,0.051383567840738754,5,0.6755793254828926,0.04027731578712687,0.6178678678678678,0.730593607305936,0.679094827586207,0.0596189289219846,5,0.6683516483516484,0.041523301236933444,0.615018315018315,0.7219780219780221,0.6564102564102564,0.062127925231189464
minecraft,knn,150,32,5,0.7047619047619047,0.025808908796046196,0.6666666666666666,0.7261904761904762,0.7142857142857143,0.03662074896736285,5,0.7145299145299145,0.024660748797014555,0.6786324786324787,0.735897435897436,0.7282051282051283,0.03451324891448209,5,0.7019048505162926,0.026932890595998165,0.6618746405980449,0.7261516654854713,0.7083333333333333,0.038371141866575545,5,0.7000422929439676,0.027636443791502065,0.6589994249568718,0.725918801255442,0.7053571428571429,0.039478248771626895,5,0.7289883934339058,0.026846102147843248,0.6965517241379311,0.7602339181286549,0.7316933638443937,0.03682651519509723,5,0.7145299145299145,0.024660748797014555,0.6786324786324787,0.735897435897436,0.7282051282051283,0.03451324891448209
minecraft,knn,150,33,5,0.8568181818181818,0.03985381344715947,0.8181818181818182,0.9204545454545454,0.8522727272727273,0.04651373452718877,5,0.8447409733124018,0.04319988575556185,0.8027210884353742,0.91287284144427,0.8437990580847724,0.051139801572742796,5,0.8502278979671123,0.04296374772612217,0.8082788671023965,0.9180742119962761,0.8478521079930841,0.05053203715009603,5,0.8537668838458815,0.04160279936730246,0.8132303426421074,0.9196611009684557,0.8507991875128463,0.04872852315364861,5,0.8723326176161169,0.03537043979748847,0.8381063705435419,0.9297385620915033,0.857843137254902,0.04054696463620458,5,0.8447409733124018,0.04319988575556185,0.8027210884353742,0.91287284144427,0.8437990580847724,0.051139801572742796
minecraft,knn,150,34,5,0.6473118279569892,0.05760471069238223,0.5806451612903226,0.7096774193548387,0.6774193548387096,0.08899066601979316,5,0.6321937321937321,0.06378641570646788,0.5534188034188035,0.6894586894586894,0.6652421652421652,0.1008969441774233,5,0.6314861129692377,0.06449947171143765,0.5507246376811594,0.6924678505817514,0.6662679425837321,0.10213917675586269,5,0.643367495519335,0.06051165838015695,0.5694249649368864,0.7042016474724928,0.6761074239851829,0.09405457814015163,5,0.6365983179133263,0.06452752601345728,0.5595238095238095,0.704405737704918,0.667953667953668,0.1013630168313495,5,0.6321937321937321,0.06378641570646788,0.5534188034188035,0.6894586894586894,0.6652421652421652,0.1008969441774233
minecraft,knn,150,35,5,0.6948717948717948,0.041936992907169526,0.6410256410256411,0.7435897435897436,0.6794871794871795,0.060352130014007806,5,0.6948717948717948,0.041936992907169554,0.6410256410256411,0.7435897435897436,0.6794871794871795,0.06035213001400785,5,0.68053250410487,0.049664891566849105,0.6157635467980296,0.7373737373737375,0.6671786994367639,0.07297945545183798,5,0.68053250410487,0.04966489156684907,0.6157635467980296,0.7373737373737373,0.6671786994367639,0.07297945545183793,5,0.733203710554883,0.03259140669038807,0.6913470115967886,0.7690631808278867,0.7353448275862069,0.04445068433399381,5,0.6948717948717948,0.041936992907169554,0.6410256410256411,0.7435897435897436,0.6794871794871795,0.06035213001400785
minecraft,knn,150,36,5,0.48,0.023452078799117156,0.46,0.52,0.47,0.04885849749816074,5,0.534005884825557,0.018674259004101506,0.5193358554014291,0.5649432534678437,0.528583438419504,0.03497013709914789,5,0.47072684547793264,0.027266662251015178,0.44581280788177335,0.5169082125603865,0.4635084522724972,0.057924595788309295,5,0.45568251097649376,0.03132100631897437,0.4263054187192118,0.5084057971014493,0.4505253568174916,0.06873427345687633,5,0.5412761001168398,0.019601224276079247,0.5228174603174603,0.5722300140252454,0.5372807017543859,0.03621298681365782,5,0.534005884825557,0.018674259004101506,0.5193358554014291,0.5649432534678437,0.528583438419504,0.03497013709914789
minecraft,knn,150,37,5,0.6237623762376238,0.036378560536383865,0.5841584158415841,0.6732673267326733,0.6237623762376238,0.058321184351980485,5,0.598428453267163,0.03454257595593332,0.5519023986765923,0.6482630272952854,0.6002894954507858,0.057722148349306675,5,0.5979985039937066,0.03555568677652718,0.5521537162162162,0.6500787401574804,0.6009657594381036,0.059457818939462385,5,0.6206115702387613,0.03460116855209463,0.5794169788600482,0.6705917205893818,0.6237623762376238,0.0557533410773874,5,0.602288681894645,0.03673790072103651,0.5543290043290043,0.6532051282051282,0.6031844499586435,0.060997162698572624,5,0.598428453267163,0.03454257595593332,0.5519023986765923,0.6482630272952854,0.6002894954507858,0.057722148349306675
minecraft,knn,150,38,5,0.6350515463917527,0.0428796584393514,0.5876288659793815,0.6804123711340206,0.6185567010309279,0.06752154007495267,5,0.6251105216622458,0.030540397153364485,0.5963748894783378,0.6571618037135278,0.6180371352785146,0.048855996011959314,5,0.6226151415967348,0.03510123778146196,0.5854700854700855,0.6595720593229932,0.6126281705342688,0.056377102701747145,5,0.6350387651695147,0.03901598525248623,0.591329632566746,0.6760706395067233,0.6220150104873123,0.061438745778096646,5,0.6268101832461511,0.03664463605153636,0.592924126172208,0.6659663865546219,0.6138107416879796,0.058462094316591294,5,0.6251105216622458,0.030540397153364485,0.5963748894783378,0.6571618037135278,0.6180371352785146,0.048855996011959314
minecraft,knn,150,39,5,0.9542857142857143,0.04780914437337576,0.8857142857142857,1.0,0.9428571428571428,0.050099402786471604,5,0.9542857142857143,0.04780914437337576,0.8857142857142857,1.0,0.9428571428571428,0.050099402786471604,5,0.6880570409982175,0.2848348408517106,0.4696969696969697,1.0,0.4852941176470588,0.41396980755909235,5,0.976114081996435,0.02525130191717198,0.9393939393939394,1.0,0.9705882352941176,0.02586921178877553,5,0.7,0.27386127875258304,0.5,1.0,0.5,0.3912303982179758,5,0.6771428571428572,0.29495762407505255,0.44285714285714284,1.0,0.4714285714285714,0.43559142795893835
minecraft,knn,150,4,5,0.5577777777777777,0.053518198127965745,0.4666666666666667,0.6,0.5777777777777777,0.09594896078718959,5,0.5368024132730016,0.050887936368939415,0.4479638009049774,0.5708898944193062,0.5520361990950227,0.09479826303064576,5,0.5322560596808092,0.05014413699359867,0.4444444444444444,0.5697118490761081,0.5454545454545454,0.09421055163499652,5,0.5464371864049606,0.04996120153183924,0.4592592592592593,0.5818236636947064,0.5616161616161617,0.09143082274567851,5,0.5431002691179541,0.05721913298496355,0.4449760765550239,0.5885788449059053,0.5608465608465608,0.10535648063274357,5,0.5368024132730016,0.050887936368939415,0.4479638009049774,0.5708898944193062,0.5520361990950227,0.09479826303064576
minecraft,knn,150,5,5,0.47750000000000004,0.06812213296719354,0.3875,0.575,0.4875,0.1426641528108765,5,0.483364602876798,0.06895178955299501,0.39118198874296434,0.5803627267041901,0.49437148217636023,0.14264964613176223,5,0.4473606770235389,0.06727785901831634,0.3756967670011149,0.5572916666666667,0.43262411347517726,0.15038840576230703,5,0.44429385132744753,0.06752793545469223,0.37355072463768113,0.555078125,0.43014184397163124,0.15198935401184224,5,0.4820733113089745,0.07934306713156333,0.3804945054945055,0.5980167810831427,0.49193548387096775,0.16458713907252606,5,0.483364602876798,0.06895178955299501,0.39118198874296434,0.5803627267041901,0.49437148217636023,0.14264964613176223
minecraft,knn,150,6,5,0.8111111111111111,0.04969039949999535,0.75,0.8611111111111112,0.8055555555555556,0.06126213636985728,5,0.8111111111111111,0.04969039949999535,0.75,0.8611111111111112,0.8055555555555556,0.06126213636985728,5,0.4475196818107266,0.015176994548492835,0.42857142857142855,0.4626865671641791,0.4461538461538462,0.0339135800398423,5,0.8950393636214532,0.030353989096985674,0.8571428571428571,0.9253731343283582,0.8923076923076922,0.0339135800398423,5,0.5,0.0,0.5,0.5,0.5,0.0,5,0.40555555555555556,0.024845199749997673,0.375,0.4305555555555556,0.4027777777777778,0.06126213636985728
minecraft,knn,150,7,5,0.3384615384615385,0.009194066225649196,0.32967032967032966,0.3516483516483517,0.34065934065934067,0.027164286575781713,5,0.36346153846153845,0.014440872212908731,0.34294871794871795,0.3782051282051282,0.36538461538461536,0.03973150026832032,5,0.32681077656092633,0.009728103721545056,0.31681681681681684,0.3401745114907214,0.3283726557773745,0.029766777656218064,5,0.31495359197021344,0.012602702489948664,0.2985842985842986,0.3277445179866219,0.31932773109243695,0.04001447454881085,5,0.3407062799318234,0.010690374571484322,0.33072916666666663,0.3570601851851852,0.3375,0.031377098695167895,5,0.36346153846153845,0.014440872212908731,0.34294871794871795,0.3782051282051282,0.36538461538461536,0.03973150026832032
minecraft,knn,150,8,5,0.7256410256410256,0.026585181222215017,0.6923076923076923,0.7564102564102564,0.7307692307692307,0.03663682217902423,5,0.7256410256410256,0.026585181222215044,0.6923076923076923,0.7564102564102564,0.7307692307692308,0.03663682217902427,5,0.7244820054471276,0.025326842749659337,0.6921052631578948,0.7514673821901727,0.7307249712313004,0.034958553227320534,5,0.7244820054471276,0.02532684274965935,0.6921052631578948,0.7514673821901727,0.7307249712313003,0.034958553227320555,5,0.7305776980905351,0.03355225730027374,0.6928147659854977,0.7785714285714285,0.7309210526315789,0.04592565224474708,5,0.7256410256410256,0.026585181222215044,0.6923076923076923,0.7564102564102564,0.7307692307692308,0.03663682217902427
minecraft,knn,150,9,5,0.6043956043956044,0.04256025655172985,0.5494505494505495,0.6483516483516484,0.6153846153846154,0.07041787902195303,5,0.6044871794871794,0.04398155357157546,0.5448717948717948,0.6506410256410255,0.6185897435897436,0.07275845553728284,5,0.6012788659330146,0.04322326197698953,0.5439432832172106,0.6462585034013606,0.613705275924803,0.0718855499933783,5,0.6061793000137332,0.0424525572463939,0.551102729320551,0.650145772594752,0.6173438447543965,0.0700330038413257,5,0.6025722172927142,0.04313527824156181,0.5442176870748299,0.6475845410628018,0.616183574879227,0.07158524240523986,5,0.6044871794871794,0.04398155357157546,0.5448717948717948,0.6506410256410255,0.6185897435897436,0.07275845553728284
minecraft,knn,200,0,5,0.925,0.06480137922914912,0.8125,0.96875,0.9375,0.07005554511259364,5,0.925,0.06480137922914912,0.8125,0.96875,0.9375,0.07005554511259364,5,0.4800289563359641,0.018217033232461446,0.4482758620689655,0.49206349206349204,0.4838709677419355,0.03794986321556747,5,0.9600579126719282,0.03643406646492289,0.896551724137931,0.9841269841269841,0.967741935483871,0.03794986321556747,5,0.5,0.0,0.5,0.5,0.5,0.0,5,0.4625,0.03240068961457456,0.40625,0.484375,0.46875,0.07005554511259364
minecraft,knn,200,1,5,0.7297297297297297,0.13513513513513514,0.5405405405405406,0.8648648648648649,0.7567567567567568,0.1851851851851852,5,0.7297297297297297,0.13513513513513514,0.5405405405405406,0.8648648648648649,0.7567567567567568,0.1851851851851852,5,0.4189479031171424,0.04689586800437045,0.3508771929824561,0.463768115942029,0.4307692307692308,0.1119372305134986,5,0.8378958062342848,0.09379173600874093,0.7017543859649122,0.9275362318840581,0.8615384615384616,0.11193723051349863,5,0.5,0.0,0.5,0.5,0.5,0.0,5,0.36486486486486486,0.06756756756756757,0.2702702702702703,0.43243243243243246,0.3783783783783784,0.1851851851851852
minecraft,knn,200,10,5,0.7058823529411764,0.09974014681066568,0.5882352941176471,0.8235294117647058,0.6764705882352942,0.14129854131510972,5,0.7058823529411764,0.09974014681066568,0.5882352941176471,0.8235294117647058,0.6764705882352942,0.14129854131510972,5,0.41219442784056326,0.03419917471514095,0.37037037037037035,0.45161290322580644,0.40350877192982454,0.08296855174463734,5,0.8243888556811265,0.0683983494302819,0.7407407407407407,0.9032258064516129,0.8070175438596491,0.08296855174463734,5,0.5,0.0,0.5,0.5,0.5,0.0,5,0.3529411764705882,0.04987007340533284,0.29411764705882354,0.4117647058823529,0.3382352941176471,0.14129854131510972
minecraft,knn,200,11,5,0.5175,0.030103986446980764,0.4875,0.55,0.5,0.05817195448691936,5,0.5186366479049406,0.029766568846835557,0.4881175734834271,0.5509693558474047,0.5021888680425266,0.05739387867610039,5,0.5166113881664842,0.030659722975494356,0.4874199093608376,0.55,0.4987468671679198,0.059347748961379634,5,0.516209192795698,0.030864266613241015,0.48725972808251294,0.55,0.4981203007518797,0.05979023048017721,5,0.5187017515098277,0.029829260197186593,0.4880952380952381,0.5512256442489001,0.5022566086395873,0.057507537058357955,5,0.5186366479049406,0.029766568846835557,0.4881175734834271,0.5509693558474047,0.5021888680425266,0.05739387867610039
minecraft,knn,200,12,5,0.5894736842105263,0.03990987075816606,0.5263157894736842,0.631578947368421,0.6052631578947368,0.06770424503617457,5,0.5894736842105263,0.03990987075816606,0.5263157894736842,0.631578947368421,0.6052631578947368,0.06770424503617457,5,0.37053787754456985,0.016085681058260946,0.3448275862068966,0.3870967741935484,0.3770491803278688,0.04341170507278596,5,0.7410757550891397,0.03217136211652189,0.6896551724137931,0.7741935483870968,0.7540983606557377,0.04341170507278596,5,0.5,0.0,0.5,0.5,0.5,0.0,5,0.29473684210526313,0.01995493537908303,0.2631578947368421,0.3157894736842105,0.3026315789473684,0.06770424503617457
minecraft,knn,200,13,5,0.535897435897436,0.04290564238636284,0.5,0.6025641025641025,0.5256410256410257,0.0800631604338828,5,0.535897435897436,0.04290564238636284,0.5,0.6025641025641025,0.5256410256410257,0.0800631604338828,5,0.5079141614211125,0.0540777987113645,0.4523852385238524,0.5972013993003498,0.4957190284815656,0.10647035034435377,5,0.5079141614211123,0.05407779871136452,0.4523852385238523,0.5972013993003498,0.49571902848156557,0.10647035034435384,5,0.5441166110493141,0.04826388335354396,0.5,0.6083333333333334,0.5336206896551725,0.08870135991707434,5,0.535897435897436,0.04290564238636284,0.5,0.6025641025641025,0.5256410256410257,0.0800631604338828
minecraft,knn,200,14,5,0.6776470588235294,0.03587753101641626,0.6352941176470588,0.7176470588235294,0.6823529411764706,0.05294427320130872,5,0.6612040133779263,0.03834604507041357,0.6162207357859532,0.7020624303232998,0.6636008918617614,0.057994271502547594,5,0.654416280321144,0.04324784096759423,0.603699804481877,0.6992924528301887,0.6548353135809897,0.06608613243296922,5,0.6617307183785783,0.04154079342896891,0.6129148124883883,0.7054106548279689,0.6628612882963383,0.06277597861975524,5,0.6956646913940041,0.03808666074822718,0.6504329004329004,0.7416666666666667,0.7117604617604618,0.05474858968608486,5,0.6612040133779263,0.03834604507041357,0.6162207357859532,0.7020624303232998,0.6636008918617614,0.057994271502547594
minecraft,knn,200,15,5,0.9764705882352942,0.024607647839237523,0.9411764705882353,1.0,0.9705882352941176,0.0252006032088577,5,0.9764705882352942,0.024607647839237523,0.9411764705882353,1.0,0.9705882352941176,0.0252006032088577,5,0.6939846223428313,0.2793701770346701,0.48484848484848486,1.0,0.4925373134328358,0.40255960728861806,5,0.9879692446856627,0.012650215460387871,0.9696969696969697,1.0,0.9850746268656716,0.012804260384049432,5,0.7,0.27386127875258304,0.5,1.0,0.5,0.3912303982179758,5,0.6882352941176471,0.2846642531548727,0.47058823529411764,1.0,0.4852941176470588,0.4136147268062253
minecraft,knn,200,16,5,0.705,0.027386127875258306,0.6875,0.75,0.6875,0.038845571454267105,5,0.6989368355222014,0.028613255506433958,0.6794871794871795,0.7460913070669168,0.6813633520950595,0.04093825658087678,5,0.6818800353681314,0.037150881853343795,0.6473285134896843,0.7421018697614443,0.6643732169827152,0.054483017431778726,5,0.68398711901149,0.03652528521710005,0.6503041791571151,0.7432301740812379,0.6665757677462661,0.05340054542238606,5,0.768784384727781,0.028709078325744198,0.7416666666666667,0.8106060606060606,0.7749825296995108,0.037343472234948945,5,0.6989368355222014,0.028613255506433958,0.6794871794871795,0.7460913070669168,0.6813633520950595,0.04093825658087678
minecraft,knn,200,17,5,0.7257142857142858,0.04333071682315173,0.6571428571428571,0.7714285714285715,0.7428571428571429,0.05970768066182325,5,0.7257142857142858,0.04333071682315173,0.6571428571428571,0.7714285714285715,0.7428571428571429,0.05970768066182325,5,0.42023225563315647,0.014815758869450872,0.39655172413793105,0.43548387096774194,0.4262295081967213,0.03525612008799332,5,0.8404645112663129,0.029631517738901745,0.7931034482758621,0.8709677419354839,0.8524590163934426,0.03525612008799332,5,0.5,0.0,0.5,0.5,0.5,0.0,5,0.3628571428571429,0.021665358411575866,0.32857142857142857,0.38571428571428573,0.37142857142857144,0.05970768066182325
minecraft,knn,200,18,5,0.48674698795180726,0.024983664281117736,0.4578313253012048,0.5180722891566265,0.4819277108433735,0.05132782513199931,5,0.5068764568764569,0.02560010110880935,0.4784382284382284,0.5381701631701632,0.5011655011655012,0.050505603015310235,5,0.43437224303276345,0.025846608384530918,0.398841139546113,0.4699872286079183,0.4346586408997307,0.05950336099763488,5,0.4240277670098954,0.026312851639213684,0.38749687305474917,0.4603702164981766,0.42481091799480514,0.06205454851403547,5,0.5143374967993245,0.048282674331063924,0.4593406593406594,0.5678053830227744,0.5019607843137255,0.09387352590764356,5,0.5068764568764569,0.02560010110880935,0.4784382284382284,0.5381701631701632,0.5011655011655012,0.050505603015310235
minecraft,knn,200,19,5,0.4333333333333333,0.040018419795170485,0.39285714285714285,0.47619047619047616,0.4166666666666667,0.09235019952731652,5,0.4458119658119658,0.04278885500848784,0.4008547008547008,0.49230769230769234,0.42820512820512824,0.0959796019170452,5,0.42103128051108857,0.035199252928348294,0.3886113886113886,0.46122448979591835,0.4064888248017303,0.083602465084352,5,0.4151912571089354,0.03419421156994182,0.3849721706864564,0.45481049562682213,0.40093727469358326,0.08235773510271713,5,0.4399449920759804,0.04613694043786425,0.3954326923076923,0.49037776193870275,0.4196428571428571,0.10486979342612042,5,0.4458119658119658,0.04278885500848784,0.4008547008547008,0.49230769230769234,0.42820512820512824,0.0959796019170452
minecraft,knn,200,2,5,0.64,0.09169603734789267,0.5142857142857142,0.7428571428571429,0.6285714285714286,0.14327505835608229,5,0.64,0.09169603734789267,0.5142857142857142,0.7428571428571429,0.6285714285714286,0.14327505835608229,5,0.38869674573070473,0.034620644846047655,0.33962264150943394,0.4262295081967213,0.38596491228070173,0.08906852250837569,5,0.7773934914614095,0.06924128969209531,0.6792452830188679,0.8524590163934426,0.7719298245614035,0.08906852250837569,5,0.5,0.0,0.5,0.5,0.5,0.0,5,0.32,0.045848018673946334,0.2571428571428571,0.37142857142857144,0.3142857142857143,0.14327505835608229
minecraft,knn,200,20,5,0.95,0.01711632992203644,0.9375,0.96875,0.9375,0.018017189391617307,5,0.95,0.01711632992203644,0.9375,0.96875,0.9375,0.018017189391617307,5,0.48714797747055816,0.004487230373826223,0.4838709677419355,0.49206349206349204,0.4838709677419355,0.009211226529412036,5,0.9742959549411163,0.008974460747652445,0.967741935483871,0.9841269841269841,0.967741935483871,0.009211226529412036,5,0.5,0.0,0.5,0.5,0.5,0.0,5,0.475,0.00855816496101822,0.46875,0.484375,0.46875,0.018017189391617307
minecraft,knn,200,21,5,0.6,0.1622551785801199,0.41935483870967744,0.7741935483870968,0.6129032258064516,0.2704252976335332,5,0.6,0.1622551785801199,0.41935483870967744,0.7741935483870968,0.6129032258064516,0.2704252976335332,5,0.36977104377104375,0.06453004212237032,0.29545454545454547,0.43636363636363634,0.38,0.17451350831658488,5,0.7395420875420875,0.12906008424474064,0.5909090909090909,0.8727272727272727,0.76,0.17451350831658488,5,0.5,0.0,0.5,0.5,0.5,0.0,5,0.3,0.08112758929005995,0.20967741935483872,0.3870967741935484,0.3064516129032258,0.2704252976335332
minecraft,knn,200,22,5,0.5075000000000001,0.04643543905251676,0.45,0.575,0.5,0.09149840207392464,5,0.5068792995622264,0.04646553152496672,0.44903064415259536,0.574108818011257,0.4996873045653534,0.09166981481606636,5,0.5067449833677775,0.046539707982202035,0.44862155388471175,0.5739348370927319,0.4996873045653534,0.09184049079855452,5,0.5072075245616781,0.0464821844899584,0.44931077694235577,0.574467418546366,0.5,0.0916433259347398,5,0.506897632623817,0.046682787914379346,0.4487743557510999,0.5744814582023885,0.4996873045653534,0.09209509950310608,5,0.5068792995622264,0.04646553152496672,0.44903064415259536,0.574108818011257,0.4996873045653534,0.09166981481606636
minecraft,knn,200,23,5,0.7529411764705882,0.11504474832710554,0.5588235294117647,0.8529411764705882,0.7647058823529411,0.15279380637193704,5,0.7529411764705882,0.11504474832710554,0.5588235294117647,0.8529411764705882,0.7647058823529411,0.15279380637193704,5,0.42741751924953386,0.040276361924961195,0.3584905660377358,0.4603174603174603,0.43333333333333335,0.09423189296423562,5,0.8548350384990677,0.08055272384992239,0.7169811320754716,0.9206349206349206,0.8666666666666667,0.09423189296423562,5,0.5,0.0,0.5,0.5,0.5,0.0,5,0.3764705882352941,0.05752237416355277,0.27941176470588236,0.4264705882352941,0.38235294117647056,0.15279380637193704
minecraft,knn,200,24,5,1.0,0.0,1.0,1.0,1.0,0.0,5,1.0,0.0,1.0,1.0,1.0,0.0,5,1.0,0.0,1.0,1.0,1.0,0.0,5,1.0,0.0,1.0,1.0,1.0,0.0,5,1.0,0.0,1.0,1.0,1.0,0.0,5,1.0,0.0,1.0,1.0,1.0,0.0
minecraft,knn,200,25,5,0.7974683544303798,0.05517593599418575,0.7341772151898734,0.8607594936708861,0.810126582278481,0.06918887211969324,5,0.796923076923077,0.055039433595315046,0.7333333333333334,0.8596153846153847,0.8096153846153846,0.06906492632616752,5,0.7967445440551708,0.055172385960294244,0.7326349717969379,0.859316820463008,0.8096385542168675,0.06924727175348416,5,0.7968750882472183,0.055156091973313455,0.7328920123624272,0.8594971546139928,0.8097605612322708,0.06921548030147746,5,0.8010821938944428,0.05793958017419364,0.7379084967320262,0.8730053191489362,0.812015503875969,0.07232663591300376,5,0.796923076923077,0.055039433595315046,0.7333333333333334,0.8596153846153847,0.8096153846153846,0.06906492632616752
minecraft,knn,200,26,5,0.51875,0.05229125165837972,0.4375,0.5625,0.53125,0.10080241283543079,5,0.51875,0.05229125165837972,0.4375,0.5625,0.53125,0.10080241283543079,5,0.3409239869860988,0.02323467126407725,0.30434782608695654,0.36,0.3469387755102041,0.06815205779294328,5,0.6818479739721977,0.0464693425281545,0.6086956521739131,0.72,0.6938775510204082,0.06815205779294328,5,0.5,0.0,0.5,0.5,0.5,0.0,5,0.259375,0.02614562582918986,0.21875,0.28125,0.265625,0.10080241283543079
minecraft,knn,200,27,5,0.5588235294117647,0.12987883626952718,0.4117647058823529,0.7352941176470589,0.5,0.23241475964020653,5,0.5588235294117647,0.12987883626952718,0.4117647058823529,0.7352941176470589,0.5,0.23241475964020653,5,0.3549838579499596,0.052694429913770935,0.2916666666666667,0.423728813559322,0.3333333333333333,0.14844176357224395,5,0.7099677158999192,0.10538885982754187,0.5833333333333334,0.847457627118644,0.6666666666666666,0.14844176357224395,5,0.5,0.0,0.5,0.5,0.5,0.0,5,0.27941176470588236,0.06493941813476359,0.20588235294117646,0.36764705882352944,0.25,0.23241475964020653
minecraft,knn,200,28,5,0.2914285714285714,0.0511101251999952,0.22857142857142856,0.37142857142857144,0.2857142857142857,0.17537788058821882,5,0.2914285714285714,0.0511101251999952,0.22857142857142856,0.37142857142857144,0.2857142857142857,0.17537788058821882,5,0.22470930232558137,0.03016949752340025,0.18604651162790697,0.2708333333333333,0.2222222222222222,0.13426011834475662,5,0.44941860465116273,0.0603389950468005,0.37209302325581395,0.5416666666666666,0.4444444444444444,0.13426011834475662,5,0.5,0.0,0.5,0.5,0.5,0.0,5,0.1457142857142857,0.0255550625999976,0.11428571428571428,0.18571428571428572,0.14285714285714285,0.17537788058821882
minecraft,knn,200,29,5,0.52,0.1132092157494797,0.34285714285714286,0.6285714285714286,0.5428571428571428,0.21771003028746097,5,0.52,0.1132092157494797,0.34285714285714286,0.6285714285714286,0.5428571428571428,0.21771003028746097,5,0.3390117979983601,0.05199809922334881,0.2553191489361702,0.38596491228070173,0.35185185185185186,0.15338138533928056,5,0.6780235959967202,0.10399619844669762,0.5106382978723404,0.7719298245614035,0.7037037037037037,0.15338138533928056,5,0.5,0.0,0.5,0.5,0.5,0.0,5,0.26,0.05660460787473985,0.17142857142857143,0.3142857142857143,0.2714285714285714,0.21771003028746097
minecraft,knn,200,3,5,0.7126436781609196,0.02570193077585966,0.6781609195402298,0.7471264367816092,0.7126436781609196,0.036065612540319196,5,0.7189102564102564,0.02424060307844747,0.6891025641025641,0.7540064102564102,0.7155448717948718,0.03371853838821048,5,0.7123650428833954,0.025787952852281023,0.6777777777777778,0.747093023255814,0.7120349529988084,0.03620047489683202,5,0.7127373525124272,0.02635246537369165,0.6766283524904214,0.7473937449879711,0.7134045846135584,0.03697359943434727,5,0.718368357313987,0.02275942144412406,0.6928104575163399,0.7529255319148935,0.7132663847780127,0.03168210460887031,5,0.7189102564102564,0.02424060307844747,0.6891025641025641,0.7540064102564102,0.7155448717948718,0.03371853838821048
minecraft,knn,200,30,5,0.6848484848484848,0.09958591954639381,0.5757575757575758,0.7878787878787878,0.6666666666666666,0.14541306836420337,5,0.6848484848484848,0.09958591954639381,0.5757575757575758,0.7878787878787878,0.6666666666666666,0.14541306836420337,5,0.4048198076308086,0.035014653810478,0.36538461538461536,0.4406779661016949,0.4,0.08649441838184704,5,0.8096396152616172,0.070029307620956,0.7307692307692307,0.8813559322033898,0.8,0.08649441838184704,5,0.5,0.0,0.5,0.5,0.5,0.0,5,0.3424242424242424,0.04979295977319691,0.2878787878787879,0.3939393939393939,0.3333333333333333,0.14541306836420337
minecraft,knn,200,31,5,0.6804347826086957,0.014583052027172557,0.6739130434782609,0.7065217391304348,0.6739130434782609,0.021431961445684905,5,0.6610062893081761,0.017054644557647363,0.6492501209482342,0.6910982099661345,0.6560232220609579,0.02580103220424292,5,0.662631964045883,0.017511893190305692,0.6501014198782962,0.6934468715290634,0.6577380952380952,0.026427782148301417,5,0.6743829573717407,0.016178052866399974,0.6639915336449422,0.703080984498495,0.6690605590062111,0.02398941534562258,5,0.6734564277290926,0.015065840629277093,0.6656394453004623,0.7003042596348885,0.6668429402432575,0.022370921130086145,5,0.6610062893081761,0.017054644557647363,0.6492501209482342,0.6910982099661345,0.6560232220609579,0.02580103220424292
minecraft,knn,200,32,5,0.7529411764705882,0.07382294351771251,0.6470588235294118,0.8235294117647058,0.7352941176470589,0.09804609685946193,5,0.7529411764705882,0.07382294351771251,0.6470588235294118,0.8235294117647058,0.7352941176470589,0.09804609685946193,5,0.42870811528548,0.02441381646015365,0.39285714285714285,0.45161290322580644,0.423728813559322,0.056947409180477734,5,0.85741623057096,0.0488276329203073,0.7857142857142857,0.9032258064516129,0.847457627118644,0.056947409180477734,5,0.5,0.0,0.5,0.5,0.5,0.0,5,0.3764705882352941,0.03691147175885626,0.3235294117647059,0.4117647058823529,0.36764705882352944,0.09804609685946193
minecraft,knn,200,33,5,0.9567567567567569,0.030815552029706424,0.918918918918919,1.0,0.9459459459459459,0.032208345341783545,5,0.9567567567567569,0.030815552029706424,0.918918918918919,1.0,0.9459459459459459,0.032208345341783545,5,0.5888492293180698,0.22989569800556892,0.4788732394366197,1.0,0.4861111111111111,0.39041521421672715,5,0.9776984586361396,0.016042355311509462,0.9577464788732394,1.0,0.9722222222222222,0.016408285366316392,5,0.6,0.22360679774997896,0.5,1.0,0.5,0.37267799624996495,5,0.5783783783783785,0.23588727173616064,0.4594594594594595,1.0,0.47297297297297297,0.40784247916999733
minecraft,knn,200,34,5,0.6325,0.04011701633970304,0.575,0.6875,0.6375,0.06342611279004434,5,0.6250781738586617,0.04131900726879243,0.5653533458411507,0.6813633520950595,0.6294559099437148,0.06610214369464641,5,0.5896959469104754,0.061191089339755825,0.49404761904761907,0.6643732169827152,0.5943204868154158,0.1037671865651224,5,0.5929645719199789,0.06013194949956134,0.49910714285714286,0.6665757677462661,0.5971095334685599,0.10140900881288437,5,0.6960016844826499,0.03555602162216141,0.6635030198446936,0.7416666666666667,0.6872759856630825,0.051086114322540496,5,0.6250781738586617,0.04131900726879243,0.5653533458411507,0.6813633520950595,0.6294559099437148,0.06610214369464641
minecraft,knn,200,35,5,0.9172413793103449,0.030842316931031594,0.8620689655172413,0.9310344827586207,0.9310344827586207,0.0336250823684179,5,0.9172413793103449,0.030842316931031594,0.8620689655172413,0.9310344827586207,0.9310344827586207,0.0336250823684179,5,0.47830687830687835,0.008577509437499195,0.46296296296296297,0.48214285714285715,0.48214285714285715,0.017933067297426414,5,0.9566137566137567,0.01715501887499839,0.9259259259259259,0.9642857142857143,0.9642857142857143,0.017933067297426414,5,0.5,0.0,0.5,0.5,0.5,0.0,5,0.45862068965517244,0.015421158465515797,0.43103448275862066,0.46551724137931033,0.46551724137931033,0.0336250823684179
minecraft,knn,200,36,5,0.5576470588235294,0.07088174273596266,0.4823529411764706,0.6352941176470588,0.5882352941176471,0.12710861039149424,5,0.5749163879598662,0.07038751143014996,0.4983277591973244,0.6513377926421404,0.6020066889632107,0.12243086630375123,5,0.5448811708759,0.07494179303474889,0.4607843137254902,0.6278774184437226,0.5824561403508772,0.13753786520881142,5,0.5387228181005287,0.07652668036215861,0.45190311418685125,0.6235510105751099,0.5764705882352941,0.1420520493859577,5,0.588638322843466,0.08349242679408103,0.4980443285528031,0.6733716475095786,0.6126847290640394,0.14183994407765363,5,0.5749163879598662,0.07038751143014996,0.4983277591973244,0.6513377926421404,0.6020066889632107,0.12243086630375123
minecraft,knn,200,37,5,0.6164705882352941,0.04749795114867378,0.5411764705882353,0.6588235294117647,0.6352941176470588,0.07704820319918457,5,0.6027313266443701,0.04345753157614576,0.5390189520624302,0.6418617614269788,0.6142697881828316,0.07210100032146997,5,0.5943162488155311,0.043827340823291754,0.538878842676311,0.6386054421768708,0.5976484959535807,0.0737441402799257,5,0.6014698642704152,0.04428787135987528,0.541559408573556,0.6431572629051621,0.6077838556402864,0.07363273538832509,5,0.6243847398048218,0.053892153834642784,0.5388888888888889,0.6738387978142077,0.6451048951048951,0.08631241348321403,5,0.6027313266443701,0.04345753157614576,0.5390189520624302,0.6418617614269788,0.6142697881828316,0.07210100032146997
minecraft,knn,200,38,5,0.6506024096385542,0.04259679404738238,0.6144578313253012,0.7228915662650602,0.6385542168674698,0.06547285010986552,5,0.6436480186480187,0.04369172251278777,0.6072261072261073,0.7182400932400932,0.62995337995338,0.06788139052235746,5,0.6417650133827353,0.04495677728411222,0.6047619047619047,0.7188098394461628,0.6263505402160865,0.07005177338531687,5,0.6451279346017447,0.044258973009207246,0.6084911072862881,0.7208507028556116,0.6304184324332142,0.06860495513425494,5,0.6523296797567661,0.04327740999786911,0.6141439205955335,0.7247899159663866,0.6424010217113665,0.06634284985163627,5,0.6436480186480187,0.04369172251278777,0.6072261072261073,0.7182400932400932,0.62995337995338,0.06788139052235746
minecraft,knn,200,39,5,1.0,0.0,1.0,1.0,1.0,0.0,5,1.0,0.0,1.0,1.0,1.0,0.0,5,1.0,0.0,1.0,1.0,1.0,0.0,5,1.0,0.0,1.0,1.0,1.0,0.0,5,1.0,0.0,1.0,1.0,1.0,0.0,5,1.0,0.0,1.0,1.0,1.0,0.0
minecraft,knn,200,4,5,0.6421052631578947,0.12565617248750865,0.4473684210526316,0.7631578947368421,0.6578947368421053,0.19569403911989053,5,0.6421052631578947,0.12565617248750865,0.4473684210526316,0.7631578947368421,0.6578947368421053,0.19569403911989053,5,0.38800874627642423,0.04936652832783793,0.3090909090909091,0.43283582089552236,0.3968253968253968,0.12723045241013292,5,0.7760174925528485,0.09873305665567583,0.6181818181818182,0.8656716417910446,0.7936507936507936,0.12723045241013287,5,0.5,0.0,0.5,0.5,0.5,0.0,5,0.32105263157894737,0.06282808624375433,0.2236842105263158,0.3815789473684211,0.32894736842105265,0.19569403911989053
minecraft,knn,200,5,5,0.2193548387096774,0.08349792971319216,0.0967741935483871,0.3225806451612903,0.22580645161290322,0.38065232663367016,5,0.2193548387096774,0.08349792971319216,0.0967741935483871,0.3225806451612903,0.22580645161290322,0.38065232663367016,5,0.17672772534963882,0.057918234899627635,0.08823529411764706,0.24390243902439024,0.18421052631578946,0.3277257984565918,5,0.35345545069927764,0.11583646979925527,0.17647058823529413,0.4878048780487805,0.3684210526315789,0.3277257984565918,5,0.5,0.0,0.5,0.5,0.5,0.0,5,0.1096774193548387,0.04174896485659608,0.04838709677419355,0.16129032258064516,0.11290322580645161,0.38065232663367016
minecraft,knn,200,6,5,0.8074074074074075,0.04057204129667897,0.7777777777777778,0.8518518518518519,0.7777777777777778,0.050249775917905144,5,0.8074074074074075,0.04057204129667897,0.7777777777777778,0.8518518518518519,0.7777777777777778,0.050249775917905144,5,0.4465,0.012323757543866248,0.4375,0.46,0.4375,0.027600800770137175,5,0.893,0.024647515087732497,0.875,0.92,0.875,0.027600800770137175,5,0.5,0.0,0.5,0.5,0.5,0.0,5,0.40370370370370373,0.020286020648339485,0.3888888888888889,0.42592592592592593,0.3888888888888889,0.050249775917905144
minecraft,knn,200,7,5,0.38461538461538464,0.028667538173074224,0.34615384615384615,0.4230769230769231,0.38461538461538464,0.07453559924999298,5,0.38461538461538464,0.02866753817307423,0.34615384615384615,0.4230769230769231,0.38461538461538464,0.07453559924999299,5,0.38058673110421215,0.02426935226900425,0.34518518518518515,0.4065934065934066,0.38461538461538464,0.06376825644601578,5,0.38058673110421215,0.024269352269004237,0.34518518518518515,0.4065934065934066,0.38461538461538464,0.06376825644601575,5,0.38206716915695244,0.026156907095629258,0.34523809523809523,0.41346153846153844,0.38461538461538464,0.06846154081583507,5,0.38461538461538464,0.02866753817307423,0.34615384615384615,0.4230769230769231,0.38461538461538464,0.07453559924999299
minecraft,knn,200,8,5,0.6,0.06264104180891364,0.5172413793103449,0.6896551724137931,0.5862068965517241,0.1044017363481894,5,0.6,0.06264104180891364,0.5172413793103449,0.6896551724137931,0.5862068965517241,0.1044017363481894,5,0.3742363028804155,0.024401894563362083,0.3409090909090909,0.40816326530612246,0.3695652173913043,0.06520450949185315,5,0.748472605760831,0.048803789126724166,0.6818181818181818,0.8163265306122449,0.7391304347826086,0.06520450949185315,5,0.5,0.0,0.5,0.5,0.5,0.0,5,0.3,0.03132052090445682,0.25862068965517243,0.3448275862068966,0.29310344827586204,0.1044017363481894
minecraft,knn,200,9,5,0.6384615384615385,0.021066252211737142,0.6153846153846154,0.6666666666666666,0.6282051282051282,0.03299533478946781,5,0.6384615384615385,0.021066252211737156,0.6153846153846154,0.6666666666666667,0.6282051282051282,0.03299533478946783,5,0.6352448299149016,0.021313740054822495,0.6130952380952381,0.6664473684210527,0.6266710678329757,0.03355200869195223,5,0.6352448299149016,0.021313740054822512,0.613095238095238,0.6664473684210527,0.6266710678329758,0.03355200869195226,5,0.6436390132189989,0.022335363616823166,0.6181818181818182,0.6671428571428571,0.6354166666666666,0.03470169327542539,5,0.6384615384615385,0.021066252211737156,0.6153846153846154,0.6666666666666667,0.6282051282051282,0.03299533478946783
minecraft,knn,250,0,5,0.992,0.017888543819998333,0.96,1.0,1.0,0.01803280627015961,5,0.992,0.017888543819998333,0.96,1.0,1.0,0.01803280627015961,5,0.8979591836734693,0.22817020178569283,0.4897959183673469,1.0,1.0,0.2540986338067943,5,0.9959183673469388,0.009126808071427723,0.9795918367346939,1.0,1.0,0.009164213022540132,5,0.9,0.22360679774997896,0.5,1.0,1.0,0.24845199749997662,5,0.8960000000000001,0.23255106965997813,0.48,1.0,1.0,0.25954360453122555
minecraft,knn,250,1,5,0.6758620689655173,0.2282123049348179,0.4482758620689655,1.0,0.6551724137931034,0.33766106342396524,5,0.6758620689655173,0.2282123049348179,0.4482758620689655,1.0,0.6551724137931034,0.33766106342396524,5,0.4946492461027344,0.28754954910490793,0.30952380952380953,1.0,0.3958333333333333,0.5813200997888236,5,0.789298492205469,0.15933680950890766,0.6190476190476191,1.0,0.7916666666666666,0.20187142263972468,5,0.6,0.22360679774997896,0.5,1.0,0.5,0.37267799624996495,5,0.4379310344827586,0.32177236582749913,0.22413793103448276,1.0,0.3275862068965517,0.7347557959840532
minecraft,knn,250,10,5,0.711111111111111,0.08029438292103258,0.6296296296296297,0.8148148148148148,0.6666666666666666,0.11291397598270209,5,0.711111111111111,0.08029438292103258,0.6296296296296297,0.8148148148148148,0.6666666666666666,0.11291397598270209,5,0.41456864564007423,0.027064615509859,0.38636363636363635,0.4489795918367347,0.4,0.06528379749527975,5,0.8291372912801485,0.054129231019718,0.7727272727272727,0.8979591836734694,0.8,0.06528379749527975,5,0.5,0.0,0.5,0.5,0.5,0.0,5,0.3555555555555555,0.04014719146051629,0.3148148148148148,0.4074074074074074,0.3333333333333333,0.11291397598270209
minecraft,knn,250,11,5,0.6787878787878788,0.06639061303092922,0.5757575757575758,0.7575757575757576,0.696969696969697,0.09780759955449393,5,0.6787878787878788,0.06639061303092922,0.5757575757575758,0.7575757575757576,0.696969696969697,0.09780759955449393,5,0.4035695339143615,0.02412077914927262,0.36538461538461536,0.43103448275862066,0.4107142857142857,0.05976858291387058,5,0.807139067828723,0.04824155829854524,0.7307692307692307,0.8620689655172413,0.8214285714285714,0.05976858291387058,5,0.5,0.0,0.5,0.5,0.5,0.0,5,0.3393939393939394,0.03319530651546461,0.2878787878787879,0.3787878787878788,0.3484848484848485,0.09780759955449393
minecraft,knn,250,12,5,0.6933333333333334,0.11642832797715323,0.5333333333333333,0.8333333333333334,0.7,0.167925473043971,5,0.6933333333333334,0.11642832797715323,0.5333333333333333,0.8333333333333334,0.7,0.167925473043971,5,0.4071707227152178,0.04147893655017424,0.34782608695652173,0.45454545454545453,0.4117647058823529,0.10187111753411927,5,0.8143414454304356,0.08295787310034848,0.6956521739130435,0.9090909090909091,0.8235294117647058,0.10187111753411927,5,0.5,0.0,0.5,0.5,0.5,0.0,5,0.3466666666666667,0.058214163988576616,0.26666666666666666,0.4166666666666667,0.35,0.167925473043971
minecraft,knn,250,13,5,0.7741935483870968,0.16916271744679862,0.5161290322580645,0.9354838709677419,0.8064516129032258,0.21850184336878156,5,0.7741935483870968,0.16916271744679862,0.5161290322580645,0.9354838709677419,0.8064516129032258,0.21850184336878156,5,0.43197160949717617,0.05772285981412248,0.3404255319148936,0.48333333333333334,0.44642857142857145,0.13362651281947227,5,0.8639432189943523,0.11544571962824496,0.6808510638297872,0.9666666666666667,0.8928571428571429,0.13362651281947227,5,0.5,0.0,0.5,0.5,0.5,0.0,5,0.3870967741935484,0.08458135872339931,0.25806451612903225,0.46774193548387094,0.4032258064516129,0.21850184336878156
minecraft,knn,250,14,5,0.8054054054054054,0.02261243314956962,0.7837837837837838,0.8378378378378378,0.8108108108108109,0.02807583981657973,5,0.8054054054054054,0.02261243314956962,0.7837837837837838,0.8378378378378378,0.8108108108108109,0.02807583981657973,5,0.4460385239577514,0.006912618199004458,0.4393939393939394,0.45588235294117646,0.44776119402985076,0.015497805296430444,5,0.8920770479155026,0.013825236398008901,0.8787878787878788,0.9117647058823529,0.8955223880597014,0.015497805296430434,5,0.5,0.0,0.5,0.5,0.5,0.0,5,0.4027027027027027,0.01130621657478481,0.3918918918918919,0.4189189189189189,0.40540540540540543,0.02807583981657973
minecraft,knn,250,15,5,0.9851851851851852,0.020286020648339516,0.9629629629629629,1.0,1.0,0.020591073590419808,5,0.9851851851851852,0.020286020648339516,0.9629629629629629,1.0,1.0,0.020591073590419808,5,0.7962264150943396,0.27902847269131104,0.49056603773584906,1.0,1.0,0.3504386031431158,5,0.9924528301886791,0.010334387877455962,0.9811320754716981,1.0,1.0,0.01041297637842521,5,0.8,0.27386127875258304,0.5,1.0,1.0,0.34232659844072877,5,0.7925925925925925,0.2840042890767528,0.48148148148148145,1.0,1.0,0.35832316846132367
minecraft,knn,250,16,5,0.9757575757575758,0.025353334137396207,0.9393939393939394,1.0,0.9696969696969697,0.025983230637704184,5,0.9757575757575758,0.025353334137396207,0.9393939393939394,1.0,0.9696969696969697,0.025983230637704184,5,0.6937980769230769,0.27954159383035115,0.484375,1.0,0.49230769230769234,0.4029149159220639,5,0.9875961538461538,0.013044714293763483,0.96875,1.0,0.9846153846153846,0.013208551129893898,5,0.7,0.27386127875258304,0.5,1.0,0.5,0.3912303982179758,5,0.6878787878787879,0.28499351562549047,0.4696969696969697,1.0,0.48484848484848486,0.4143077539930038
minecraft,knn,250,17,5,0.85,0.05297284633639761,0.7857142857142857,0.9285714285714286,0.8571428571428571,0.06232099568987954,5,0.85,0.05297284633639761,0.7857142857142857,0.9285714285714286,0.8571428571428571,0.06232099568987954,5,0.4591077593430534,0.015358716036377541,0.44,0.48148148148148145,0.46153846153846156,0.03345340113256774,5,0.9182155186861068,0.030717432072755083,0.88,0.9629629629629629,0.9230769230769231,0.03345340113256774,5,0.5,0.0,0.5,0.5,0.5,0.0,5,0.425,0.026486423168198804,0.39285714285714285,0.4642857142857143,0.42857142857142855,0.06232099568987954
minecraft,knn,250,18,5,0.20571428571428568,0.06515288143423645,0.11428571428571428,0.2857142857142857,0.22857142857142856,0.31671539586087166,5,0.20571428571428568,0.06515288143423645,0.11428571428571428,0.2857142857142857,0.22857142857142856,0.31671539586087166,5,0.16864416229135457,0.04566255769654531,0.10256410256410256,0.2222222222222222,0.18604651162790697,0.27076275322034177,5,0.33728832458270913,0.09132511539309061,0.20512820512820512,0.4444444444444444,0.37209302325581395,0.27076275322034177,5,0.5,0.0,0.5,0.5,0.5,0.0,5,0.10285714285714284,0.032576440717118224,0.05714285714285714,0.14285714285714285,0.11428571428571428,0.31671539586087166
minecraft,knn,250,19,5,0.3,0.07954345035153529,0.19444444444444445,0.3888888888888889,0.3055555555555556,0.26514483450511767,5,0.3,0.07954345035153529,0.19444444444444445,0.3888888888888889,0.3055555555555556,0.26514483450511767,5,0.22842787466297754,0.04787378444254022,0.16279069767441862,0.28,0.23404255319148937,0.2095794329530632,5,0.4568557493259551,0.09574756888508044,0.32558139534883723,0.56,0.4680851063829788,0.2095794329530632,5,0.5,0.0,0.5,0.5,0.5,0.0,5,0.15,0.039771725175767644,0.09722222222222222,0.19444444444444445,0.1527777777777778,0.26514483450511767
minecraft,knn,250,2,5,0.5928571428571429,0.1226826002665548,0.42857142857142855,0.7142857142857143,0.5714285714285714,0.20693450647370687,5,0.5928571428571429,0.1226826002665548,0.42857142857142855,0.7142857142857143,0.5714285714285714,0.20693450647370687,5,0.3691613812544045,0.049346729188557696,0.3,0.4166666666666667,0.36363636363636365,0.1336725120620101,5,0.738322762508809,0.09869345837711539,0.6,0.8333333333333334,0.7272727272727273,0.1336725120620101,5,0.5,0.0,0.5,0.5,0.5,0.0,5,0.29642857142857143,0.0613413001332774,0.21428571428571427,0.35714285714285715,0.2857142857142857,0.20693450647370687
minecraft,knn,250,20,5,0.8384615384615385,0.03217923178977212,0.8076923076923077,0.8846153846153846,0.8461538461538461,0.038378900299728215,5,0.8384615384615385,0.03217923178977212,0.8076923076923077,0.8846153846153846,0.8461538461538461,0.038378900299728215,5,0.4559342886090606,0.00947452161060363,0.44680851063829785,0.46938775510204084,0.4583333333333333,0.02078045421744432,5,0.9118685772181212,0.01894904322120722,0.8936170212765957,0.9387755102040816,0.9166666666666666,0.020780454217444278,5,0.5,0.0,0.5,0.5,0.5,0.0,5,0.41923076923076924,0.01608961589488606,0.40384615384615385,0.4423076923076923,0.4230769230769231,0.038378900299728215
minecraft,knn,250,21,5,0.32,0.04898979485566356,0.28,0.4,0.32,0.15309310892394862,5,0.32,0.04898979485566356,0.28,0.4,0.32,0.15309310892394862,5,0.24161255411255408,0.027348094847725515,0.21875,0.2857142857142857,0.24242424242424243,0.1131898752040241,5,0.48322510822510817,0.05469618969545103,0.4375,0.5714285714285714,0.48484848484848486,0.1131898752040241,5,0.5,0.0,0.5,0.5,0.5,0.0,5,0.16,0.02449489742783178,0.14,0.2,0.16,0.15309310892394862
minecraft,knn,250,22,5,0.6424242424242423,0.12007038034035727,0.48484848484848486,0.7575757575757576,0.696969696969697,0.18690200713357502,5,0.6424242424242423,0.12007038034035727,0.48484848484848486,0.7575757575757576,0.696969696969697,0.18690200713357502,5,0.388454637753468,0.04600802972559514,0.32653061224489793,0.43103448275862066,0.4107142857142857,0.11843861613204383,5,0.776909275506936,0.09201605945119028,0.6530612244897959,0.8620689655172413,0.8214285714285714,0.11843861613204383,5,0.5,0.0,0.5,0.5,0.5,0.0,5,0.32121212121212117,0.06003519017017864,0.24242424242424243,0.3787878787878788,0.3484848484848485,0.18690200713357502
minecraft,knn,250,23,5,0.6888888888888889,0.10006856360078739,0.5925925925925926,0.8518518518518519,0.6666666666666666,0.14526081813017525,5,0.6888888888888889,0.10006856360078739,0.5925925925925926,0.8518518518518519,0.6666666666666666,0.14526081813017525,5,0.406300027576064,0.03367651389347489,0.37209302325581395,0.46,0.4,0.08288582724048736,5,0.812600055152128,0.06735302778694978,0.7441860465116279,0.92,0.8,0.08288582724048736,5,0.5,0.0,0.5,0.5,0.5,0.0,5,0.34444444444444444,0.050034281800393696,0.2962962962962963,0.42592592592592593,0.3333333333333333,0.14526081813017525
minecraft,knn,250,24,5,0.9,0.03535533905932737,0.85,0.95,0.9,0.0392837100659193,5,0.9,0.03535533905932737,0.85,0.95,0.9,0.0392837100659193,5,0.47353831564357873,0.009802545693283173,0.4594594594594595,0.48717948717948717,0.47368421052631576,0.02070063893343178,5,0.9470766312871575,0.019605091386566305,0.918918918918919,0.9743589743589742,0.9473684210526315,0.020700638933431735,5,0.5,0.0,0.5,0.5,0.5,0.0,5,0.45,0.017677669529663684,0.425,0.475,0.45,0.0392837100659193
minecraft,knn,250,25,5,0.875,0.05846339666834283,0.8125,0.96875,0.875,0.0668153104781061,5,0.875,0.05846339666834283,0.8125,0.96875,0.875,0.0668153104781061,5,0.4662599612219718,0.01631032507222655,0.4482758620689655,0.49206349206349204,0.4666666666666667,0.034981183092540336,5,0.9325199224439435,0.0326206501444531,0.896551724137931,0.9841269841269841,0.9333333333333333,0.034981183092540336,5,0.5,0.0,0.5,0.5,0.5,0.0,5,0.4375,0.029231698334171417,0.40625,0.484375,0.4375,0.0668153104781061
minecraft,knn,250,26,5,0.5153846153846154,0.0926276506060946,0.4230769230769231,0.6153846153846154,0.46153846153846156,0.17972529222078054,5,0.5153846153846154,0.0926276506060946,0.4230769230769231,0.6153846153846154,0.46153846153846156,0.17972529222078054,5,0.33815620131409607,0.039790127640086936,0.2972972972972973,0.38095238095238093,0.3157894736842105,0.11766789278286195,5,0.6763124026281921,0.07958025528017393,0.5945945945945946,0.761904761904762,0.631578947368421,0.11766789278286202,5,0.5,0.0,0.5,0.5,0.5,0.0,5,0.2576923076923077,0.0463138253030473,0.21153846153846154,0.3076923076923077,0.23076923076923078,0.17972529222078054
minecraft,knn,250,27,5,0.8148148148148149,0.08281733249999224,0.6666666666666666,0.8518518518518519,0.8518518518518519,0.10163945352271773,5,0.8148148148148149,0.08281733249999224,0.6666666666666666,0.8518518518518519,0.8518518518518519,0.10163945352271773,5,0.44800000000000006,0.026832815729997475,0.4,0.46,0.46,0.059894677968744356,5,0.8960000000000001,0.05366563145999495,0.8,0.92,0.92,0.059894677968744356,5,0.5,0.0,0.5,0.5,0.5,0.0,5,0.40740740740740744,0.04140866624999612,0.3333333333333333,0.42592592592592593,0.42592592592592593,0.10163945352271773
minecraft,knn,250,28,5,0.2357142857142857,0.05416339602893966,0.17857142857142858,0.32142857142857145,0.21428571428571427,0.22978410436519855,5,0.2357142857142857,0.05416339602893966,0.17857142857142858,0.32142857142857145,0.21428571428571427,0.22978410436519855,5,0.1895399142457966,0.03457223627729602,0.15151515151515152,0.24324324324324326,0.17647058823529413,0.18240082261756493,5,0.3790798284915932,0.06914447255459204,0.30303030303030304,0.4864864864864865,0.35294117647058826,0.18240082261756493,5,0.5,0.0,0.5,0.5,0.5,0.0,5,0.11785714285714285,0.02708169801446983,0.08928571428571429,0.16071428571428573,0.10714285714285714,0.22978410436519855
minecraft,knn,250,29,5,0.6785714285714286,0.08748177652797066,0.5714285714285714,0.7857142857142857,0.7142857142857143,0.12892051277806202,5,0.6785714285714286,0.08748177652797066,0.5714285714285714,0.7857142857142857,0.7142857142857143,0.12892051277806202,5,0.402949494949495,0.03133767366665353,0.36363636363636365,0.44,0.4166666666666667,0.07777072327781757,5,0.80589898989899,0.06267534733330705,0.7272727272727273,0.88,0.8333333333333334,0.07777072327781757,5,0.5,0.0,0.5,0.5,0.5,0.0,5,0.3392857142857143,0.04374088826398533,0.2857142857142857,0.39285714285714285,0.35714285714285715,0.12892051277806202
minecraft,knn,250,3,5,0.6789473684210526,0.03903262361629296,0.631578947368421,0.7368421052631579,0.6842105263157895,0.05748991075267955,5,0.6789473684210526,0.03903262361629296,0.631578947368421,0.7368421052631579,0.6842105263157895,0.05748991075267955,5,0.4041329190522739,0.013756692691331342,0.3870967741935484,0.42424242424242425,0.40625,0.03404002010920555,5,0.8082658381045478,0.027513385382662684,0.7741935483870968,0.8484848484848485,0.8125,0.03404002010920555,5,0.5,0.0,0.5,0.5,0.5,0.0,5,0.3394736842105263,0.01951631180814648,0.3157894736842105,0.3684210526315789,0.34210526315789475,0.05748991075267955
minecraft,knn,250,30,5,0.5615384615384615,0.11080661762221487,0.4230769230769231,0.6923076923076923,0.5384615384615384,0.1973268532998347,5,0.5615384615384615,0.11080661762221487,0.4230769230769231,0.6923076923076923,0.5384615384615384,0.1973268532998347,5,0.3570140753861684,0.04571000698905783,0.2972972972972973,0.4090909090909091,0.35,0.12803418727851296,5,0.7140281507723368,0.09142001397811564,0.5945945945945946,0.8181818181818182,0.7,0.12803418727851293,5,0.5,0.0,0.5,0.5,0.5,0.0,5,0.28076923076923077,0.055403308811107436,0.21153846153846154,0.34615384615384615,0.2692307692307692,0.1973268532998347
minecraft,knn,250,31,5,0.654320987654321,0.07145578335055695,0.6049382716049383,0.7777777777777778,0.6172839506172839,0.10920600851688893,5,0.6457875457875458,0.07628375524131464,0.5952380952380952,0.7783882783882783,0.6062271062271063,0.11812515701009017,5,0.6211581601867753,0.08914037000508275,0.5702917771883289,0.7777439024390245,0.573322005097706,0.14350671973508203,5,0.6250715393323765,0.08704510826935628,0.5748108851557128,0.7778455284552845,0.5783945372730419,0.1392562335542057,5,0.6962911290539764,0.05926364362817701,0.6324278438030561,0.7780487804878049,0.6673076923076924,0.08511331130801021,5,0.6457875457875458,0.07628375524131464,0.5952380952380952,0.7783882783882783,0.6062271062271063,0.11812515701009017
minecraft,knn,250,32,5,0.6814814814814815,0.1034388151390292,0.5925925925925926,0.8518518518518519,0.6296296296296297,0.1517852178670537,5,0.6814814814814815,0.1034388151390292,0.5925925925925926,0.8518518518518519,0.6296296296296297,0.1517852178670537,5,0.40357275484879124,0.034846124664518995,0.37209302325581395,0.46,0.38636363636363635,0.08634409594268815,5,0.8071455096975825,0.06969224932903799,0.7441860465116279,0.92,0.7727272727272727,0.08634409594268815,5,0.5,0.0,0.5,0.5,0.5,0.0,5,0.34074074074074073,0.0517194075695146,0.2962962962962963,0.42592592592592593,0.3148148148148148,0.1517852178670537
minecraft,knn,250,33,5,0.9666666666666666,0.02357022603955158,0.9333333333333333,1.0,0.9666666666666667,0.024382992454708534,5,0.9666666666666666,0.02357022603955158,0.9333333333333333,1.0,0.9666666666666667,0.024382992454708534,5,0.5914669783752192,0.22840844983493255,0.4827586206896552,1.0,0.4915254237288136,0.38617278425649165,5,0.9829339567504384,0.012192546871214759,0.9655172413793104,1.0,0.9830508474576273,0.012404238135716762,5,0.6,0.22360679774997896,0.5,1.0,0.5,0.37267799624996495,5,0.5833333333333333,0.23303552423515939,0.4666666666666667,1.0,0.48333333333333334,0.39948947011741615
minecraft,knn,250,34,5,0.9272727272727274,0.07297936108358967,0.8484848484848485,1.0,0.9696969696969697,0.0787032325411261,5,0.9272727272727274,0.07297936108358967,0.8484848484848485,1.0,0.9696969696969697,0.0787032325411261,5,0.5805296343001262,0.23508112706340645,0.45901639344262296,1.0,0.49230769230769234,0.40494250969085344,5,0.9610592686002523,0.039776620089342664,0.9180327868852459,1.0,0.9846153846153846,0.041388311198825294,5,0.6,0.22360679774997896,0.5,1.0,0.5,0.37267799624996495,5,0.5636363636363637,0.245809694432403,0.42424242424242425,1.0,0.48484848484848486,0.436113973992973
minecraft,knn,250,35,5,0.9913043478260869,0.019444069369563374,0.9565217391304348,1.0,1.0,0.01961463138157709,5,0.9913043478260869,0.019444069369563374,0.9565217391304348,1.0,1.0,0.01961463138157709,5,0.8977777777777778,0.2285758376999785,0.4888888888888889,1.0,1.0,0.25460179941829286,5,0.9955555555555555,0.00993807989999908,0.9777777777777777,1.0,1.0,0.009982446328124076,5,0.9,0.22360679774997896,0.5,1.0,1.0,0.24845199749997662,5,0.8956521739130435,0.23332883243476066,0.4782608695652174,1.0,1.0,0.2605127740776454
minecraft,knn,250,36,5,0.5297297297297298,0.09856531096654308,0.40540540540540543,0.6486486486486487,0.5405405405405406,0.18606716866133133,5,0.5297297297297298,0.09856531096654308,0.40540540540540543,0.6486486486486487,0.5405405405405406,0.18606716866133133,5,0.3440955050283665,0.042609422685475316,0.28846153846153844,0.39344262295081966,0.3508771929824561,0.1238302217344068,5,0.688191010056733,0.08521884537095063,0.5769230769230769,0.7868852459016393,0.7017543859649122,0.1238302217344068,5,0.5,0.0,0.5,0.5,0.5,0.0,5,0.2648648648648649,0.04928265548327154,0.20270270270270271,0.32432432432432434,0.2702702702702703,0.18606716866133133
minecraft,knn,250,37,5,0.8108108108108109,0.08963850784744323,0.7027027027027027,0.9459459459459459,0.7837837837837838,0.11055415967851331,5,0.8108108108108109,0.08963850784744323,0.7027027027027027,0.9459459459459459,0.7837837837837838,0.11055415967851331,5,0.44669595110771587,0.026927756055635972,0.4126984126984127,0.4861111111111111,0.4393939393939394,0.06028206879614773,5,0.8933919022154317,0.053855512111271944,0.8253968253968254,0.9722222222222222,0.8787878787878788,0.06028206879614773,5,0.5,0.0,0.5,0.5,0.5,0.0,5,0.40540540540540543,0.044819253923721616,0.35135135135135137,0.47297297297297297,0.3918918918918919,0.11055415967851331
minecraft,knn,250,38,5,0.822857142857143,0.031298431857438046,0.7714285714285715,0.8571428571428571,0.8285714285714286,0.03803628871563651,5,0.822857142857143,0.031298431857438046,0.7714285714285715,0.8571428571428571,0.8285714285714286,0.03803628871563651,5,0.45127946650124073,0.009552039037775345,0.43548387096774194,0.46153846153846156,0.453125,0.021166571375010886,5,0.9025589330024815,0.019104078075550663,0.8709677419354839,0.923076923076923,0.90625,0.021166571375010854,5,0.5,0.0,0.5,0.5,0.5,0.0,5,0.4114285714285715,0.015649215928719023,0.38571428571428573,0.42857142857142855,0.4142857142857143,0.03803628871563651
minecraft,knn,250,39,5,1.0,0.0,1.0,1.0,1.0,0.0,5,1.0,0.0,1.0,1.0,1.0,0.0,5,1.0,0.0,1.0,1.0,1.0,0.0,5,1.0,0.0,1.0,1.0,1.0,0.0,5,1.0,0.0,1.0,1.0,1.0,0.0,5,1.0,0.0,1.0,1.0,1.0,0.0
minecraft,knn,250,4,5,0.7096774193548387,0.05587260669577023,0.6129032258064516,0.7419354838709677,0.7419354838709677,0.07872958216222169,5,0.7096774193548387,0.05587260669577023,0.6129032258064516,0.7419354838709677,0.7419354838709677,0.07872958216222169,5,0.4145744234800839,0.019888633029379755,0.38,0.42592592592592593,0.42592592592592593,0.04797361318729592,5,0.8291488469601678,0.03977726605875951,0.76,0.8518518518518519,0.8518518518518519,0.04797361318729592,5,0.5,0.0,0.5,0.5,0.5,0.0,5,0.3548387096774194,0.027936303347885116,0.3064516129032258,0.3709677419354839,0.3709677419354839,0.07872958216222169
minecraft,knn,250,5,5,0.24000000000000005,0.10198039027185571,0.16,0.4,0.2,0.4249182927993987,5,0.24000000000000005,0.10198039027185571,0.16,0.4,0.2,0.4249182927993987,5,0.18939860426929392,0.06315215235878177,0.13793103448275862,0.2857142857142857,0.16666666666666666,0.3334351517659006,5,0.37879720853858784,0.12630430471756357,0.27586206896551724,0.5714285714285714,0.33333333333333326,0.3334351517659007,5,0.5,0.0,0.5,0.5,0.5,0.0,5,0.12000000000000002,0.050990195135927854,0.08,0.2,0.1,0.4249182927993987
minecraft,knn,250,6,5,0.8727272727272727,0.020327890704543525,0.8636363636363636,0.9090909090909091,0.8636363636363636,0.023292374765622792,5,0.8727272727272727,0.020327890704543525,0.8636363636363636,0.9090909090909091,0.8636363636363636,0.023292374765622792,5,0.4659698025551684,0.005713530256097002,0.4634146341463415,0.47619047619047616,0.4634146341463415,0.012261589108922031,5,0.9319396051103368,0.011427060512194052,0.926829268292683,0.9523809523809524,0.926829268292683,0.012261589108922083,5,0.5,0.0,0.5,0.5,0.5,0.0,5,0.43636363636363634,0.010163945352271763,0.4318181818181818,0.45454545454545453,0.4318181818181818,0.023292374765622792
minecraft,knn,250,7,5,0.35,0.11136581050753414,0.25,0.46875,0.3125,0.3181880300215261,5,0.35,0.11136581050753414,0.25,0.46875,0.3125,0.3181880300215261,5,0.2552786220871327,0.06034392025560563,0.2,0.3191489361702128,0.23809523809523808,0.23638454235705175,5,0.5105572441742654,0.12068784051121126,0.4,0.6382978723404256,0.47619047619047616,0.23638454235705175,5,0.5,0.0,0.5,0.5,0.5,0.0,5,0.175,0.05568290525376707,0.125,0.234375,0.15625,0.3181880300215261
minecraft,knn,250,8,5,0.7652173913043478,0.049572844569527756,0.6956521739130435,0.8260869565217391,0.782608695652174,0.06478269460790559,5,0.7652173913043478,0.049572844569527756,0.6956521739130435,0.8260869565217391,0.782608695652174,0.06478269460790559,5,0.43313722862503357,0.01604201192775922,0.41025641025641024,0.4523809523809524,0.43902439024390244,0.03703678849930208,5,0.8662744572500671,0.03208402385551844,0.8205128205128205,0.9047619047619048,0.8780487804878049,0.03703678849930208,5,0.5,0.0,0.5,0.5,0.5,0.0,5,0.3826086956521739,0.024786422284763878,0.34782608695652173,0.41304347826086957,0.391304347826087,0.06478269460790559
minecraft,knn,250,9,5,0.864516129032258,0.0353369391938817,0.8064516129032258,0.9032258064516129,0.8709677419354839,0.04087481772426615,5,0.864516129032258,0.0353369391938817,0.8064516129032258,0.9032258064516129,0.8709677419354839,0.04087481772426615,5,0.4635113133505886,0.010323814765539202,0.44642857142857145,0.4745762711864407,0.46551724137931033,0.02227305886216961,5,0.9270226267011772,0.020647629531078404,0.8928571428571429,0.9491525423728814,0.9310344827586207,0.02227305886216961,5,0.5,0.0,0.5,0.5,0.5,0.0,5,0.432258064516129,0.01766846959694085,0.4032258064516129,0.45161290322580644,0.43548387096774194,0.04087481772426615
minecraft,knn,50,0,5,0.6603305785123966,0.018340777703448035,0.6322314049586777,0.6776859504132231,0.6652892561983471,0.027775145207975124,5,0.6543521367521368,0.018816210101481576,0.6256752136752136,0.6707692307692308,0.660957264957265,0.028755480489259872,5,0.6452152768365009,0.021634124712377512,0.6137028069231458,0.6639066153332278,0.6572777340676632,0.03353008753675194,5,0.647602114588648,0.021241121119646537,0.6164995764379432,0.665788977025918,0.6590099550688923,0.03279964756313178,5,0.6801347851032326,0.021338337589925194,0.6501633986928104,0.7092234229705956,0.6817057569296375,0.03137368953520942,5,0.6543521367521368,0.018816210101481576,0.6256752136752136,0.6707692307692308,0.660957264957265,0.028755480489259872
minecraft,knn,50,1,5,0.8305343511450382,0.01676784934083114,0.8015267175572519,0.8435114503816794,0.8358778625954199,0.020189230364419847,5,0.8183436486884762,0.02017524473815775,0.7827291482463896,0.8313881520778073,0.824638962569997,0.024653756121272203,5,0.8228388484637088,0.020224468136042718,0.7871915026554201,0.836834510518721,0.8308222126560483,0.024578893149980772,5,0.826707304841283,0.019126069403051137,0.7930942382032332,0.8403619504463217,0.8348289166760394,0.02313523697086854,5,0.8475522442780772,0.014090297629919993,0.8367146367146368,0.8660684612828182,0.8379898403483309,0.01662469508522361,5,0.8183436486884762,0.02017524473815775,0.7827291482463896,0.8313881520778073,0.824638962569997,0.024653756121272203
minecraft,knn,50,10,5,0.6509960159362549,0.007237411205013918,0.6414342629482072,0.6573705179282868,0.6533864541832669,0.011117443160700695,5,0.6461347110600842,0.008118877697011901,0.6370072713356295,0.6530807500956755,0.6504337287919377,0.012565301875968903,5,0.6459686051815714,0.008728461609083167,0.6352042066071166,0.6533594552929085,0.6507030087816115,0.01351220715537675,5,0.6487473812599247,0.008250480701735943,0.6393384933086377,0.6558849391744431,0.6527765802283453,0.012717555307449228,5,0.6498988544123379,0.00696306276164788,0.6393913942369815,0.6560013046314417,0.6514966598150052,0.010714071450309193,5,0.6461347110600842,0.008118877697011901,0.6370072713356295,0.6530807500956755,0.6504337287919377,0.012565301875968903
minecraft,knn,50,11,5,0.5504702194357367,0.03605697087024603,0.5109717868338558,0.6081504702194357,0.54858934169279,0.06550212817544694,5,0.553680981595092,0.03574509554981492,0.5126632059147397,0.6100951706779927,0.5523635362592418,0.06455900913706185,5,0.5403120234315484,0.03989096266008648,0.5078434824026424,0.6059198497801057,0.536748688987495,0.07382949283034089,5,0.5389377382863975,0.040283345057639044,0.5054059386985802,0.6052692521519678,0.535123501361278,0.07474582348922841,5,0.559150311378644,0.035992910443279645,0.512962962962963,0.6134135472370766,0.5592567868268803,0.06437072413415157,5,0.553680981595092,0.03574509554981492,0.5126632059147397,0.6100951706779927,0.5523635362592418,0.06455900913706185
minecraft,knn,50,12,5,0.6413533834586466,0.023567560930311985,0.6203007518796992,0.6766917293233082,0.6390977443609023,0.03674660731220978,5,0.6572879022543452,0.024963000716903067,0.6326220386623072,0.6930534044628005,0.6604141570584524,0.037978792293735755,5,0.6401273782234506,0.023472942931445837,0.6196503149996461,0.6757936507936508,0.6356164383561644,0.03666917512041188,5,0.6378287800513637,0.02339129720793552,0.6177581349849459,0.6737408998687194,0.6313317540426409,0.03667331725929934,5,0.664130986557545,0.027587306867186117,0.6347319347319347,0.7004586336291619,0.6716524216524217,0.04153895455199599,5,0.6572879022543452,0.024963000716903067,0.6326220386623072,0.6930534044628005,0.6604141570584524,0.037978792293735755
minecraft,knn,50,13,5,0.5121771217712177,0.022806696886143837,0.47601476014760147,0.5387453874538746,0.5129151291512916,0.04452892547654885,5,0.5134865134865134,0.01796482658734609,0.48351648351648346,0.5284437784437784,0.5180375180375181,0.034985975513489184,5,0.5093077196738326,0.019995153119590454,0.47595053927443076,0.5284725992121491,0.5123773173391494,0.039259473884267086,5,0.513281188879179,0.02250058156677641,0.47674259671020286,0.5379749283357451,0.5151570540362937,0.0438367546956271,5,0.513379463753188,0.01789712891548217,0.48360927152317884,0.5286344842999218,0.5177887246852764,0.03486140404729236,5,0.5134865134865134,0.01796482658734609,0.48351648351648346,0.5284437784437784,0.5180375180375181,0.034985975513489184
minecraft,knn,50,14,5,0.6834319526627219,0.025707318338731917,0.6568047337278107,0.7248520710059172,0.6834319526627219,0.03761503722290644,5,0.669047619047619,0.02736433212359494,0.6405677655677655,0.7129120879120879,0.6694139194139194,0.040900425238113436,5,0.663996139815743,0.030370765672037506,0.631849765258216,0.7121507650888712,0.6651389313259817,0.045739370834995074,5,0.6701960563775824,0.029332739134840406,0.6392228241242325,0.7168019475373669,0.6711594193608582,0.04376740038338066,5,0.6996502742510924,0.024712388024838938,0.6740059295430764,0.7399095130372664,0.6987192728775047,0.035321058154791904,5,0.669047619047619,0.02736433212359494,0.6405677655677655,0.7129120879120879,0.6694139194139194,0.040900425238113436
minecraft,knn,50,15,5,0.7432000000000001,0.025203174403237404,0.716,0.784,0.74,0.033911698605001886,5,0.7334554334554335,0.025528707561862606,0.7073774179037337,0.7754000385579334,0.730447914658441,0.03480607873009068,5,0.7324749064001701,0.026530633551430212,0.7064902852418355,0.7764308426073132,0.7296128055375297,0.036220535774826715,5,0.7358915504728765,0.02614143699571768,0.7098715171558496,0.7790635930047695,0.733004542504867,0.03552349117056645,5,0.7621035711116733,0.027325807794135914,0.7263608305274971,0.8022001269303998,0.7571715433161217,0.03585576663061166,5,0.7334554334554335,0.025528707561862606,0.7073774179037337,0.7754000385579334,0.730447914658441,0.03480607873009068
minecraft,knn,50,16,5,0.6721003134796237,0.019900401565020546,0.6520376175548589,0.6990595611285266,0.664576802507837,0.029609272850940088,5,0.6688728960201352,0.020208037521883358,0.6483600755073148,0.6962993550416863,0.6609053012427246,0.030212074135644196,5,0.6631074146003452,0.021968544099945683,0.6401414677276747,0.6929493863800433,0.6531093427645152,0.03312969153449464,5,0.664308761495725,0.021786826615952038,0.6415772099481968,0.6938998580075852,0.6544933465266402,0.032796235543992955,5,0.685683278995595,0.018961262598044617,0.667890520694259,0.71045197740113,0.6820872274143301,0.027653091709950284,5,0.6688728960201352,0.020208037521883358,0.6483600755073148,0.6962993550416863,0.6609053012427246,0.030212074135644196
minecraft,knn,50,17,5,0.5556420233463035,0.017915742308515694,0.5291828793774319,0.5680933852140078,0.5680933852140078,0.03224331774011578,5,0.5629365079365078,0.018306716168798278,0.5355616605616605,0.5782967032967032,0.5733821733821733,0.032520037181285544,5,0.5550641610196546,0.017789817390136478,0.5289261206126066,0.5680672268907563,0.5664128402717614,0.03205001987059753,5,0.5538258690316976,0.017812372493618323,0.5279418786807764,0.5677664061733642,0.5639970569172823,0.032162406073160246,5,0.5640551009550261,0.018852943418246754,0.5359434777242996,0.5813975628332064,0.5736068585425598,0.03342393923275584,5,0.5629365079365078,0.018306716168798278,0.5355616605616605,0.5782967032967032,0.5733821733821733,0.032520037181285544
minecraft,knn,50,18,5,0.4358662613981763,0.013524982043335555,0.4133738601823708,0.44984802431610943,0.4376899696048632,0.031030119192868882,5,0.4550170446124203,0.014115184977375272,0.43180302356602934,0.47026456202756783,0.4568141396176078,0.031021222489365136,5,0.3584996218733604,0.011098463886271736,0.33954296293984876,0.36889074228523766,0.36096383012231614,0.030958090913111917,5,0.34699605036863745,0.011132718410189903,0.32813273336600446,0.35788841258292753,0.3495222128310591,0.03208312716632613,5,0.39989401519860873,0.024169534647425214,0.35861883545859574,0.4199900299102692,0.40331010452961674,0.06043985088254279,5,0.4550170446124203,0.014115184977375272,0.43180302356602934,0.47026456202756783,0.4568141396176078,0.031021222489365136
minecraft,knn,50,19,5,0.46606606606606604,0.012634044425202775,0.45045045045045046,0.4804804804804805,0.4624624624624625,0.027107840164900286,5,0.48830943068231203,0.013955686797769304,0.4708822251195132,0.5055953933072577,0.4863646240764885,0.02857959711789531,5,0.403619005012234,0.013488823783149527,0.3882257551342974,0.4245391705069124,0.3999375032550388,0.03341969435443375,5,0.3915003123435694,0.014427222250283665,0.37478635122143994,0.4135321957902603,0.3871750706128946,0.03685111300146997,5,0.4790435818196711,0.02660981174295818,0.4495924764890282,0.51519771788314,0.46787542662116044,0.055547788871065706,5,0.48830943068231203,0.013955686797769304,0.4708822251195132,0.5055953933072577,0.4863646240764885,0.02857959711789531
minecraft,knn,50,2,5,0.5388235294117647,0.02362724757865424,0.5215686274509804,0.5803921568627451,0.5294117647058824,0.043849695287895424,5,0.529041248606466,0.023809874095395415,0.5125418060200668,0.5700483091787439,0.5213675213675213,0.045005704485448716,5,0.5243168780796055,0.02628774191633279,0.4988207547169811,0.5675157317440441,0.5161907495097335,0.050137127022528545,5,0.5307108534866505,0.02524759272415833,0.5090177580466149,0.5736612982779696,0.5236906299325585,0.04757316071131266,5,0.530911170068294,0.025202659908451597,0.5135977883502636,0.574732390643584,0.5232323232323233,0.04747057762075271,5,0.529041248606466,0.023809874095395415,0.5125418060200668,0.5700483091787439,0.5213675213675213,0.045005704485448716
minecraft,knn,50,20,5,0.6395061728395062,0.023023211079340546,0.6172839506172839,0.6748971193415638,0.6378600823045267,0.036001546282366494,5,0.6334554334554335,0.022903335406251887,0.6141636141636142,0.6700244200244201,0.6306471306471306,0.036156190627834026,5,0.6254492475634061,0.02429435023459058,0.6039540816326531,0.6667476781529381,0.6197724039829303,0.03884304014951699,5,0.6280485022730234,0.024014140262129096,0.6070326278659612,0.6686778089607704,0.6228438965281071,0.03823612376308118,5,0.6526138242463764,0.02711331633694381,0.6176923076923078,0.6837609970674488,0.6551974214343272,0.04154572785560228,5,0.6334554334554335,0.022903335406251887,0.6141636141636142,0.6700244200244201,0.6306471306471306,0.036156190627834026
minecraft,knn,50,21,5,0.49128630705394194,0.031952901756312796,0.43983402489626555,0.5228215767634855,0.4979253112033195,0.06503926793303533,5,0.49657430383236834,0.03161215557073145,0.4469602977667494,0.5300179211469535,0.5009994485800937,0.06366047402525879,5,0.4745059998124253,0.038203648362101786,0.40786240786240785,0.4985540978981521,0.4937062694237547,0.08051246639073877,5,0.47191919292217915,0.03893519870687302,0.40386595573317563,0.4963180053955371,0.4921821104393718,0.08250395256395844,5,0.49530667212564267,0.04122744562963075,0.42991803278688523,0.5396630236794171,0.5010454217736121,0.08323620082221048,5,0.49657430383236834,0.03161215557073145,0.4469602977667494,0.5300179211469535,0.5009994485800937,0.06366047402525879
minecraft,knn,50,22,5,0.4716981132075472,0.046376984917461075,0.4276729559748428,0.550314465408805,0.46226415094339623,0.09831920802501748,5,0.47198480531813863,0.04639033051286655,0.42877492877492873,0.5509259259259259,0.46153846153846156,0.09828776263591243,5,0.47111994844388894,0.04669511384779385,0.4262204068683824,0.550096463022508,0.4610650254214611,0.09911512769100099,5,0.4710568773828493,0.046724621967205934,0.42567570095345975,0.5499096038342536,0.46154467563023516,0.09919104085010676,5,0.4717747403972205,0.04671645639534059,0.42776886035313,0.5511099638616417,0.46133190118152523,0.09902280133948398,5,0.47198480531813863,0.04639033051286655,0.42877492877492873,0.5509259259259259,0.46153846153846156,0.09828776263591243
minecraft,knn,50,23,5,0.5232,0.025043961347997665,0.5,0.56,0.524,0.04786689860091297,5,0.5108540582224792,0.02313509914138493,0.48791851423430366,0.542253068568858,0.50944669365722,0.04528710062886394,5,0.4959616287452282,0.020197998108517162,0.47456914670029426,0.521519360062816,0.4894894894894895,0.04072492091700248,5,0.5032406205297002,0.019987198800758714,0.4819672131147541,0.5260515286843009,0.49798438438438436,0.03971698226530406,5,0.5148166809334271,0.03080225796196251,0.48598688133571855,0.5613053613053613,0.5118778280542986,0.0598315072194517,5,0.5108540582224792,0.02313509914138493,0.48791851423430366,0.542253068568858,0.50944669365722,0.04528710062886394
minecraft,knn,50,24,5,0.6551724137931034,0.01465235492411718,0.6436781609195402,0.6781609195402298,0.6494252873563219,0.022364120673652538,5,0.6427884615384615,0.016951897776449946,0.6294070512820513,0.6662660256410257,0.6314102564102564,0.026372436331350706,5,0.6419015910993758,0.018436382812193366,0.6242964850801742,0.6668945713113633,0.6312047039518666,0.02872150975762131,5,0.6488450956797891,0.017026724409757926,0.6343480059906332,0.6732318921901007,0.638221023496183,0.026241586047466663,5,0.6535262533875339,0.015277086637548377,0.6397727272727273,0.6768465909090908,0.6544715447154472,0.023376393156908468,5,0.6427884615384615,0.016951897776449946,0.6294070512820513,0.6662660256410257,0.6314102564102564,0.026372436331350706
minecraft,knn,50,25,5,0.7482428115015974,0.017702102462869084,0.7188498402555911,0.7667731629392971,0.7507987220447284,0.023658232582741346,5,0.7482810713702434,0.017741093955706517,0.7188061407806631,0.7668218193695902,0.7509594969786053,0.023709131013055346,5,0.7481035931487228,0.01770199480443149,0.7187780772686433,0.7667350668177595,0.7507961783439491,0.023662491353536833,5,0.748096414545287,0.017692086491124095,0.7187924298660329,0.7667255427873751,0.7507987220447284,0.02364947371372956,5,0.748869600884327,0.01785404834263602,0.7189849624060151,0.7670398823144818,0.7534430150090714,0.023841331416781356,5,0.7482810713702434,0.017741093955706517,0.7188061407806631,0.7668218193695902,0.7509594969786053,0.023709131013055346
minecraft,knn,50,26,5,0.5706122448979591,0.025878967321056916,0.5387755102040817,0.6040816326530613,0.5795918367346938,0.04535298278725998,5,0.5785590277777778,0.027499133733736986,0.5446380876068376,0.6144831730769231,0.5873731303418803,0.04753038568831959,5,0.5603029718200865,0.02175435247448246,0.5335220475492426,0.5868752716210344,0.5680787334189131,0.03882605227635272,5,0.5573481257153187,0.021233389375986813,0.5312994287337337,0.5830898721939884,0.5649126300070734,0.03809717552873295,5,0.5912817885333143,0.03721821054752383,0.5477022977022977,0.6437615294314942,0.5985019572417947,0.06294496341557265,5,0.5785590277777778,0.027499133733736986,0.5446380876068376,0.6144831730769231,0.5873731303418803,0.04753038568831959
minecraft,knn,50,27,5,0.373015873015873,0.034708046993126795,0.3333333333333333,0.42063492063492064,0.36904761904761907,0.09304710470497822,5,0.3919088319088319,0.03560033979205984,0.35327635327635326,0.44216524216524217,0.39002849002849005,0.09083831976601486,5,0.335038432669888,0.03605364753093333,0.28736870455157554,0.3751358695652174,0.3247058823529412,0.1076104829037833,5,0.32379753976369857,0.03690437366479549,0.27444115270670616,0.36309200310559003,0.31551820728291313,0.1139736073712222,5,0.3461206618343368,0.050355195960634994,0.28026927088271547,0.40816326530612246,0.33071988595866003,0.14548451309947055,5,0.3919088319088319,0.03560033979205984,0.35327635327635326,0.44216524216524217,0.39002849002849005,0.09083831976601486
minecraft,knn,50,28,5,0.49883268482490273,0.01491851323944033,0.4785992217898833,0.5175097276264592,0.5019455252918288,0.029906847913698634,5,0.5289072039072039,0.01613841937878828,0.5066849816849817,0.548015873015873,0.5323260073260073,0.03051276151954199,5,0.45318864449724827,0.012750456932903439,0.43809554888395774,0.4725936713888521,0.45281563814984327,0.028134987687187866,5,0.43906741778140584,0.012689136667954194,0.42459432458198254,0.45881941414265265,0.43757211855372086,0.02890020109456541,5,0.5533232546781599,0.031212066189413537,0.5109150717703349,0.5870985603543744,0.5586378737541529,0.056408375981898705,5,0.5289072039072039,0.01613841937878828,0.5066849816849817,0.548015873015873,0.5323260073260073,0.03051276151954199
minecraft,knn,50,29,5,0.4765625,0.03291464755147015,0.44140625,0.52734375,0.46484375,0.06906680141947835,5,0.48484289491483734,0.030604504483560356,0.45179241222406685,0.532281866814241,0.4733751460370165,0.06312251825188867,5,0.47449512893972356,0.034494682611922185,0.43762193716875336,0.5272788316266577,0.463000107179495,0.07269765379678775,5,0.47195447535266216,0.03596344323596715,0.4336574189645902,0.526802763555481,0.4602960977094211,0.07620108530403047,5,0.4837433891009157,0.03170358397074209,0.44895833333333335,0.5324314306893996,0.47243442831678123,0.06553802012605546,5,0.48484289491483734,0.030604504483560356,0.45179241222406685,0.532281866814241,0.4733751460370165,0.06312251825188867
minecraft,knn,50,3,5,0.6869565217391305,0.020393111999232303,0.6579710144927536,0.7101449275362319,0.6956521739130435,0.029686175695084995,5,0.6959299959299959,0.020242881633265927,0.6676841676841677,0.722018722018722,0.7015160765160765,0.029087525687428728,5,0.6865228192799198,0.020430716152539517,0.657484687352763,0.7092631295085283,0.6956419455390226,0.02975970438093943,5,0.685696592061233,0.020701895342789153,0.6562501646127868,0.7077315855656746,0.6956521739130435,0.030191043068419486,5,0.699185641615211,0.021113221021074637,0.6711555770961711,0.7297164514317799,0.7010932105868815,0.030196874427083933,5,0.6959299959299959,0.020242881633265927,0.6676841676841677,0.722018722018722,0.7015160765160765,0.029087525687428728
minecraft,knn,50,30,5,0.5186991869918699,0.02564521999282521,0.47560975609756095,0.540650406504065,0.5284552845528455,0.04944141158491381,5,0.5278870999801233,0.02631397555169781,0.48330351818723916,0.5496919101570265,0.5376664678990261,0.049847733639804076,5,0.5055513608811882,0.024460567153391642,0.4660003028926245,0.5288075260615306,0.5156493991445448,0.048383940873497566,5,0.5016398156402582,0.02437482254676817,0.4625059562726477,0.5251635628484431,0.5118076335220545,0.04859028686879219,5,0.5328911857819698,0.03021974772244665,0.4814814814814815,0.5572344322344323,0.5436870821486206,0.056709040285779715,5,0.5278870999801233,0.02631397555169781,0.48330351818723916,0.5496919101570265,0.5376664678990261,0.049847733639804076
minecraft,knn,50,31,5,0.6034653465346534,0.02167785549090231,0.5742574257425742,0.6336633663366337,0.6014851485148515,0.03592228719575281,5,0.6027309532572691,0.02237257150433672,0.5713409397619924,0.6315053367684946,0.6010918905655748,0.03711867025151309,5,0.6014124011674946,0.022348011653289906,0.569605827118896,0.6310502283105023,0.6010720835096628,0.03715921322857115,5,0.6020051117280685,0.02203929535367657,0.5711563599934554,0.6321262263212623,0.6015169227460198,0.03660981430940396,5,0.6042239765780079,0.022712630425827055,0.5734606735895298,0.6337367436057393,0.6010596546310832,0.03758975364476414,5,0.6027309532572691,0.02237257150433672,0.5713409397619924,0.6315053367684946,0.6010918905655748,0.03711867025151309
minecraft,knn,50,32,5,0.611111111111111,0.031371802184210096,0.5873015873015873,0.6626984126984127,0.5952380952380952,0.05133567630143471,5,0.6224501424501424,0.03190463444105546,0.5977207977207977,0.6743589743589744,0.6056980056980057,0.05125653006595783,5,0.6059368599573501,0.031345897594556145,0.5828611447125485,0.6581714887573209,0.5908830457757688,0.05173129358191294,5,0.6027282167516811,0.031471866519969416,0.5797869921509063,0.6553616738973329,0.5878680115326196,0.052215684690493855,5,0.6341827803286535,0.035833055718602014,0.6053511705685619,0.6908259423503326,0.6139512661251791,0.05650272575996497,5,0.6224501424501424,0.03190463444105546,0.5977207977207977,0.6743589743589744,0.6056980056980057,0.05125653006595783
minecraft,knn,50,33,5,0.8547528517110266,0.01927572905800242,0.8288973384030418,0.8745247148288974,0.8631178707224335,0.022551231059851587,5,0.8401475237091676,0.02135241361166214,0.8110876946493385,0.8623697459313897,0.8503980798501347,0.02541507653012338,5,0.8468191987159093,0.02159490212272567,0.8173977442796969,0.8690021583928275,0.8568577648766328,0.02550119571624205,5,0.8506526819128594,0.02076341009219153,0.8224505962429849,0.8719679757381241,0.8601585479589641,0.02440879871853332,5,0.8801324577053317,0.014869751653199554,0.8629781420765027,0.895151754040205,0.882411193457705,0.016894902037777076,5,0.8401475237091676,0.02135241361166214,0.8110876946493385,0.8623697459313897,0.8503980798501347,0.02541507653012338
minecraft,knn,50,34,5,0.5937106918238994,0.05287322296378443,0.5471698113207547,0.6761006289308176,0.5849056603773585,0.08905553444111997,5,0.5962013295346629,0.05188690628364166,0.550332383665717,0.6767568850902184,0.5889126305792973,0.08702916902942763,5,0.5856583081405673,0.05758341644296506,0.5356911096690461,0.6759436062329953,0.567382611205013,0.09832254685464843,5,0.5846647958143792,0.05810437287576073,0.5343136654708411,0.6758090153491476,0.5657398253451056,0.09938065929696893,5,0.6032895065685098,0.049993968404502945,0.5566037735849056,0.6773956554545093,0.6080704116968064,0.08286895074450563,5,0.5962013295346629,0.05188690628364166,0.550332383665717,0.6767568850902184,0.5889126305792973,0.08702916902942763
minecraft,knn,50,35,5,0.6984455958549223,0.02985463272722886,0.6632124352331606,0.7357512953367875,0.7046632124352331,0.042744392554563575,5,0.6603344481605351,0.031530266750029276,0.626644370122631,0.6978260869565218,0.6614269788182832,0.04774893516135917,5,0.6624528354347378,0.03399710373038819,0.6271805997206454,0.7031037915120804,0.6628045977011494,0.05132003655487025,5,0.6835354609334836,0.0316087453800995,0.6494002316200298,0.7219781296607393,0.685580608659401,0.04624302203273024,5,0.6963846257103686,0.03810080418778096,0.6496706192358366,0.7450289975144988,0.7093979256261067,0.05471229946944199,5,0.6603344481605351,0.031530266750029276,0.626644370122631,0.6978260869565218,0.6614269788182832,0.04774893516135917
minecraft,knn,50,36,5,0.5402366863905326,0.012828096679691576,0.5266272189349113,0.5562130177514792,0.5384615384615384,0.02374532682221113,5,0.5608974358974359,0.013376704357135064,0.5462454212454213,0.5778388278388278,0.5558608058608059,0.023848752911006514,5,0.5152420490404713,0.014327634077674612,0.49620810874150456,0.5298764882608212,0.5223913043478261,0.02780757918410732,5,0.5068275849324363,0.014957392687497757,0.48623316687999135,0.5213171161763573,0.5149346777253754,0.02951179677698814,5,0.5849445402340757,0.021231905276618963,0.5615391826021747,0.6109883487344314,0.580545229244114,0.036297296266963444,5,0.5608974358974359,0.013376704357135064,0.5462454212454213,0.5778388278388278,0.5558608058608059,0.023848752911006514
minecraft,knn,50,37,5,0.536470588235294,0.010726225016947297,0.5176470588235295,0.5441176470588235,0.5411764705882353,0.019994059790362288,5,0.5441332218506132,0.012769155927694713,0.5221571906354515,0.5531633221850613,0.5470317725752508,0.023466966204096922,5,0.53482431880986,0.010001482176856358,0.5175802879291251,0.5423718510928368,0.5365418894830659,0.018700500005520638,5,0.5329859435367131,0.009570027025847937,0.5171128916682952,0.5409383186472969,0.5341092085980356,0.01795549609121865,5,0.5457583474616683,0.0139692016036438,0.5222564389697648,0.5573770491803278,0.5487804878048781,0.025595946756682336,5,0.5441332218506132,0.012769155927694713,0.5221571906354515,0.5531633221850613,0.5470317725752508,0.023466966204096922
minecraft,knn,50,38,5,0.6278787878787878,0.007843744912451378,0.6181818181818182,0.6363636363636364,0.6303030303030303,0.012492450874077968,5,0.6237842617152962,0.007845870450242218,0.6140583554376657,0.6322944297082228,0.6248894783377542,0.012577858935824165,5,0.6233267155847424,0.007916984345669951,0.6135831381733021,0.6319839411174306,0.6236116824352118,0.012701179249541764,5,0.6255685271501709,0.00785082324341163,0.6158824781775601,0.6341737887405334,0.6263490520175012,0.01254990125410673,5,0.6269172225519799,0.008136814612161808,0.6168478260869565,0.6355298913043479,0.6303846153846153,0.012979089295137615,5,0.6237842617152962,0.007845870450242218,0.6140583554376657,0.6322944297082228,0.6248894783377542,0.012577858935824165
minecraft,knn,50,39,5,0.7602209944751381,0.05147321413857288,0.712707182320442,0.8287292817679558,0.7348066298342542,0.06770822499332624,5,0.7249066467513069,0.05895187477412238,0.6682225541448843,0.8028379387602689,0.6923076923076923,0.08132340217642803,5,0.7226648826867904,0.06878834459265401,0.6531544811320755,0.8119953090970011,0.6856765768268964,0.09518705867774609,5,0.7366560643997104,0.06371369640347853,0.6730053815281977,0.8197425186668875,0.7009324110729253,0.08649042542722815,5,0.8308003845402292,0.04087807717715538,0.7689716312056738,0.8761595547309833,0.8410596026490067,0.049203247781087145,5,0.7249066467513069,0.05895187477412238,0.6682225541448843,0.8028379387602689,0.6923076923076923,0.08132340217642803
minecraft,knn,50,4,5,0.35018587360594794,0.026469863373855623,0.32342007434944237,0.38661710037174724,0.3420074349442379,0.07558803872151977,5,0.35631466486729646,0.028345154076672128,0.32259334233018444,0.39327485380116955,0.35084907782276203,0.07955090506092084,5,0.3497416231155349,0.026928528865999272,0.3218362145390071,0.38661710037174724,0.34167991704113376,0.07699549349064354,5,0.34970517069130236,0.026206780346730053,0.32610045249017905,0.38661710037174724,0.3397693959396929,0.07493964214176216,5,0.35593140592116085,0.02781585666659831,0.32540121748754847,0.39327485380116955,0.34875698483293416,0.07814948668159828,5,0.35631466486729646,0.028345154076672128,0.32259334233018444,0.39327485380116955,0.35084907782276203,0.07955090506092084
minecraft,knn,50,5,5,0.46638655462184875,0.01224989893875063,0.4495798319327731,0.4789915966386555,0.47058823529411764,0.02626554907587973,5,0.4713357349720986,0.012266220705617087,0.45458077276259096,0.4839302112029385,0.4753832026559299,0.026024380914685376,5,0.4186099103731863,0.013401998436519078,0.39907098664302376,0.4326797385620915,0.4234831308257272,0.032015482921967466,5,0.4158097209815056,0.013477196084265905,0.3961429376407195,0.4299555116164113,0.4205926077192112,0.03241193123732993,5,0.4560550197867646,0.018835211815918206,0.42949561403508774,0.47543461829176115,0.4634581105169341,0.04130030588134934,5,0.4713357349720986,0.012266220705617087,0.45458077276259096,0.4839302112029385,0.4753832026559299,0.026024380914685376
minecraft,knn,50,6,5,0.6591397849462366,0.019607077987968277,0.6451612903225806,0.6935483870967742,0.6505376344086021,0.02974646415792903,5,0.6484330484330485,0.01572082702140682,0.6303418803418803,0.6737891737891738,0.6456552706552707,0.024244333411747775,5,0.6485073140380468,0.016625285154657936,0.6313513513513513,0.6762451522276849,0.6441082099437756,0.025636233847753577,5,0.6581475654960182,0.017527851533948632,0.6428596338273759,0.6883171765549565,0.6518235193015675,0.026632099627594347,5,0.6507375650467206,0.020380032622323303,0.6337719298245614,0.686141131595677,0.643525558544859,0.03131835891610175,5,0.6484330484330485,0.01572082702140682,0.6303418803418803,0.6737891737891738,0.6456552706552707,0.024244333411747775
minecraft,knn,50,7,5,0.37051282051282053,0.007022084070579044,0.36217948717948717,0.3814102564102564,0.3685897435897436,0.01895233762993652,5,0.37051282051282053,0.007022084070579048,0.36217948717948717,0.3814102564102564,0.3685897435897436,0.01895233762993653,5,0.31651976462989984,0.007965853755587511,0.30701843395907324,0.32661619493866234,0.3136034492288983,0.02516700265116721,5,0.31651976462989984,0.007965853755587487,0.30701843395907324,0.3266161949386623,0.3136034492288983,0.025167002651167135,5,0.3105410813573772,0.011284976521453495,0.2961369286670491,0.32418519646664634,0.3077606465294893,0.03633972185620912,5,0.37051282051282053,0.007022084070579048,0.36217948717948717,0.3814102564102564,0.3685897435897436,0.01895233762993653
minecraft,knn,50,8,5,0.6683937823834197,0.032564261891130895,0.6373056994818653,0.7046632124352331,0.6632124352331606,0.04872017476735087,5,0.6705908584169453,0.031580041143799455,0.6317168338907468,0.7068004459308808,0.6740802675585285,0.04709285959899606,5,0.6634016194076008,0.032114245205263806,0.6289277081960009,0.7000245412156083,0.6614309232720698,0.04840845163136764,5,0.6708985126988004,0.03219630094553612,0.6396168694917589,0.7071758260125302,0.6661392048835243,0.04798982310457235,5,0.6655036901518755,0.030732073978523435,0.6283960008693762,0.6998491704374057,0.6680477830391734,0.04617866802738543,5,0.6705908584169453,0.031580041143799455,0.6317168338907468,0.7068004459308808,0.6740802675585285,0.04709285959899606
minecraft,knn,50,9,5,0.5911764705882353,0.01610948698544608,0.5698529411764706,0.6139705882352942,0.5919117647058824,0.027249878482844117,5,0.6048304383788254,0.014924345554670808,0.5880066170388751,0.6277639922801213,0.6031706644609871,0.024675255423112805,5,0.5909635130546703,0.016420568252610575,0.5688681162365372,0.6139236228455559,0.591906248732817,0.027786094893969368,5,0.5901849440963816,0.01720184533312006,0.5659893971813477,0.6133287279088722,0.5921158557093005,0.02914653365049392,5,0.6057686597420018,0.014381078323001444,0.5913461538461539,0.6286364645791694,0.6029605987233105,0.023740215165846276,5,0.6048304383788254,0.014924345554670808,0.5880066170388751,0.6277639922801213,0.6031706644609871,0.024675255423112805
minecraft,mlp,10,0,5,0.657588406515142,0.046092888631753634,0.6169154228855721,0.7180762852404643,0.6381742738589211,0.07009382795542377,5,0.6565396366036629,0.045079296965536815,0.6186547751765143,0.7169825343738387,0.6354862903403702,0.06866195801785246,5,0.6554600823721093,0.04550300787708878,0.6163076083992365,0.7171232725506644,0.633979478662156,0.06942147828806515,5,0.6559907538735852,0.04579065955525134,0.6158517475344847,0.7176133933625616,0.6351826369744065,0.06980381855210657,5,0.6598276781580243,0.04667729887168875,0.6196858052995899,0.718413432897854,0.6400700122008233,0.07074165030783969,5,0.6565396366036629,0.045079296965536815,0.6186547751765143,0.7169825343738387,0.6354862903403702,0.06866195801785246
minecraft,mlp,10,1,5,0.7566693629472082,0.06863411929272364,0.6741415557112824,0.8359046283309958,0.7477224947442186,0.09070556131068326,5,0.7564420076073379,0.0674905440753649,0.67517536103743,0.8342053224457671,0.7480410649376167,0.08922104192605683,5,0.755738871453796,0.06798098155111754,0.6732146366039202,0.8337051101874833,0.7477075033591853,0.08995300376748415,5,0.755779979984134,0.0682278433318762,0.6729341216109027,0.8340269908914119,0.7476761577359338,0.09027474283363328,5,0.7618890558151544,0.07305031524677617,0.67780390326788,0.8500180313849135,0.7482234710249795,0.09588051526559696,5,0.7564420076073379,0.0674905440753649,0.67517536103743,0.8342053224457671,0.7480410649376167,0.08922104192605683
minecraft,mlp,10,10,5,0.6976709241172051,0.023282274696228532,0.6776859504132231,0.7340345604808415,0.6949661908339594,0.03337142754757719,5,0.6975142475230534,0.023351754087747048,0.6773060214412803,0.7339235556037247,0.6950239791909394,0.03347853347895271,5,0.6965962451207157,0.024131192743900284,0.67418347439711,0.7337566790528628,0.6949164216450099,0.03464157740287346,5,0.6966482071732458,0.024103914407611744,0.6743103757020416,0.7337889908468138,0.69490178364826,0.03459983699005984,5,0.6999422687289806,0.021819285267236213,0.6795567616463138,0.7347898016997167,0.6951888092924454,0.03117297846129178,5,0.6975142475230534,0.023351754087747048,0.6773060214412803,0.7339235556037247,0.6950239791909394,0.03347853347895271
minecraft,mlp,10,11,5,0.6082335594638085,0.00904298593359406,0.596612296110414,0.6214689265536724,0.6079046424090339,0.014867620822445166,5,0.6123028366930805,0.00901369888504755,0.6004047754047754,0.6254119973632168,0.612077112077112,0.014720981751005191,5,0.5954816676915147,0.010346933324404943,0.5853235893022806,0.6107790545443936,0.59438634776714,0.01737573780317466,5,0.593948400840499,0.010448378815516092,0.5838642127567425,0.6093618366643757,0.5928068906612144,0.01759139144196793,5,0.6308170025254212,0.010495509221290064,0.6144898879148863,0.6432435109966317,0.631693640174333,0.016637961848320833,5,0.6123028366930805,0.00901369888504755,0.6004047754047754,0.6254119973632168,0.612077112077112,0.014720981751005191
minecraft,mlp,10,12,5,0.7018181818181819,0.02176032566794609,0.6673400673400673,0.725925925925926,0.7084175084175084,0.031005645381788467,5,0.7020819729223804,0.021706631188615707,0.6676951373470899,0.7261628792825736,0.7085428366200862,0.03091751679403327,5,0.6961290266912087,0.0246664647944041,0.6569033703997486,0.7221991128131893,0.7037260430471777,0.03543375415854586,5,0.6960485598294326,0.02469216001969069,0.6567824820182006,0.7221341102588973,0.7036405958766522,0.03547476633777036,5,0.7179328583282367,0.018212585953971017,0.691233353880268,0.7392239890714576,0.7184616154539085,0.025368090821724556,5,0.7020819729223804,0.021706631188615707,0.6676951373470899,0.7261628792825736,0.7085428366200862,0.03091751679403327
minecraft,mlp,10,13,5,0.49330682571239226,0.02545370060178886,0.4665341285619616,0.5215374420145792,0.48111332007952284,0.051598111510074415,5,0.4965771550269905,0.02437208588725258,0.4714042467948718,0.5235666540148448,0.48480199898785425,0.049080159327764245,5,0.4750108233878095,0.03842992816954946,0.4266492721637135,0.5163014910106054,0.46005601667430585,0.08090326846757849,5,0.47334258892756703,0.039146870318090894,0.4239435155738826,0.5154010408379475,0.4581481401912828,0.08270303842040573,5,0.493448671171802,0.029271413750050167,0.4593099430411714,0.5248269159570529,0.48168508252194864,0.059320078176598956,5,0.4965771550269905,0.02437208588725258,0.4714042467948718,0.5235666540148448,0.48480199898785425,0.049080159327764245
minecraft,mlp,10,14,5,0.6879778393351801,0.022005690804649678,0.6542936288088642,0.7069252077562327,0.6975069252077563,0.03198604598356633,5,0.6877812237561327,0.021836163806220863,0.654260530697037,0.7067826430735835,0.6971715556996154,0.03174870591402381,5,0.6871055334783577,0.02135838964964484,0.6542629605345552,0.7067001482095823,0.6964401880627468,0.03108458396706768,5,0.6871722815805461,0.021406050155345094,0.6542828047120492,0.7067496613098453,0.6965498526290561,0.031150922016396857,5,0.6900026993591801,0.023728754332057615,0.6542798517634404,0.7108962880202434,0.6996900040288285,0.034389364496827335,5,0.6877812237561327,0.021836163806220863,0.654260530697037,0.7067826430735835,0.6971715556996154,0.03174870591402381
minecraft,mlp,10,15,5,0.7336069705305233,0.019832514150525688,0.7123928293063133,0.7626459143968871,0.7291828793774319,0.02703424987385737,5,0.7326801378686433,0.019191106000241036,0.71248254860851,0.7610361146669771,0.7279265584390395,0.026193020676209003,5,0.7327400997738068,0.019297455319571687,0.7122921544831308,0.7611997136285397,0.7280482821029279,0.02633601644775373,5,0.7331439218311903,0.019436721323866417,0.7124557510708024,0.7617348079128281,0.7285540664301164,0.026511467591955037,5,0.7345059130631153,0.020918716843802043,0.71229665955451,0.7650850395406781,0.7300560876651185,0.02847998426120842,5,0.7326801378686433,0.019191106000241036,0.71248254860851,0.7610361146669771,0.7279265584390395,0.026193020676209003
minecraft,mlp,10,16,5,0.6883312421580928,0.012928639131036222,0.6762860727728983,0.7082810539523212,0.685069008782936,0.018782583644615148,5,0.6866042966042966,0.012477380444581614,0.6758442008442008,0.7065551565551565,0.6834530334530334,0.018172593015060277,5,0.6848924709193095,0.01213193910887762,0.6758860385388343,0.7055684236325422,0.6824776794571644,0.01771364064287829,5,0.6855325886600924,0.012194420876218451,0.676128916466659,0.7061712303702709,0.6830895211035272,0.017788243882107858,5,0.6938797829390235,0.0169072299167845,0.676186072641426,0.712653211461409,0.6881469276991665,0.024366223562778545,5,0.6866042966042966,0.012477380444581614,0.6758442008442008,0.7065551565551565,0.6834530334530334,0.018172593015060277
minecraft,mlp,10,17,5,0.5085294117647059,0.01609773619881515,0.49411764705882355,0.5279411764705882,0.5022058823529412,0.031655467366091095,5,0.5133134679763087,0.016002677256424153,0.4989883382996726,0.532538719052349,0.5068792995622264,0.031175253046668034,5,0.492310380240088,0.01743308035441161,0.47671713375568203,0.5137923660857479,0.4866153200206754,0.035410751132060055,5,0.4900428964859146,0.017566931308751987,0.47431115244196465,0.5117188335293488,0.48437869926414784,0.03584774197263957,5,0.5154709313302002,0.01859102564146351,0.4988079301332313,0.5375537900943808,0.5079897658614069,0.03606609900094343,5,0.5133134679763087,0.016002677256424153,0.4989883382996726,0.532538719052349,0.5068792995622264,0.031175253046668034
minecraft,mlp,10,18,5,0.4134212021591785,0.014915971749671977,0.3883720930232558,0.42441860465116277,0.42093023255813955,0.03607935846485425,5,0.41436460883311843,0.01498563037611181,0.3892151931595087,0.4253538418271597,0.42185192997257964,0.03616532410504956,5,0.3112337387677431,0.008623704912848413,0.29635281289325055,0.3188645447975927,0.3136538461538461,0.027708130060037667,5,0.3105862245040831,0.008576671812850276,0.2957610490338936,0.3180923505876089,0.31302280858676207,0.02761446302566946,5,0.28802756576114547,0.013529563768928022,0.2660468728585134,0.3026730986721772,0.28942421195295764,0.04697315596573063,5,0.41436460883311843,0.01498563037611181,0.3892151931595087,0.4253538418271597,0.42185192997257964,0.03616532410504956
minecraft,mlp,10,19,5,0.4631744208309401,0.010691426648267471,0.44572085008615736,0.4744399770246984,0.46609195402298853,0.02308293845132236,5,0.4685796410168743,0.01106438201401611,0.4503335471625392,0.4797350629740211,0.47201119023801064,0.02361259654816643,5,0.3810166942221812,0.009366276934461293,0.3708487738350684,0.39525226246791695,0.37746176697106393,0.024582326907176308,5,0.37773049400095887,0.00960702746705469,0.36719098552652196,0.39210989284264786,0.3741602048894369,0.02543355016243487,5,0.4305634648634701,0.015172687528402852,0.41517774621852527,0.4554939066105449,0.42559358712548384,0.035239143045297745,5,0.4685796410168743,0.01106438201401611,0.4503335471625392,0.4797350629740211,0.47201119023801064,0.02361259654816643
minecraft,mlp,10,2,5,0.5556213017751479,0.020272210074705203,0.5392011834319527,0.5909763313609467,0.5488165680473372,0.03648566030484749,5,0.5558894675431856,0.019923793252939644,0.5399271464754261,0.5906969464128177,0.5501864025726401,0.03584128575235475,5,0.5550129362949077,0.02041536715922448,0.5388558116871562,0.5907020335811601,0.5480648082041518,0.03678358795654579,5,0.554978875590517,0.02058150166574662,0.5386131180286508,0.5909057976461446,0.5481098063030163,0.03708519832191303,5,0.556173932884427,0.019832326609115193,0.5401319321592339,0.5907595313828062,0.550633550960871,0.0356584971651959,5,0.5558894675431856,0.019923793252939644,0.5399271464754261,0.5906969464128177,0.5501864025726401,0.03584128575235475
minecraft,mlp,10,20,5,0.6354354596322942,0.028346764946050804,0.5931254996003198,0.6690647482014388,0.6402877697841727,0.04460998283358967,5,0.6352233317638404,0.028357782071399242,0.5929295485216537,0.6687906391853761,0.64006333578702,0.044642223692661735,5,0.631598708755851,0.02881049298895495,0.590293948275141,0.6645582573822391,0.637003172474272,0.04561518665183315,5,0.6316789453911978,0.02879578023885574,0.5903756276402904,0.664651495123326,0.6370859774484711,0.0455861010548999,5,0.6410585317846305,0.029756329385335442,0.5954932973336415,0.6781669355578458,0.6451857759031804,0.04641749217890818,5,0.6352233317638404,0.028357782071399242,0.5929295485216537,0.6687906391853761,0.64006333578702,0.044642223692661735
minecraft,mlp,10,21,5,0.449458784346378,0.01075040417757164,0.43547044129891754,0.4646128226477935,0.4479600333055787,0.023918553940836494,5,0.45857170607170605,0.010970558432275944,0.44524503274503274,0.4751165501165501,0.4568611943611944,0.023923321668172213,5,0.37545283843914135,0.02136911162199062,0.3474918263991281,0.4058938859228426,0.3789628806042461,0.05691556817316331,5,0.3699363891834121,0.022129374901766734,0.34130738861705673,0.40153982922715975,0.37371739392918246,0.05981940557568434,5,0.41376804242989496,0.026254386960375648,0.37036489540628614,0.4404688490330096,0.41729357310065973,0.06345194473259483,5,0.45857170607170605,0.010970558432275944,0.44524503274503274,0.4751165501165501,0.4568611943611944,0.023923321668172213
minecraft,mlp,10,22,5,0.42490566037735855,0.027556932304185877,0.39308176100628933,0.46729559748427674,0.4220125786163522,0.06485423677272874,5,0.42799145299145297,0.027117713678917618,0.3961538461538462,0.46920702754036087,0.4254273504273504,0.06336040939457536,5,0.40979322235281435,0.03188676101763738,0.3780732044338859,0.4627030378325715,0.4041896451543848,0.07781183113415245,5,0.40804829536699866,0.03227031494038755,0.37625030282590166,0.461765780760795,0.40224532514035205,0.07908454785079698,5,0.4180423600660571,0.031403284185092535,0.38354239848344196,0.4678844334833876,0.4140119541908108,0.07511986148994645,5,0.42799145299145297,0.027117713678917618,0.3961538461538462,0.46920702754036087,0.4254273504273504,0.06336040939457536
minecraft,mlp,10,23,5,0.47480417219176774,0.016672750445043207,0.45098039215686275,0.49547511312217196,0.47583081570996977,0.03511500408279749,5,0.4747838527939979,0.016671248299011135,0.45098039215686275,0.49547511312217196,0.47572921872112045,0.03511334305264286,5,0.4723903494999108,0.01685578823684052,0.44784004356291574,0.4944051340653328,0.47339753655847183,0.03568190640364405,5,0.47240116407391747,0.016856613319635838,0.44784004356291574,0.4944051340653328,0.47345160942850506,0.035682836118071576,5,0.47431432473519697,0.01697194087139315,0.44983925748831965,0.49543648244342064,0.475282520339373,0.03578205419131785,5,0.4747838527939979,0.016671248299011135,0.45098039215686275,0.49547511312217196,0.47572921872112045,0.03511334305264286
minecraft,mlp,10,24,5,0.46835443037974683,0.027007103617071954,0.4409282700421941,0.5,0.45358649789029537,0.057663815831045524,5,0.47015491452991454,0.027431144612471904,0.44153311965811964,0.5020032051282051,0.4563034188034188,0.05834490667804461,5,0.4564443011461282,0.02577501392977305,0.4286631762652705,0.48819091356404787,0.44649528688732065,0.05646913295894413,5,0.4555096227842503,0.02575102248843258,0.42715267192435996,0.4872068230277185,0.44576360704704193,0.05653233477491082,5,0.46754174946714266,0.029384187434995,0.4409867002156722,0.5022257834757835,0.45155651038375666,0.06284826428545506,5,0.47015491452991454,0.027431144612471904,0.44153311965811964,0.5020032051282051,0.4563034188034188,0.05834490667804461
minecraft,mlp,10,25,5,0.7194549079529019,0.029630447385467894,0.6920127795527157,0.7629392971246006,0.7124600638977636,0.04118457884980835,5,0.7196269133595691,0.029496424078607232,0.6923444390004899,0.7629103380695738,0.7126571941858566,0.04098849491454336,5,0.7182254935865605,0.03074861299410147,0.6888005663497176,0.7629079329870827,0.711441069649132,0.042811920864231544,5,0.718175959565588,0.030789847553870212,0.6886995533559127,0.7629166452475044,0.7113862850121089,0.04287228936553995,5,0.7230802502654586,0.026578607131468195,0.7000371073639731,0.7630108517708875,0.7158703948699074,0.036757479023539374,5,0.7196269133595691,0.029496424078607232,0.6923444390004899,0.7629103380695738,0.7126571941858566,0.04098849491454336
minecraft,mlp,10,26,5,0.508567526402578,0.01897147587286065,0.4829500396510706,0.5337034099920698,0.5067406819984139,0.037303750019310085,5,0.5108840965080933,0.019023385535004548,0.48516810570381996,0.5360249869178441,0.5098770277341705,0.03723620614740194,5,0.483060065316354,0.02371795067232692,0.45832435538317895,0.5100621649909607,0.4869610438668039,0.04909938199257713,5,0.481886843483543,0.023904433746806203,0.4566548268792052,0.5089526480775513,0.48608023268938805,0.049605906594174465,5,0.5139781325775451,0.02356900636600489,0.48179378539797046,0.5451494207934215,0.5156752828817606,0.04585604887081257,5,0.5108840965080933,0.019023385535004548,0.48516810570381996,0.5360249869178441,0.5098770277341705,0.03723620614740194
minecraft,mlp,10,27,5,0.35670627746790495,0.005527491944751921,0.34977578475336324,0.3649962602842184,0.35575485799701045,0.015495920015731326,5,0.35950947937725974,0.005621520544202663,0.3525255572314396,0.3679982096900526,0.35858555387967156,0.015636640663662688,5,0.2911399007277606,0.006374109059901512,0.28383519707052013,0.2997905749473353,0.2920517730065976,0.021893629296321774,5,0.28917438101796844,0.006347614563127711,0.2818862141833425,0.29771294281650323,0.29015836847020793,0.021950819228115814,5,0.2729431720201245,0.009796783633118982,0.26243894362116066,0.2855730291331312,0.2754147621466057,0.035893125886280276,5,0.35950947937725974,0.005621520544202663,0.3525255572314396,0.3679982096900526,0.35858555387967156,0.015636640663662688
minecraft,mlp,10,28,5,0.47656135194709776,0.0044874155722564295,0.4724467303453343,0.48273328434974283,0.47465099191770754,0.009416238966760715,5,0.48510914614909223,0.004386364383896575,0.480265745266588,0.4905969220396997,0.48343575913945036,0.00904201542831452,5,0.41635690034261524,0.01283097622841396,0.40046078843973965,0.4340956340956341,0.4130333081552594,0.030817253701945373,5,0.4115489435811259,0.01329672425770091,0.39509111681166614,0.4298291735470281,0.4079426030860593,0.03230897433971864,5,0.47277596594097576,0.008622040112409685,0.46334895353666683,0.48497451727852825,0.4688887536020131,0.01823705250170461,5,0.48510914614909223,0.004386364383896575,0.480265745266588,0.4905969220396997,0.48343575913945036,0.00904201542831452
minecraft,mlp,10,29,5,0.43492999263080323,0.0113495200048215,0.4148857774502579,0.44288872512896094,0.4384672070744289,0.026095050231350007,5,0.43877841094318465,0.01074228408972972,0.41970064461164647,0.4455622639213078,0.4427217129370037,0.024482253050323134,5,0.4196610876390162,0.017470034324329267,0.3902055554297874,0.43645436447772606,0.4250895140664962,0.04162891161202115,5,0.4175507148264053,0.01795172474532502,0.3874030393761809,0.4350787425453931,0.4230860914421197,0.04299292063908539,5,0.4299447213855189,0.015961592569777614,0.4020298040463501,0.44236565869462174,0.4352498198882333,0.03712475529026281,5,0.43877841094318465,0.01074228408972972,0.41970064461164647,0.4455622639213078,0.4427217129370037,0.024482253050323134
minecraft,mlp,10,3,5,0.6910154173312069,0.009211207132616075,0.6772993088782563,0.6990962254120149,0.6964380648591175,0.01332995892941286,5,0.6916259666259666,0.00912762642316998,0.6780372405372406,0.6996489621489621,0.6969373219373219,0.013197344899727032,5,0.6860307766585277,0.010849614205631618,0.6697714103088788,0.6952616755017689,0.6917488176373296,0.015815054622588778,5,0.6858433092409255,0.010883582467548046,0.6695328501429477,0.6950981165008578,0.6915669071847602,0.01586890521625665,5,0.704949064734494,0.006043392431094664,0.6965255557164036,0.710706956210476,0.7057315964143567,0.008572807218874453,5,0.6916259666259666,0.00912762642316998,0.6780372405372406,0.6996489621489621,0.6969373219373219,0.013197344899727032
minecraft,mlp,10,30,5,0.5342271293375395,0.04543298664859359,0.46529968454258674,0.5899053627760252,0.5410094637223974,0.08504432694186104,5,0.5360347985347985,0.04470302892880989,0.4680781175346393,0.5904503105590062,0.5430602006688964,0.08339575910183719,5,0.527495888921434,0.05081228595504,0.44962318217087016,0.5896440129449838,0.5341378239362468,0.09632735917418317,5,0.526674355703873,0.05125645823332218,0.44815808849127053,0.5894806693005828,0.5332454031847985,0.09732096821919604,5,0.5367338972109084,0.046948462873371774,0.4635340269486611,0.5908264033264032,0.5461366181410974,0.08747065001360159,5,0.5360347985347985,0.04470302892880989,0.4680781175346393,0.5904503105590062,0.5430602006688964,0.08339575910183719
minecraft,mlp,10,31,5,0.6244163424124514,0.01232571269285176,0.6118677042801557,0.6400778210116731,0.6279182879377432,0.019739574152129007,5,0.6248833036150325,0.011695506976593382,0.6126834679174853,0.6395605477253197,0.6279883928267215,0.018716305762905373,5,0.6233095955618482,0.013128667195680961,0.6086649143478655,0.6392914042940596,0.6279139748010865,0.02106283504884414,5,0.6231705748396685,0.013376663658385336,0.6081827739279508,0.6395207758366969,0.6279312273477134,0.021465493074391277,5,0.626444181180564,0.010667188872057086,0.6142189442662205,0.6404281660095614,0.6279705886527843,0.017028155408761653,5,0.6248833036150325,0.011695506976593382,0.6126834679174853,0.6395605477253197,0.6279883928267215,0.018716305762905373
minecraft,mlp,10,32,5,0.5251902559441357,0.013687818045616583,0.5089686098654709,0.5440956651718983,0.5228122662677637,0.02606258949151667,5,0.5279768393839835,0.01352317433611384,0.5117781129545835,0.5464320429026311,0.5261855208683003,0.02561319612407997,5,0.47745775204234747,0.02244314503291703,0.4572577831972463,0.5122274813539873,0.4728621089223638,0.04700550977948404,5,0.47601942010228226,0.02265220945683102,0.4557552894441744,0.5111092994656397,0.471491148304226,0.04758673386048776,5,0.5442844932224131,0.018737788162270896,0.5193786764705883,0.5636515682004062,0.5504223045764026,0.0344264596834913,5,0.5279768393839835,0.01352317433611384,0.5117781129545835,0.5464320429026311,0.5261855208683003,0.02561319612407997
minecraft,mlp,10,33,5,0.8393282015395382,0.010757209631218949,0.8257522743177047,0.8516445066480056,0.8432470258922323,0.01281645202852416,5,0.8381082542705652,0.010551476359917688,0.8247804465135964,0.8502274891545869,0.8420233798500649,0.012589634222253312,5,0.8381714414430916,0.010507215431856976,0.8248947732845942,0.8502682783135436,0.8421150241688862,0.012535878595155371,5,0.8384086241821725,0.010525923539210372,0.8251091485428718,0.8505194148709272,0.8423489088224703,0.012554646070676941,5,0.8461851015739195,0.013342934988109269,0.8296245033349641,0.861083614472435,0.8499893731779011,0.01576834071326849,5,0.8381082542705652,0.010551476359917688,0.8247804465135964,0.8502274891545869,0.8420233798500649,0.012589634222253312
minecraft,mlp,10,34,5,0.5084959093769666,0.010511826990868483,0.49402139710509757,0.5235997482693517,0.5091252359974827,0.020672392436250023,5,0.5134540902031631,0.010692679181363131,0.49925279705873027,0.5291741941618332,0.513672308326202,0.02082499562352743,5,0.47158576550564746,0.012590458979998989,0.45179622732187913,0.4824947077023286,0.47792446336209615,0.02669813192198273,5,0.4690529887077549,0.012820415785188232,0.44901951547672414,0.4804559804936417,0.4751062011018612,0.02733255323776657,5,0.5197652505079284,0.017278307624034945,0.4988873156342183,0.5464311836364095,0.518170426065163,0.03324252170984906,5,0.5134540902031631,0.010692679181363131,0.49925279705873027,0.5291741941618332,0.513672308326202,0.02082499562352743
minecraft,mlp,10,35,5,0.65125,0.010873079234550645,0.6339285714285714,0.6616071428571428,0.6544642857142857,0.01669570707800483,5,0.6465335477530599,0.010887265780533069,0.6291878852854462,0.655789332618601,0.6505628517823641,0.016839444477970696,5,0.635570575482283,0.01213103029228583,0.6178110694964627,0.6477926692990257,0.6392191126836818,0.019086834350505566,5,0.6374400423003314,0.011947726680157795,0.6197732001664586,0.6492942675169695,0.6414659400846026,0.01874329487843595,5,0.6732134041658762,0.017704822908074264,0.6516722608487173,0.7006163328197226,0.6711865547647473,0.02629897562721715,5,0.6465335477530599,0.010887265780533069,0.6291878852854462,0.655789332618601,0.6505628517823641,0.016839444477970696
minecraft,mlp,10,36,5,0.5899683164635584,0.014422690787168664,0.5643729189789123,0.5990016638935108,0.5956738768718802,0.024446551424358625,5,0.5911808752092278,0.0142121660334395,0.5659824877798801,0.600212629294115,0.5968183126979556,0.024040300742830357,5,0.5656187019962675,0.02259758982718865,0.5252985403946085,0.5780174497571307,0.5745788847605481,0.03995198487502941,5,0.5650946030795605,0.022729084765109268,0.5245427497063242,0.5776073847929273,0.5740700768619448,0.0402217339207347,5,0.6174237876219381,0.012038814027350655,0.5993163575411122,0.6308983075365253,0.621963446379131,0.019498461621828993,5,0.5911808752092278,0.0142121660334395,0.5659824877798801,0.600212629294115,0.5968183126979556,0.024040300742830357
minecraft,mlp,10,37,5,0.5647475253689547,0.022587461905918864,0.5363836824696803,0.5878787878787879,0.5674931129476584,0.039995681063254365,5,0.5663169763213721,0.022705484761381324,0.5381409508247743,0.5893155106710094,0.5684616841905845,0.04009324408544036,5,0.5569345568929817,0.02175534360561866,0.5273341295918478,0.5821236767649904,0.5649043783639348,0.03906265706869951,5,0.5562737542362662,0.021797463695054697,0.5265409416902052,0.581556271443912,0.5645160681763762,0.03918477823024643,5,0.5724749969110018,0.02706954620270733,0.5416071511462126,0.6042034799265239,0.5703884101255328,0.04728511524306034,5,0.5663169763213721,0.022705484761381324,0.5381409508247743,0.5893155106710094,0.5684616841905845,0.04009324408544036
minecraft,mlp,10,38,5,0.5991426468447083,0.021283111766733157,0.5819339895773017,0.6352055587724378,0.59675550405562,0.03552261198366927,5,0.6004574053678229,0.020870267739469716,0.5835029948953999,0.6358177687291611,0.5980572903308972,0.034757282619714204,5,0.5804556355221827,0.031466270496431095,0.5545877399120657,0.6320869943947887,0.5770469375460958,0.054209604611942096,5,0.5799041369669633,0.031670321006931915,0.5538485046230089,0.6318712446579702,0.5764619704317367,0.0546130282370035,5,0.6213821696610456,0.011913111797248166,0.6101104995826201,0.6409267268972352,0.6198620464106794,0.01917195629180442,5,0.6004574053678229,0.020870267739469716,0.5835029948953999,0.6358177687291611,0.5980572903308972,0.034757282619714204
minecraft,mlp,10,39,5,0.6926542605288932,0.01870432928672644,0.6758080313418218,0.722820763956905,0.6904995102840352,0.02700384643912287,5,0.6906668508584103,0.018806373180836656,0.673905785923146,0.7210416043100868,0.6884300723720059,0.027229297536812063,5,0.663089614621988,0.023669484568671222,0.6415242988653393,0.7019795965307295,0.6583953785818955,0.03569575521427017,5,0.6637723590070074,0.023584629481333455,0.6423162569135292,0.7025199230936303,0.6591133623579817,0.03553120156527108,5,0.7894844598405932,0.021037267004729306,0.7522374352980464,0.8038325210456359,0.79751390146127,0.026646841166420163,5,0.6906668508584103,0.018806373180836656,0.673905785923146,0.7210416043100868,0.6884300723720059,0.027229297536812063
minecraft,mlp,10,4,5,0.3264352469959947,0.02373349644143015,0.29906542056074764,0.35180240320427236,0.32843791722296395,0.07270506680830749,5,0.32851906720362534,0.02389339295357712,0.30092505932038716,0.3540032124819721,0.33055762055275373,0.07273061243281603,5,0.30072769592498305,0.02060198666784798,0.27797883650345107,0.3241513896277986,0.3019131530429788,0.06850711439955692,5,0.29929929193983773,0.02053567212579883,0.27666092499987,0.3226912700990079,0.30045974130708913,0.06861249818768939,5,0.29736249790153213,0.02275861611250572,0.2727104344551755,0.3236085982596709,0.29820318852826216,0.07653492378195569,5,0.32851906720362534,0.02389339295357712,0.30092505932038716,0.3540032124819721,0.33055762055275373,0.07273061243281603
minecraft,mlp,10,5,5,0.48752107925801014,0.007941035195933284,0.4763912310286678,0.4966273187183811,0.4873524451939292,0.016288598655096635,5,0.4926134505169447,0.008095183248588734,0.4809491303667676,0.5018487705675725,0.49260633986091557,0.016433134824259694,5,0.4052328341293562,0.013320102605340462,0.3848985610413383,0.4185947302179252,0.41153179659157496,0.03287024516154703,5,0.40225452865951195,0.013549214510635772,0.38156810044063333,0.41578400429909845,0.4085128867156794,0.03368318700049862,5,0.48306211291577367,0.01717232128852965,0.46490400737759896,0.5046109755405482,0.4811909844072212,0.03554888870269112,5,0.4926134505169447,0.008095183248588734,0.4809491303667676,0.5018487705675725,0.49260633986091557,0.016433134824259694
minecraft,mlp,10,6,5,0.6595094248651553,0.016844417471185986,0.6327900287631831,0.6794625719769674,0.6621880998080614,0.025540829040661597,5,0.6634048720543504,0.016277587655978875,0.6372814183520268,0.6819619786443278,0.6650603209250192,0.024536430680064874,5,0.6538508802680462,0.019059476670172642,0.6250346130704586,0.6780094442964146,0.6535710442971356,0.029149577136547113,5,0.6526729800077509,0.019399243037864396,0.6235352327031985,0.6773866752904636,0.6522965947359163,0.029722761064253065,5,0.6773161456461184,0.017006389657928445,0.652332361516035,0.6973555211558307,0.6790085482457198,0.025108495888143022,5,0.6634048720543504,0.016277587655978875,0.6372814183520268,0.6819619786443278,0.6650603209250192,0.024536430680064874
minecraft,mlp,10,7,5,0.34378727517645863,0.015167314659348933,0.32476943346508563,0.3616600790513834,0.34541858932102837,0.04411831313873928,5,0.3517161927688243,0.01571014698932723,0.3316581474476211,0.37032029137292294,0.35366795366795367,0.0446671131791,5,0.2663551636603202,0.00932438037608898,0.25255296344993355,0.27863605946873815,0.26615928156760205,0.03500731973035919,5,0.2606851077378463,0.009394319982004884,0.24674938618477735,0.2730913539001247,0.2612409471426384,0.03603704125458569,5,0.22771083971352243,0.018183760438541596,0.20482152507913634,0.24910042059490917,0.2254698512137823,0.07985461061677235,5,0.3517161927688243,0.01571014698932723,0.3316581474476211,0.37032029137292294,0.35366795366795367,0.0446671131791
minecraft,mlp,10,8,5,0.6587287376902418,0.011917322322144137,0.6410026857654432,0.6714413607878246,0.657117278424351,0.018091395805701276,5,0.6590227927355773,0.011934301791947278,0.6413640358473984,0.6716575893458556,0.65689170724197,0.01810908806721004,5,0.6586394184861766,0.01192353904304289,0.6410015348425284,0.6714318804988246,0.6567992985344151,0.018103287942358617,5,0.6586518034637627,0.01192198255769169,0.6409871483060935,0.6714713817029911,0.657033107277015,0.018100584398305086,5,0.6591660157160757,0.01193382513525971,0.6413885253054101,0.671594844170835,0.6572518421357201,0.018104430220504567,5,0.6590227927355773,0.011934301791947278,0.6413640358473984,0.6716575893458556,0.65689170724197,0.01810908806721004
minecraft,mlp,10,9,5,0.581793107904109,0.011618783210996034,0.5713342140026421,0.5981493721083939,0.5756774619960344,0.019970644294588377,5,0.5850252263199087,0.011627511923119498,0.5740057926685557,0.6019387434005804,0.5788792349917835,0.019875231699429723,5,0.5730814832553002,0.013112319073446982,0.5580966292836498,0.5875091923304576,0.5678988949981316,0.022880374705119583,5,0.5718127935650568,0.013293550561291294,0.5563260823685261,0.586064229644565,0.5666343988851721,0.02324808173390204,5,0.5939480538188362,0.013762220471774072,0.5788903611946521,0.6154783028881954,0.5931260909317596,0.023170747649207336,5,0.5850252263199087,0.011627511923119498,0.5740057926685557,0.6019387434005804,0.5788792349917835,0.019875231699429723
minecraft,mlp,100,0,5,0.7,0.048328460956338186,0.6470588235294118,0.7745098039215687,0.6862745098039216,0.06904065850905455,5,0.680952380952381,0.06044973459339726,0.6068376068376069,0.7735042735042735,0.6794871794871795,0.08877233751477918,5,0.679128426569406,0.05738138928338157,0.6085287846481876,0.7664044608184806,0.6693191865605659,0.08449269245471243,5,0.6977655716094203,0.05139585621154769,0.6374263138091057,0.776642788948697,0.6826219885043414,0.07365777032105694,5,0.6833853594758973,0.052962598586275736,0.619263970922308,0.7633228840125392,0.6701388888888888,0.07750034128166555,5,0.680952380952381,0.06044973459339726,0.6068376068376069,0.7735042735042735,0.6794871794871795,0.08877233751477918
minecraft,mlp,100,1,5,0.8660714285714286,0.019964892656248137,0.8392857142857143,0.8928571428571429,0.8660714285714286,0.023052247190719497,5,0.8244116613979628,0.027468205856012555,0.7811731647348086,0.8521250439058659,0.8247277836318931,0.03331855569514198,5,0.8418449813785072,0.025527051121514596,0.803125,0.8733031674208145,0.846875,0.030322745500857503,5,0.860539985646189,0.0217236030676796,0.8287388392857142,0.8884130575307047,0.8647411313518696,0.025244153008610173,5,0.8832316157547975,0.032164232875751556,0.8546221710778673,0.9195402298850575,0.8680459770114943,0.036416532540294595,5,0.8244116613979628,0.027468205856012555,0.7811731647348086,0.8521250439058659,0.8247277836318931,0.03331855569514198
minecraft,mlp,100,10,5,0.6566037735849056,0.027178981680920623,0.6226415094339622,0.6886792452830188,0.6509433962264151,0.041393276697953826,5,0.6308457711442786,0.028740057255016938,0.6050516647531573,0.6680061232300039,0.6167240719479525,0.04555797719446691,5,0.6306214124598727,0.028733749144412703,0.6022514071294559,0.6670790901303892,0.6182968369829684,0.045564182529626795,5,0.6563953717048824,0.0269265256896723,0.6260398598180467,0.6894792510294125,0.6477840517835008,0.041021809187555575,5,0.6311326718816948,0.028183989081973223,0.6013289036544851,0.6662878787878788,0.621031746031746,0.04465620358068911,5,0.6308457711442786,0.028740057255016938,0.6050516647531573,0.6680061232300039,0.6167240719479525,0.04555797719446691
minecraft,mlp,100,11,5,0.5675,0.03462973794298766,0.53125,0.60625,0.5625,0.06102156465724698,5,0.5721701063164477,0.03348408213729424,0.5373671044402751,0.6124140087554721,0.5631644777986242,0.058521201593106885,5,0.5465025382298233,0.05036497921548757,0.48287910552061497,0.5984313725490196,0.5624316299421784,0.09215872881144305,5,0.5444557695438397,0.05167530855180033,0.47867749825296996,0.5978039215686275,0.5622948898265353,0.09491185775310151,5,0.5896481263551341,0.038470690731044956,0.5489854478376717,0.6473662635786022,0.5843857634902412,0.06524347150706415,5,0.5721701063164477,0.03348408213729424,0.5373671044402751,0.6124140087554721,0.5631644777986242,0.058521201593106885
minecraft,mlp,100,12,5,0.6526315789473685,0.07432884268180652,0.5350877192982456,0.7105263157894737,0.6929824561403509,0.1138909686253487,5,0.6990769230769232,0.06302520289430659,0.5974358974358974,0.7492307692307693,0.717948717948718,0.09015488970356356,5,0.6496827465220341,0.07197121072632506,0.5350519430550211,0.706712403523817,0.6918204989572874,0.11077900884948952,5,0.6567695858828866,0.07778736484463383,0.533763998298941,0.7172740067210203,0.6977962787558994,0.11843935303439077,5,0.6859882820822306,0.05375004484813976,0.5986842105263158,0.7320971867007673,0.6964560862865947,0.07835417346341296,5,0.6990769230769232,0.06302520289430659,0.5974358974358974,0.7492307692307693,0.717948717948718,0.09015488970356356
minecraft,mlp,100,13,5,0.5672413793103448,0.0696090663385736,0.4827586206896552,0.6551724137931034,0.5689655172413793,0.1227150713567559,5,0.5765900765900766,0.04702679230541006,0.5424575424575424,0.6580086580086579,0.5622710622710623,0.08156018324755786,5,0.5465929294991019,0.06057929093477162,0.4788858939802336,0.639751552795031,0.5380694488690666,0.1108307255095424,5,0.5687410691408633,0.07680234723433231,0.46416953248443166,0.664167916041979,0.5772044688073293,0.13503921450643516,5,0.5748862401158465,0.0419027367415628,0.5393154486586493,0.6421084156933213,0.5630904183535763,0.07288874531614967,5,0.5765900765900766,0.04702679230541006,0.5424575424575424,0.6580086580086579,0.5622710622710623,0.08156018324755786
minecraft,mlp,100,14,5,0.6899408284023669,0.03871107037584879,0.6390532544378699,0.7337278106508875,0.6982248520710059,0.0561078121227997,5,0.6800366300366301,0.041757639286187934,0.6245421245421245,0.7252747252747254,0.695054945054945,0.06140498532253868,5,0.6780378503505399,0.04518952584147265,0.6176328771188013,0.7262123339453505,0.6954954954954955,0.06664749736037603,5,0.682629855413368,0.04353092556631024,0.6245944997474985,0.7297016624157784,0.6977130977130978,0.06376944287025066,5,0.6957349800268624,0.03748948477292256,0.6468926553672316,0.7394429469901167,0.6963829787234043,0.05388472025867535,5,0.6800366300366301,0.041757639286187934,0.6245421245421245,0.7252747252747254,0.695054945054945,0.06140498532253868
minecraft,mlp,100,15,5,0.7981132075471699,0.05605075765099229,0.7075471698113207,0.8490566037735849,0.8207547169811321,0.07022908169036858,5,0.7727898966704937,0.05401227228005375,0.6882893226176808,0.8270187523918867,0.7694221201683888,0.06989257042924799,5,0.7779983286856403,0.05682589980779267,0.6872561149709717,0.8339208773991382,0.7854479599446043,0.07304115923204492,5,0.795336222965236,0.054126311111977694,0.7082986903609634,0.8471646379767791,0.8084384063869944,0.06805462840631056,5,0.7941992805257334,0.06918608312174039,0.6863636363636363,0.8546747967479675,0.8194281237759499,0.08711426063738249,5,0.7727898966704937,0.05401227228005375,0.6882893226176808,0.8270187523918867,0.7694221201683888,0.06989257042924799
minecraft,mlp,100,16,5,0.6950000000000001,0.011180339887498952,0.68125,0.7125,0.69375,0.01608681998201288,5,0.6941838649155723,0.012358394524934061,0.6787054409005628,0.7132582864290182,0.6927767354596623,0.017802768329161767,5,0.6933392712573536,0.012731559026047407,0.6766908356115535,0.7124550711048601,0.6927779301696775,0.018362668254690146,5,0.6937349276226451,0.012348831935451884,0.6776506596933318,0.7123652133145804,0.6932099612053764,0.017800504838022212,5,0.6972504908611055,0.00988533765908363,0.687039764359352,0.7136591478696741,0.6944922547332186,0.014177598709002303,5,0.6941838649155723,0.012358394524934061,0.6787054409005628,0.7132582864290182,0.6927767354596623,0.017802768329161767
minecraft,mlp,100,17,5,0.544954128440367,0.03815896209740443,0.4954128440366973,0.5963302752293578,0.5504587155963303,0.07002233785550645,5,0.5912087912087912,0.031505025819816596,0.5446886446886448,0.6232600732600733,0.5888278388278388,0.053289170066976026,5,0.5436307944233704,0.037495112567127356,0.49524290645785973,0.5935593220338984,0.5490924440692275,0.06897164942044619,5,0.5439848720772584,0.04310721049516572,0.4926088739858782,0.6031037163738144,0.555849551175845,0.07924339941762848,5,0.5917395787224414,0.030845635311245893,0.5457957957957958,0.6219558599695586,0.5984172077922079,0.05212704443032397,5,0.5912087912087912,0.031505025819816596,0.5446886446886448,0.6232600732600733,0.5888278388278388,0.053289170066976026
minecraft,mlp,100,18,5,0.41090909090909095,0.03330577373099173,0.3878787878787879,0.46060606060606063,0.3878787878787879,0.08105387412409491,5,0.4319628647214854,0.03424295713075146,0.40826702033598583,0.4838638373121132,0.4089301503094606,0.07927291887192695,5,0.3217461207438995,0.030975284731971028,0.2946031746031746,0.35786435786435783,0.3015799840744311,0.09627244195005057,5,0.3083514359918168,0.03123815101635257,0.2806118326118326,0.34385412567230744,0.2881887903806516,0.1013069743485209,5,0.3332755860965076,0.07684647370096258,0.2664399092970522,0.440359477124183,0.2853448275862069,0.23057936706683915,5,0.4319628647214854,0.03424295713075146,0.40826702033598583,0.4838638373121132,0.4089301503094606,0.07927291887192695
minecraft,mlp,100,19,5,0.4658682634730539,0.017147091093744137,0.4431137724550898,0.48502994011976047,0.46706586826347307,0.03680673795186724,5,0.4901613367905503,0.019600399977482797,0.46168251224431,0.5105157015269375,0.4928694900605013,0.03998764999667487,5,0.39626580971491204,0.014996412562802477,0.3743258265058257,0.4115863651261881,0.4018279879780971,0.03784432619506447,5,0.3828688313623126,0.016153389591348172,0.35951909429935874,0.39789349521213224,0.38767210114334305,0.042190401171784235,5,0.4828374622407966,0.03654808073362729,0.44359626802374896,0.5259601706970128,0.4815436241610738,0.0756943766625141,5,0.4901613367905503,0.019600399977482797,0.46168251224431,0.5105157015269375,0.4928694900605013,0.03998764999667487
minecraft,mlp,100,2,5,0.625925925925926,0.06854353897526572,0.5277777777777778,0.7129629629629629,0.6296296296296297,0.10950742913208131,5,0.5734671125975475,0.053323246735442864,0.5156075808249722,0.6360089186176142,0.5763656633221851,0.09298396641075475,5,0.5694993823828962,0.061260903648671206,0.4986505451797474,0.6385620209435389,0.5772994129158513,0.10756974554097612,5,0.6106355849932685,0.06114881564952145,0.536952380952381,0.6841136180982884,0.6186127419004132,0.10013962034360566,5,0.5926776670941757,0.07726173696119612,0.5226648351648352,0.7079545454545455,0.5860913280268119,0.13036046615355146,5,0.5734671125975475,0.053323246735442864,0.5156075808249722,0.6360089186176142,0.5763656633221851,0.09298396641075475
minecraft,mlp,100,20,5,0.6980392156862745,0.061382258205876575,0.6176470588235294,0.7549019607843137,0.7352941176470589,0.08793525754212655,5,0.6510378510378511,0.05214976118250653,0.5732600732600732,0.6929181929181929,0.6782661782661783,0.08010250264154697,5,0.6550795484612963,0.055498229241537245,0.5729468599033817,0.6999673167011657,0.6842829301845694,0.08471983192254431,5,0.6832444360289083,0.054929989087825704,0.6054560954816709,0.7272593247825445,0.7141431374796852,0.08039580886612825,5,0.698523511023511,0.09238284691909344,0.5833333333333333,0.8075396825396826,0.7287644787644787,0.13225445595056573,5,0.6510378510378511,0.05214976118250653,0.5732600732600732,0.6929181929181929,0.6782661782661783,0.08010250264154697
minecraft,mlp,100,21,5,0.48118811881188117,0.030995001668313926,0.45544554455445546,0.5346534653465347,0.4752475247524752,0.06441348083332729,5,0.5203473945409429,0.02587120529144042,0.4964846980976013,0.5638957816377171,0.5136476426799008,0.049719102205295615,5,0.4778346420597469,0.03387780828040738,0.4447776111944028,0.5346534653465347,0.4719344973858144,0.07089860235828488,5,0.47120211074403207,0.039873764788488635,0.4272517206743163,0.5346534653465347,0.46240954370666426,0.08462136284900683,5,0.5217083474423674,0.025575152415544727,0.4965447154471545,0.5638957816377171,0.5173684210526316,0.049021934459980994,5,0.5203473945409429,0.02587120529144042,0.4964846980976013,0.5638957816377171,0.5136476426799008,0.049719102205295615
minecraft,mlp,100,22,5,0.5094339622641509,0.039527688962190353,0.46540880503144655,0.5723270440251572,0.5094339622641509,0.07759138944429958,5,0.5080246913580246,0.03888617835724434,0.46604938271604934,0.5707502374169041,0.5068850902184235,0.07654387477367659,5,0.5041757507001001,0.03865722325520618,0.4650702552938848,0.5684865900383143,0.4989495798319328,0.0766741026348979,5,0.5049468472268664,0.03889347171337156,0.4648163429907135,0.5692546808356828,0.5003171079752656,0.07702488277126959,5,0.5085710421125841,0.03977995992106455,0.46589825119236883,0.5728250244379277,0.5074257425742574,0.07821908175467514,5,0.5080246913580246,0.03888617835724434,0.46604938271604934,0.5707502374169041,0.5068850902184235,0.07654387477367659
minecraft,mlp,100,23,5,0.5528301886792453,0.06207805236363056,0.4811320754716981,0.6320754716981132,0.5660377358490566,0.11229135751783002,5,0.5294680443934175,0.05173362901993278,0.47168006123230005,0.6073478760045924,0.516073478760046,0.09770869001018023,5,0.5077459223451726,0.055457622889721656,0.4499001996007984,0.5825277479412818,0.49236468781060816,0.10922317728042888,5,0.5389085973141942,0.042067900501151945,0.48999553595281553,0.5908504414675504,0.5335216359733364,0.07806129037615918,5,0.5388789951599715,0.051245904106950624,0.47357142857142853,0.6011539848539488,0.5471766848816029,0.09509723809468168,5,0.5294680443934175,0.05173362901993278,0.47168006123230005,0.6073478760045924,0.516073478760046,0.09770869001018023
minecraft,mlp,100,24,5,0.6252873563218391,0.08391591838365045,0.5172413793103449,0.735632183908046,0.5977011494252874,0.13420376653267627,5,0.6128205128205128,0.0852215353048588,0.5,0.7243589743589745,0.6065705128205128,0.1390644299953763,5,0.6066852071808571,0.08989698064089603,0.49306326304106546,0.7263776835771913,0.5974884335756775,0.14817730773200988,5,0.6142635816576496,0.08757202264016983,0.5045160549580926,0.7315833400132971,0.596531212252433,0.14256424319320424,5,0.6254227864227865,0.09127850186222973,0.5,0.7386363636363636,0.6078378378378378,0.14594687600736914,5,0.6128205128205128,0.0852215353048588,0.5,0.7243589743589745,0.6065705128205128,0.1390644299953763
minecraft,mlp,100,25,5,0.7273885350318471,0.03962377328661352,0.6687898089171974,0.7643312101910829,0.7388535031847133,0.0544740140630326,5,0.7278805582603051,0.03949891712489502,0.6691820837390458,0.7644433625446283,0.7396949042518663,0.05426565756791294,5,0.725184290394923,0.04041382768637721,0.667697818300228,0.7642929600324609,0.7345457544641016,0.05572904463273539,5,0.7250524587416038,0.04046705083005586,0.6675764860094536,0.76427383495315,0.7343303670280711,0.0558125834098821,5,0.7355627389746309,0.03900761852855894,0.6716897233201581,0.7647011046133854,0.7572274468826192,0.05303098765298427,5,0.7278805582603051,0.03949891712489502,0.6691820837390458,0.7644433625446283,0.7396949042518663,0.05426565756791294
minecraft,mlp,100,26,5,0.5514563106796115,0.028636662531558485,0.5145631067961165,0.5922330097087378,0.5436893203883495,0.05192915916814304,5,0.6010016025641025,0.03290242317618831,0.5592948717948718,0.6468349358974359,0.6027644230769231,0.05474598243301515,5,0.5496482081217401,0.02852910214980721,0.513416477702192,0.5903409090909091,0.5435172088637436,0.05190429392519438,5,0.543309104881253,0.028553615542244268,0.5076833322325695,0.5835834068843777,0.5413658148061686,0.052555010187957406,5,0.6101990155817382,0.03784157341858856,0.5630861040068201,0.6613116197183099,0.6195246971109041,0.06201513350937152,5,0.6010016025641025,0.03290242317618831,0.5592948717948718,0.6468349358974359,0.6027644230769231,0.05474598243301515
minecraft,mlp,100,27,5,0.319626168224299,0.028347197921688043,0.2803738317757009,0.34579439252336447,0.3364485981308411,0.08868860168481348,5,0.39800150829562597,0.028577189772898862,0.3682126696832579,0.43420060331825033,0.39781297134238314,0.07180171224796568,5,0.2938547409247322,0.03699692707130045,0.24225144854226066,0.3411330049261084,0.29481110182864567,0.12590209351353235,5,0.25880528371635714,0.047653518816263445,0.196186902135187,0.32611297822383867,0.24836927903004308,0.18412884826760445,5,0.33365143024081717,0.05539446622960841,0.24673913043478263,0.3826839826839827,0.3572013093289689,0.16602496260731373,5,0.39800150829562597,0.028577189772898862,0.3682126696832579,0.43420060331825033,0.39781297134238314,0.07180171224796568
minecraft,mlp,100,28,5,0.4055045871559633,0.021903369516171233,0.3669724770642202,0.42201834862385323,0.41284403669724773,0.054015096770648516,5,0.5098901098901099,0.025947604648877524,0.47307692307692306,0.5443223443223443,0.5087912087912088,0.05088862118637618,5,0.37366495902869473,0.026287993721092008,0.32878179384203476,0.39444444444444443,0.3802416488983653,0.07035177660068812,5,0.33399593410560213,0.032109138029651166,0.28324674846173686,0.3644240570846075,0.33981468802775117,0.0961363141010542,5,0.5272661785369502,0.07031038999382375,0.4411057692307692,0.6344444444444444,0.5146520146520146,0.13334894756367627,5,0.5098901098901099,0.025947604648877524,0.47307692307692306,0.5443223443223443,0.5087912087912088,0.05088862118637618
minecraft,mlp,100,29,5,0.4568807339449542,0.06099365188475105,0.3761467889908257,0.5321100917431193,0.45871559633027525,0.1335001617557804,5,0.49765567765567764,0.06341380367542403,0.41208791208791207,0.5732600732600732,0.4877289377289378,0.1274250581730514,5,0.45650286120222433,0.06104245380349888,0.3760942760942761,0.5319525132609244,0.4579856721449642,0.13371757110730997,5,0.45606226414658496,0.06296202409510866,0.3744663763012387,0.5343949797349438,0.4636425845811249,0.13805576353248064,5,0.4971383714974996,0.0636802341128085,0.41104521868050403,0.5717360114777619,0.4881959126145173,0.12809358070870372,5,0.49765567765567764,0.06341380367542403,0.41208791208791207,0.5732600732600732,0.4877289377289378,0.1274250581730514
minecraft,mlp,100,3,5,0.7040462427745664,0.04466229773891759,0.6416184971098265,0.7514450867052023,0.7167630057803468,0.06343659695264979,5,0.7119433198380567,0.042212855414264595,0.6495951417004049,0.7553306342780026,0.722604588394062,0.05929243836976602,5,0.7034650792415285,0.0450082136345166,0.6415106951871657,0.7511457531863647,0.7167251461988304,0.06398073616254579,5,0.7030513220768222,0.045961938697335766,0.6408998176254211,0.7519938648230713,0.7170469526417199,0.06537494099515187,5,0.7141062812322542,0.039839320388884485,0.6508163265306122,0.7530765115034779,0.7217069892473118,0.055789063107158476,5,0.7119433198380567,0.042212855414264595,0.6495951417004049,0.7553306342780026,0.722604588394062,0.05929243836976602
minecraft,mlp,100,30,5,0.5807692307692307,0.05872473647924025,0.4807692307692308,0.6346153846153846,0.5961538461538461,0.10111544029538058,5,0.5692307692307692,0.060813031926314966,0.49230769230769234,0.6307692307692307,0.5769230769230769,0.10683370473541819,5,0.5568350829469378,0.06207291826756074,0.47767857142857145,0.6233320625238277,0.5722620755619321,0.11147451044042032,5,0.5781349419549662,0.05825029726244571,0.48772321428571436,0.6396301944338544,0.5917981826877092,0.10075553825802683,5,0.5678368146488806,0.05544459799371219,0.4927211646136618,0.6237402015677491,0.573088455772114,0.09764178116559089,5,0.5692307692307692,0.060813031926314966,0.49230769230769234,0.6307692307692307,0.5769230769230769,0.10683370473541819
minecraft,mlp,100,31,5,0.6393442622950819,0.018530956238047146,0.6120218579234973,0.6557377049180327,0.6502732240437158,0.02898431616720195,5,0.6296703296703297,0.023179897006236086,0.5992673992673992,0.6604395604395604,0.6267399267399267,0.03681275091740809,5,0.627287710290395,0.021569575462303568,0.5997843831818882,0.654251012145749,0.6243660951461,0.034385458392478634,5,0.6361386595546672,0.018617843474753707,0.6101097524951209,0.6575960708833876,0.6325940212150434,0.029266958068209916,5,0.6344447362344369,0.021993276791614877,0.6012453300124533,0.656989247311828,0.6424908424908424,0.03466539406119059,5,0.6296703296703297,0.023179897006236086,0.5992673992673992,0.6604395604395604,0.6267399267399267,0.03681275091740809
minecraft,mlp,100,32,5,0.5925233644859812,0.0243708501129071,0.5700934579439252,0.6261682242990654,0.5887850467289719,0.0411306145438653,5,0.6520739064856712,0.021032900609054554,0.6289592760180995,0.6785444947209653,0.6453619909502263,0.032255393751930074,5,0.5912312833138799,0.025547516045422103,0.5655014124293786,0.6261355695317959,0.5887491264849756,0.043210697347114385,5,0.5863245368980763,0.028909982749847705,0.5533951106183009,0.6251885812809811,0.5877074394090793,0.04930713441193281,5,0.6626674813091258,0.021972066509785074,0.6377921031426269,0.6809024979854955,0.6742766726943943,0.033157001255559405,5,0.6520739064856712,0.021032900609054554,0.6289592760180995,0.6785444947209653,0.6453619909502263,0.032255393751930074
minecraft,mlp,100,33,5,0.9035714285714287,0.023111034117044252,0.8660714285714286,0.9285714285714286,0.9107142857142857,0.02557742906234146,5,0.8890059711977519,0.028294733179742435,0.8435194942044257,0.9213206884439762,0.8956796628029504,0.03182738260084027,5,0.8925990131246445,0.026424140236658584,0.8496644295302014,0.9213206884439762,0.9004267425320057,0.02960359562146262,5,0.9030160184756527,0.023568940784899264,0.8647411313518696,0.9285714285714286,0.9101427555374924,0.026100246620968146,5,0.8968677412923988,0.024115732173118975,0.8574561403508771,0.9213206884439762,0.905945945945946,0.02688883885863469,5,0.8890059711977519,0.028294733179742435,0.8435194942044257,0.9213206884439762,0.8956796628029504,0.03182738260084027
minecraft,mlp,100,34,5,0.6364779874213836,0.05250724896790389,0.5534591194968553,0.6981132075471698,0.6415094339622641,0.0824965670543154,5,0.6393162393162394,0.051966216336597246,0.5579297245963912,0.7015669515669516,0.6450617283950617,0.08128405496499835,5,0.627055738006739,0.0594178732604682,0.5293308317698562,0.6891495601173021,0.634047619047619,0.09475692455880155,5,0.6260479662584757,0.059914703159438656,0.5273201411259396,0.6881535992917612,0.6336567834681042,0.09570305533857727,5,0.6543038599584741,0.05642660863047898,0.5744810744810744,0.7312091503267973,0.6587750484809308,0.08623914985624591,5,0.6393162393162394,0.051966216336597246,0.5579297245963912,0.7015669515669516,0.6450617283950617,0.08128405496499835
minecraft,mlp,100,35,5,0.6804123711340206,0.04434188281980734,0.6185567010309279,0.7319587628865979,0.6804123711340206,0.06516913081092897,5,0.6336427939876217,0.038931747732645586,0.5760389036251106,0.6750663129973475,0.6361626878868258,0.06144115912317331,5,0.6323423148790229,0.04016052871600242,0.5719737626714372,0.6736542443064182,0.635647643281231,0.06351074057678041,5,0.6582626446982955,0.03977483238868982,0.5996323823223847,0.7006734114533308,0.660663226493084,0.060423954950261524,5,0.687101411346783,0.07632702895566315,0.5931744312026002,0.7911764705882353,0.6757990867579908,0.11108553656738245,5,0.6336427939876217,0.038931747732645586,0.5760389036251106,0.6750663129973475,0.6361626878868258,0.06144115912317331
minecraft,mlp,100,36,5,0.5266272189349113,0.04287389569878531,0.4556213017751479,0.5621301775147929,0.5384615384615384,0.0814122289111766,5,0.5481684981684982,0.04499590371972127,0.4761904761904762,0.5888278388278388,0.5558608058608059,0.08208407427653797,5,0.4971617547165475,0.04100646546618264,0.42500000000000004,0.5223913043478261,0.5172715847202651,0.08248113431324203,5,0.48797848235803365,0.041523800764382716,0.414792899408284,0.5156521739130434,0.5067249466076446,0.08509350773773745,5,0.5774489091326662,0.07829198237491669,0.4666666666666667,0.6644496609285342,0.5691489361702128,0.135582527106185,5,0.5481684981684982,0.04499590371972127,0.4761904761904762,0.5888278388278388,0.5558608058608059,0.08208407427653797
minecraft,mlp,100,37,5,0.5611764705882353,0.02104534567058625,0.5352941176470588,0.5882352941176471,0.5529411764705883,0.03750218830188325,5,0.5711538461538461,0.02466055193105737,0.5355351170568562,0.5981047937569677,0.572324414715719,0.04317672391969641,5,0.556162909042006,0.022437499583989957,0.5345048698485322,0.5861733203505355,0.5519489526980164,0.04034339438895464,5,0.5534662643848248,0.022486621159411732,0.5293341098815764,0.5837676842889054,0.5502125610960156,0.04062871146158385,5,0.5775919108254725,0.028312371950936714,0.5352941176470588,0.6025641025641025,0.5909887798036466,0.04901795094476608,5,0.5711538461538461,0.02466055193105737,0.5355351170568562,0.5981047937569677,0.572324414715719,0.04317672391969641
minecraft,mlp,100,38,5,0.623030303030303,0.03218404375115575,0.5878787878787879,0.6606060606060606,0.6242424242424243,0.05165726866673832,5,0.625552608311229,0.03640879474669575,0.5859858532272326,0.6688770999115827,0.6290893015030946,0.05820261040072493,5,0.6210294674872403,0.03180604112297892,0.586038961038961,0.6560452650387135,0.6231211317418214,0.051215027286337915,5,0.6208817628852292,0.030289937085548176,0.5875442739079103,0.6538848881910228,0.6219998392412186,0.048785354790888434,5,0.6295279483258206,0.04104423618026174,0.5862655233589592,0.68324272465622,0.6322463768115942,0.06519843366671109,5,0.625552608311229,0.03640879474669575,0.5859858532272326,0.6688770999115827,0.6290893015030946,0.05820261040072493
minecraft,mlp,100,39,5,0.7472527472527473,0.058665265121051136,0.6483516483516484,0.7912087912087912,0.7582417582417582,0.07850792832375961,5,0.7121794871794871,0.05721849594985846,0.6185897435897436,0.7596153846153846,0.7211538461538461,0.08034280259386067,5,0.7127794033024168,0.061468725757959905,0.6144067796610169,0.7657498983877523,0.7216351501668521,0.08623807797078005,5,0.7269193600927779,0.05937341155820011,0.6307506053268764,0.7767820852768691,0.7360559351660575,0.08167812665028235,5,0.8066620494759696,0.09096444383495998,0.6457575757575758,0.8661971830985915,0.8466666666666667,0.11276648491651868,5,0.7121794871794871,0.05721849594985846,0.6185897435897436,0.7596153846153846,0.7211538461538461,0.08034280259386067
minecraft,mlp,100,4,5,0.29391304347826086,0.019829137827811108,0.2608695652173913,0.3130434782608696,0.2956521739130435,0.06746600148515614,5,0.35843454790823215,0.010171519244675437,0.3409244264507422,0.3675775978407557,0.3609986504723347,0.028377619579459706,5,0.2878246507340082,0.02491256111464522,0.24627958979104014,0.3122113710349005,0.29028571428571426,0.08655464725176736,5,0.26807019321330783,0.034019416044082096,0.2125402716176032,0.3045143791946861,0.27042981366459623,0.12690488127865932,5,0.32928616598482074,0.030200677309969323,0.27717391304347827,0.35357142857142854,0.33480352846832395,0.09171559703896427,5,0.35843454790823215,0.010171519244675437,0.3409244264507422,0.3675775978407557,0.3609986504723347,0.028377619579459706
minecraft,mlp,100,5,5,0.41,0.02549509756796392,0.38,0.44,0.41,0.062183164799912004,5,0.47292980243799915,0.029276411173714594,0.43631778058007564,0.514291719209752,0.4701555275325767,0.06190434821995113,5,0.3875067048618311,0.029357888115827038,0.36185793493043206,0.43434343434343436,0.3851795922769928,0.07576098102946335,5,0.3627933051766596,0.035804397665268606,0.33237577152421804,0.42189898989898994,0.3486592600582462,0.09869089962350301,5,0.464289582208708,0.04601598098525588,0.41445511010728403,0.5321969696969697,0.4586247086247086,0.0991105179796404,5,0.47292980243799915,0.029276411173714594,0.43631778058007564,0.514291719209752,0.4701555275325767,0.06190434821995113
minecraft,mlp,100,6,5,0.6709677419354839,0.0345092613674865,0.6344086021505376,0.7204301075268817,0.6666666666666666,0.05143207223038853,5,0.6603988603988604,0.04915407246517844,0.5997150997150997,0.7236467236467237,0.6773504273504274,0.07443088626090436,5,0.6563309792865727,0.04786623681094917,0.595030737704918,0.7177871148459384,0.6660488821962238,0.07293002817416823,5,0.6664005090193466,0.04167257510982373,0.6153985986250661,0.7221921026475107,0.6683655739603845,0.06253382844972274,5,0.6655344617287772,0.03822708344184268,0.6235294117647059,0.7180555555555556,0.6737209302325582,0.05743817283712834,5,0.6603988603988604,0.04915407246517844,0.5997150997150997,0.7236467236467237,0.6773504273504274,0.07443088626090436
minecraft,mlp,100,7,5,0.3769230769230769,0.018356180850354294,0.3525641025641026,0.40384615384615385,0.3782051282051282,0.0487000716437971,5,0.3769230769230769,0.01835618085035431,0.35256410256410253,0.40384615384615385,0.3782051282051282,0.04870007164379715,5,0.30520267981941446,0.02177901842665039,0.28627450980392155,0.3367521367521368,0.2970687973242904,0.07135919789281284,5,0.30520267981941446,0.02177901842665038,0.28627450980392155,0.3367521367521368,0.2970687973242904,0.0713591978928128,5,0.28078670874887235,0.04609102942271825,0.22340425531914893,0.33760683760683763,0.27374045801526714,0.16414961245170887,5,0.3769230769230769,0.01835618085035431,0.35256410256410253,0.40384615384615385,0.3782051282051282,0.04870007164379715
minecraft,mlp,100,8,5,0.6618556701030928,0.04575740416736526,0.6082474226804123,0.7216494845360825,0.6597938144329897,0.06913501875754564,5,0.6584438549955791,0.051070671707921365,0.6052166224580018,0.7294429708222812,0.6441202475685235,0.07756268255896209,5,0.6538537423814851,0.04796925524529012,0.6010822510822511,0.7186593619078312,0.6446886446886446,0.07336389185534842,5,0.6639113303996761,0.04567930866631751,0.6115544249564867,0.7243405949015087,0.6590385559457724,0.06880332745461426,5,0.6543375303096467,0.048459815634029554,0.6017094017094017,0.7206632653061225,0.6454058876003568,0.0740593552857916,5,0.6584438549955791,0.051070671707921365,0.6052166224580018,0.7294429708222812,0.6441202475685235,0.07756268255896209
minecraft,mlp,100,9,5,0.6666666666666667,0.0582240452711056,0.5961538461538461,0.7307692307692307,0.6858974358974359,0.08733606790665839,5,0.6666666666666667,0.05822404527110561,0.5961538461538461,0.7307692307692308,0.6858974358974359,0.0873360679066584,5,0.6654647311736135,0.05934210277994967,0.5923852183650615,0.7300593276203032,0.6855744313273826,0.08917392613023074,5,0.6654647311736136,0.05934210277994963,0.5923852183650616,0.7300593276203032,0.6855744313273826,0.08917392613023067,5,0.6684027654027073,0.057676275345778294,0.5998463901689708,0.7332225913621262,0.6866644660835122,0.0862897018551813,5,0.6666666666666667,0.05822404527110561,0.5961538461538461,0.7307692307692308,0.6858974358974359,0.0873360679066584
minecraft,mlp,150,0,5,0.6493827160493828,0.08400506585779756,0.5185185185185185,0.7283950617283951,0.6790123456790124,0.12936141320307226,5,0.641025641025641,0.08361964260631152,0.5128205128205128,0.7197802197802198,0.6721611721611721,0.13044664246584597,5,0.623925587761854,0.08909479168040303,0.5036920659858601,0.7088235294117646,0.6642219387755102,0.1427971434862992,5,0.6274039142001,0.08831859554434499,0.506869162957144,0.7116194625998548,0.6668320105820106,0.1407683209259948,5,0.689689044965388,0.10374316466760237,0.5141509433962264,0.7857142857142857,0.7065217391304348,0.15042020084980287,5,0.641025641025641,0.08361964260631152,0.5128205128205128,0.7197802197802198,0.6721611721611721,0.13044664246584597
minecraft,mlp,150,1,5,0.8295454545454545,0.03006535580755217,0.7954545454545454,0.875,0.8181818181818182,0.03624316864472043,5,0.8176347462061748,0.03148644208429736,0.7796964939822083,0.8642072213500784,0.8131868131868132,0.03850917812677904,5,0.8222891915470905,0.032104472004734395,0.7843137254901962,0.8701542588866533,0.8147368421052632,0.03904279946125967,5,0.826309688160493,0.031171154883746072,0.7898841354723708,0.8730046948356808,0.8176076555023922,0.0377233322208026,5,0.8422362858183596,0.030954029009791724,0.8123904149620105,0.8883928571428572,0.8381063705435419,0.03675219119740871,5,0.8176347462061748,0.03148644208429736,0.7796964939822083,0.8642072213500784,0.8131868131868132,0.03850917812677904
minecraft,mlp,150,10,5,0.6547619047619048,0.02791914142752042,0.6309523809523809,0.6904761904761905,0.6428571428571429,0.042640143271122095,5,0.6514529914529914,0.029505135125230793,0.6230769230769231,0.6854700854700855,0.6358974358974359,0.04529127275848863,5,0.650469273801931,0.02955506966895954,0.6218963264120807,0.6860264519838988,0.6354166666666667,0.045436534605567104,5,0.652826436081067,0.028819682663979804,0.6260760438922194,0.6886962950792738,0.6391369047619048,0.044146010441894874,5,0.6545898079511525,0.02854383554650561,0.6298076923076923,0.689795918367347,0.6417112299465241,0.043605682825779105,5,0.6514529914529914,0.029505135125230793,0.6230769230769231,0.6854700854700855,0.6358974358974359,0.04529127275848863
minecraft,mlp,150,11,5,0.4957446808510638,0.052441521463260574,0.43617021276595747,0.5638297872340425,0.48936170212765956,0.10578332655679172,5,0.5362703962703963,0.036927300151684925,0.49533799533799533,0.5787878787878787,0.5524475524475525,0.06885947911446072,5,0.47484835552176713,0.07178632506421173,0.3854693474774886,0.5637804187889077,0.44705882352941173,0.1511773690051687,5,0.4605073726262316,0.08463420352555076,0.355424390269507,0.5645703139110645,0.43384665237916376,0.18378468740443743,5,0.5471581933423847,0.04935198307711,0.4943438914027149,0.6068376068376069,0.5573849878934625,0.09019691869299663,5,0.5362703962703963,0.036927300151684925,0.49533799533799533,0.5787878787878787,0.5524475524475525,0.06885947911446072
minecraft,mlp,150,12,5,0.6426966292134831,0.03408033907438898,0.5955056179775281,0.6853932584269663,0.6404494382022472,0.053027101007353486,5,0.6678974358974359,0.02696114524750755,0.6371794871794871,0.6974358974358974,0.6771794871794872,0.040367193821130014,5,0.6327314643940259,0.04462141674933777,0.5665584415584416,0.6853535353535354,0.6290261462675255,0.0705218868672387,5,0.626829855937068,0.04963464273749578,0.5527141397927915,0.6849165815457949,0.6279957934355455,0.07918359705967637,5,0.7053115961548115,0.040096757513611615,0.6437110187110187,0.7503623188405797,0.7048022598870056,0.05684970689863807,5,0.6678974358974359,0.02696114524750755,0.6371794871794871,0.6974358974358974,0.6771794871794872,0.040367193821130014
minecraft,mlp,150,13,5,0.6307692307692307,0.08947781532229575,0.4725274725274725,0.6923076923076923,0.6593406593406593,0.1418550730719323,5,0.6192307692307693,0.07736916593158655,0.4871794871794872,0.6666666666666667,0.6634615384615384,0.12494399467212734,5,0.609965852591138,0.08396752108567183,0.47195357833655704,0.6671891327063741,0.6578532443905397,0.137659379994761,5,0.6188036105283025,0.08754676648322744,0.46946670350925673,0.6802507836990596,0.6610759767824655,0.14147746553787,5,0.6437064952152439,0.0901988689768777,0.4868686868686869,0.711038961038961,0.6648780487804877,0.14012421755464316,5,0.6192307692307693,0.07736916593158655,0.4871794871794872,0.6666666666666667,0.6634615384615384,0.12494399467212734
minecraft,mlp,150,14,5,0.7020000000000001,0.05540758070878027,0.65,0.78,0.67,0.07892817764783513,5,0.6780580075662044,0.06142848936761981,0.6185372005044136,0.7595628415300546,0.6647751155947877,0.0905947406890878,5,0.6785323099204781,0.06348836500218583,0.6176572818908586,0.7640497640497641,0.6601791782514674,0.09356719506787595,5,0.6970180590475785,0.05833334625707126,0.6472,0.7775461175461176,0.6728884769848625,0.08368986355501216,5,0.688238349636376,0.058846641446145494,0.6293402777777778,0.7714285714285715,0.6590909090909092,0.08550328745446478,5,0.6780580075662044,0.06142848936761981,0.6185372005044136,0.7595628415300546,0.6647751155947877,0.0905947406890878
minecraft,mlp,150,15,5,0.7452380952380953,0.06765843923039441,0.6666666666666666,0.8095238095238095,0.7738095238095238,0.09078768203439505,5,0.7335042735042735,0.07582164923366043,0.6495726495726495,0.8051282051282052,0.7683760683760683,0.10336906269329142,5,0.7252495772145486,0.08952604119382278,0.6199095022624435,0.8067855089131685,0.7698630136986302,0.12344170063175167,5,0.7300817647285851,0.08564341196758053,0.6305753070458954,0.8084284892795532,0.7720156555772995,0.11730660332191599,5,0.7813413609033357,0.04861549643743401,0.6984126984126984,0.8125,0.8064903846153846,0.062220559245997106,5,0.7335042735042735,0.07582164923366043,0.6495726495726495,0.8051282051282052,0.7683760683760683,0.10336906269329142
minecraft,mlp,150,16,5,0.6872340425531915,0.03806073153191135,0.6595744680851063,0.7340425531914894,0.6595744680851063,0.05538248860680598,5,0.6782750582750583,0.03727505237138735,0.641958041958042,0.7242424242424242,0.6643356643356644,0.05495565835220693,5,0.6775733128362906,0.03833455390518606,0.6434329065908013,0.725049725049725,0.6570907432740538,0.056576245225360755,5,0.6867453645115019,0.03781059712502351,0.6563461557862453,0.7335135633007973,0.6620581928961589,0.055057666318460076,5,0.6795027999002888,0.03793596340370716,0.6474576271186441,0.7260338345864662,0.6595744680851063,0.05582900233711169,5,0.6782750582750583,0.03727505237138735,0.641958041958042,0.7242424242424242,0.6643356643356644,0.05495565835220693
minecraft,mlp,150,17,5,0.6116279069767442,0.04397132651439309,0.5697674418604651,0.6744186046511628,0.5930232558139535,0.07189228289425487,5,0.617621385706492,0.0427387473099572,0.5780141843971631,0.6781232951445717,0.5971085651936716,0.06919894339647695,5,0.6114217763323272,0.04407052144119203,0.5692432651956139,0.6742424242424242,0.5929682217714672,0.07207875667359008,5,0.6111120090044638,0.04470772726292063,0.5678454607560107,0.6749471458773784,0.5934084941113574,0.07315799166793018,5,0.6179417231723262,0.04200341895895299,0.5794444444444444,0.6769647696476965,0.5967391304347827,0.06797310714563845,5,0.617621385706492,0.0427387473099572,0.5780141843971631,0.6781232951445717,0.5971085651936716,0.06919894339647695
minecraft,mlp,150,18,5,0.4041237113402062,0.04517299443341576,0.35051546391752575,0.4742268041237113,0.3917525773195876,0.11178011377656451,5,0.47652519893899203,0.04281381527277914,0.42749778956675505,0.5435455349248453,0.47038019451812557,0.08984585782264255,5,0.35363027966379035,0.05803342247896961,0.28181925020566456,0.4399411298539567,0.3520887580663421,0.16410761695560735,5,0.31842296088751165,0.06436110098383137,0.23831164818815254,0.412798304390401,0.3206882344908561,0.20212456037857152,5,0.43528633967658353,0.10333934833403832,0.29292929292929293,0.5800813008130081,0.4223577235772358,0.2374054476665157,5,0.47652519893899203,0.04281381527277914,0.42749778956675505,0.5435455349248453,0.47038019451812557,0.08984585782264255
minecraft,mlp,150,19,5,0.4040816326530612,0.015475256008268488,0.37755102040816324,0.41836734693877553,0.40816326530612246,0.03829735072753313,5,0.4807475010864842,0.02437243296448085,0.4395914819643633,0.5039113428943938,0.4867448935245545,0.05069695195377909,5,0.3534327875603502,0.006686845397739009,0.3469669117647059,0.3633512544802867,0.35369663311350225,0.01891970873414567,5,0.3168129443250917,0.008496338693268948,0.30616934273709484,0.32888047692195155,0.31797862001943633,0.026818155146308,5,0.4643714402701173,0.03918212421882554,0.40347222222222223,0.5125,0.4681295715778474,0.0843766881874431,5,0.4807475010864842,0.02437243296448085,0.4395914819643633,0.5039113428943938,0.4867448935245545,0.05069695195377909
minecraft,mlp,150,2,5,0.5364705882352941,0.04822094478098634,0.49411764705882355,0.5882352941176471,0.5176470588235295,0.0898855330347333,5,0.5132107023411372,0.04680473919960455,0.46432552954292083,0.5649386845039019,0.4958193979933111,0.09119985024882216,5,0.4788674552115297,0.05475837079362355,0.39775910364145656,0.5381151995031828,0.47036661353427034,0.11434974374993846,5,0.4928442856427771,0.05267616180988294,0.41759762728620864,0.5506452231567988,0.4812625187500561,0.10688195713009366,5,0.5210752629984918,0.0792558734420187,0.4269406392694064,0.6101609657947686,0.49423076923076925,0.15210062551414594,5,0.5132107023411372,0.04680473919960455,0.46432552954292083,0.5649386845039019,0.4958193979933111,0.09119985024882216
minecraft,mlp,150,20,5,0.6370370370370371,0.059592683388381085,0.5679012345679012,0.7037037037037037,0.6666666666666666,0.0935466541561796,5,0.6296703296703297,0.06108340054254643,0.554945054945055,0.6978021978021978,0.6584249084249084,0.09700854187385209,5,0.6132349023703215,0.07736129731192898,0.49920508744038156,0.6931818181818181,0.6450251582535302,0.1261527956300372,5,0.6165490334551563,0.07573974892487068,0.5060747021531335,0.6952861952861952,0.6482713845155007,0.1228446478951126,5,0.6578121975125641,0.06070927764208151,0.5803225806451613,0.7222222222222222,0.6778975741239892,0.09228968065907894,5,0.6296703296703297,0.06108340054254643,0.554945054945055,0.6978021978021978,0.6584249084249084,0.09700854187385209
minecraft,mlp,150,21,5,0.437037037037037,0.04240880009214239,0.3950617283950617,0.49382716049382713,0.4444444444444444,0.09703708495659699,5,0.44322344322344326,0.04322014484217657,0.3983516483516484,0.5,0.45054945054945056,0.09751321935466283,5,0.42287279323691324,0.041353233693929695,0.37643362136685,0.48246844319775595,0.4317602040816326,0.09779119005833432,5,0.41966599772065993,0.04137005265362813,0.3724418841465189,0.4796287638737382,0.42734315948601664,0.0985785192946822,5,0.43615484750654243,0.0469725391506142,0.38535714285714284,0.5,0.4444444444444444,0.10769693245220575,5,0.44322344322344326,0.04322014484217657,0.3983516483516484,0.5,0.45054945054945056,0.09751321935466283
minecraft,mlp,150,22,5,0.5978494623655914,0.07237126309876918,0.4838709677419355,0.6774193548387096,0.6236559139784946,0.1210526523054952,5,0.5831908831908832,0.07045056102004715,0.4772079772079772,0.6688034188034189,0.5868945868945868,0.12080189017116048,5,0.5816161671272846,0.07060973392046713,0.47654784240150094,0.6688034188034189,0.5799457994579946,0.12140263271776358,5,0.5939758158577023,0.07015299674749825,0.48653392241118437,0.6774193548387096,0.6018008567182446,0.11810749676095345,5,0.5879579086952267,0.07125485782235763,0.4776744186046512,0.6688034188034189,0.6105072463768115,0.12119040626646836,5,0.5831908831908832,0.07045056102004715,0.4772079772079772,0.6688034188034189,0.5868945868945868,0.12080189017116048
minecraft,mlp,150,23,5,0.5214285714285715,0.06542205554301944,0.4523809523809524,0.6071428571428571,0.5,0.12546695583592768,5,0.5085470085470085,0.06459073377746695,0.441025641025641,0.5974358974358974,0.49230769230769234,0.1270103504531703,5,0.4956239238170184,0.06503593183702071,0.43176470588235294,0.5942028985507246,0.48958333333333337,0.13122032394269897,5,0.5034316602895339,0.06416298340245047,0.4394957983193278,0.5993788819875776,0.4947916666666667,0.12745122816778948,5,0.5129161815592436,0.07535649086767922,0.4351097178683385,0.6055555555555556,0.4919786096256684,0.1469177490922565,5,0.5085470085470085,0.06459073377746695,0.441025641025641,0.5974358974358974,0.49230769230769234,0.1270103504531703
minecraft,mlp,150,24,5,0.73125,0.09270248108869579,0.59375,0.84375,0.71875,0.12677262371103698,5,0.73125,0.09270248108869579,0.59375,0.84375,0.71875,0.12677262371103698,5,0.42102725316872347,0.031680279388414376,0.37254901960784315,0.4576271186440678,0.41818181818181815,0.07524519885585351,5,0.8420545063374469,0.06336055877682875,0.7450980392156863,0.9152542372881356,0.8363636363636363,0.07524519885585351,5,0.5,0.0,0.5,0.5,0.5,0.0,5,0.365625,0.046351240544347895,0.296875,0.421875,0.359375,0.12677262371103698
minecraft,mlp,150,25,5,0.6891304347826087,0.0396403968017619,0.6413043478260869,0.75,0.6847826086956522,0.05752234236217815,5,0.6970004837929367,0.034989218323312025,0.6615868408321238,0.7525399129172714,0.689163038219642,0.05019970450078847,5,0.6875916750572398,0.03910231772580222,0.6409225310467179,0.7475843969939162,0.6829471182412359,0.05686851534749469,5,0.6899940865003127,0.04066192701035187,0.6391407194096624,0.7513420016700465,0.6866180991500684,0.0589308340548125,5,0.694285602900031,0.03254891239514387,0.6656746031746033,0.7471590909090908,0.6847826086956522,0.046881157061571,5,0.6970004837929367,0.034989218323312025,0.6615868408321238,0.7525399129172714,0.689163038219642,0.05019970450078847
minecraft,mlp,150,26,5,0.6048780487804878,0.025288343113814317,0.573170731707317,0.6341463414634146,0.6097560975609756,0.04180734143816077,5,0.6151460942158616,0.024204867717832524,0.584675014907573,0.6416219439475253,0.6195587358378056,0.03934816126677505,5,0.5909183235471142,0.029644283706340032,0.554001554001554,0.6286231884057971,0.5980392156862745,0.05016646552503881,5,0.5872853220814315,0.030434495046548833,0.5494911592472568,0.6264139271827501,0.5946915351506457,0.051822332182054544,5,0.6383017609998201,0.02535088969590601,0.6075757575757575,0.6696969696969697,0.6407017543859649,0.039716151896866156,5,0.6151460942158616,0.024204867717832524,0.584675014907573,0.6416219439475253,0.6195587358378056,0.03934816126677505
minecraft,mlp,150,27,5,0.36904761904761907,0.03857583749052296,0.32142857142857145,0.42857142857142855,0.36904761904761907,0.10452807578077188,5,0.3899145299145299,0.039061792765166095,0.34102564102564104,0.4495726495726496,0.38888888888888884,0.1001803979290757,5,0.3214380148227375,0.04072173640882719,0.2761904761904762,0.386488131466829,0.3097991479001826,0.1266861246367636,5,0.30862818346254073,0.04149201497461096,0.26326530612244897,0.37501086862011995,0.296887227197635,0.13444013605337826,5,0.32842602622233874,0.05831977643200295,0.26515151515151514,0.42230026338893767,0.3116769095697981,0.17757355317669457,5,0.3899145299145299,0.039061792765166095,0.34102564102564104,0.4495726495726496,0.38888888888888884,0.1001803979290757
minecraft,mlp,150,28,5,0.46976744186046515,0.05174091967741159,0.4069767441860465,0.5465116279069767,0.47674418604651164,0.11014156168953951,5,0.5057283142389525,0.051466713755543465,0.4421713038734315,0.5807419530823786,0.5081833060556464,0.10176751490173806,5,0.39873351528577206,0.06512540491100434,0.3308924485125858,0.4969251537423129,0.37287311618862423,0.1633306517119059,5,0.3796335695362133,0.06838850983732614,0.30990367729232077,0.48223286510093105,0.3491311573639642,0.18014347340482637,5,0.5183565389823412,0.12288470562749099,0.3605263157894737,0.6666666666666667,0.5148809523809523,0.2370659891138699,5,0.5057283142389525,0.051466713755543465,0.4421713038734315,0.5807419530823786,0.5081833060556464,0.10176751490173806
minecraft,mlp,150,29,5,0.4395348837209302,0.08481201176190918,0.3372093023255814,0.5232558139534884,0.47674418604651164,0.19295854527841774,5,0.456683033278778,0.0805191851780731,0.3587015821058374,0.5398254228041462,0.48636115657392254,0.17631306466540198,5,0.42453286725404726,0.09762588267292588,0.31025749261291685,0.5153264604810996,0.47496947496947495,0.22996071730414452,5,0.4165270887267205,0.1021940275378221,0.2975742880422512,0.509559657955726,0.4721299372462164,0.2453478544461982,5,0.4403463467313619,0.1052363151123546,0.31605113636363635,0.5449507389162561,0.4858597285067873,0.23898532574077458,5,0.456683033278778,0.0805191851780731,0.3587015821058374,0.5398254228041462,0.48636115657392254,0.17631306466540198
minecraft,mlp,150,3,5,0.7019607843137254,0.013153341044116421,0.6862745098039216,0.7156862745098039,0.696078431372549,0.01873799981145077,5,0.7245421245421245,0.01722650558165217,0.7002442002442002,0.7454212454212454,0.725885225885226,0.023775712961532067,5,0.6994388205188015,0.01299020870387982,0.6857912976511359,0.715001445225937,0.6960492165721426,0.018572330163550928,5,0.7046994800850525,0.013683790196356883,0.6886905705678498,0.719658610879623,0.700109221407396,0.019417908744171833,5,0.71634265186777,0.018739168744367075,0.6898148148148149,0.7362852664576802,0.7134615384615384,0.02615950438733075,5,0.7245421245421245,0.01722650558165217,0.7002442002442002,0.7454212454212454,0.725885225885226,0.023775712961532067
minecraft,mlp,150,30,5,0.5463414634146342,0.0859734474732418,0.45121951219512196,0.6585365853658537,0.524390243902439,0.1573621136787015,5,0.5521765056648777,0.08884138108338632,0.4588550983899821,0.667262969588551,0.5274299344066786,0.16089308431624066,5,0.5393746730865232,0.08391797111266056,0.441163107678328,0.651063829787234,0.5237527922561429,0.1555838182620765,5,0.5374471838545066,0.08339996044962344,0.4375062333085848,0.6485729112610276,0.5229028567277483,0.1551779653053328,5,0.5613682329259612,0.102653961398391,0.45436507936507936,0.6888888888888889,0.5277777777777778,0.18286385900986676,5,0.5521765056648777,0.08884138108338632,0.4588550983899821,0.667262969588551,0.5274299344066786,0.16089308431624066
minecraft,mlp,150,31,5,0.6458715596330276,0.07470166233329278,0.5596330275229358,0.7339449541284404,0.6422018348623854,0.11566024423762661,5,0.6493406593406593,0.06418657498556804,0.5946886446886447,0.7474358974358974,0.6192307692307693,0.09884884622925523,5,0.6329581926132846,0.06959544894398716,0.5587044534412955,0.726486112312884,0.6169234928359015,0.10995267895443381,5,0.6500603045118462,0.07333490209911686,0.564461612747465,0.7393318954396755,0.6449102286509371,0.1128124599981331,5,0.6422461545768997,0.05974581681511872,0.5903846153846154,0.7279014844804319,0.6156716417910448,0.09302635195142304,5,0.6493406593406593,0.06418657498556804,0.5946886446886447,0.7474358974358974,0.6192307692307693,0.09884884622925523
minecraft,mlp,150,32,5,0.65,0.04341567268764396,0.5833333333333334,0.6904761904761905,0.6666666666666666,0.06679334259637532,5,0.6658119658119658,0.04340921221207,0.6008547008547008,0.705982905982906,0.6820512820512821,0.0651974047344312,5,0.6387343176220932,0.04588219980500582,0.5655386434165804,0.6816326530612244,0.6571428571428571,0.07183299619130844,5,0.6342324486490364,0.04668109699115106,0.5592581646224324,0.6778425655976676,0.653061224489796,0.07360250502885081,5,0.7010214296365198,0.05380854343997366,0.6297653958944281,0.7529325513196481,0.7166101694915255,0.07675734459055472,5,0.6658119658119658,0.04340921221207,0.6008547008547008,0.705982905982906,0.6820512820512821,0.0651974047344312
minecraft,mlp,150,33,5,0.8681818181818182,0.03647001485427545,0.8181818181818182,0.9204545454545454,0.8636363636363636,0.04200734695256858,5,0.8580847723704867,0.04137462169092836,0.8027210884353742,0.9181057038199896,0.8540031397174255,0.04821740581251622,5,0.8627827543179241,0.03963028689741508,0.8082788671023965,0.9191919191919191,0.858974358974359,0.04593310042311282,5,0.8658268262850737,0.038246726724008105,0.8132303426421074,0.9203397612488522,0.8618881118881118,0.04417364484779242,5,0.880541303926799,0.029762117965446203,0.8381063705435419,0.9205263157894736,0.8818082788671024,0.033799797729784156,5,0.8580847723704867,0.04137462169092836,0.8027210884353742,0.9181057038199896,0.8540031397174255,0.04821740581251622
minecraft,mlp,150,34,5,0.5806451612903226,0.08082417407727373,0.5053763440860215,0.7096774193548387,0.5591397849462365,0.1391971886886381,5,0.6061253561253561,0.06227002314779108,0.5491452991452992,0.7037037037037037,0.5847578347578348,0.10273456227908187,5,0.573292157178722,0.08389129427365978,0.4882775119617225,0.7029456997515675,0.557297109021247,0.1463325343338108,5,0.5677885405166443,0.09220609001834683,0.4731903071461646,0.7101582564693582,0.5526904192087729,0.1623951232521289,5,0.6146779102319696,0.05594577272652493,0.5662612035851472,0.7023584905660378,0.5901515151515152,0.09101640354281137,5,0.6061253561253561,0.06227002314779108,0.5491452991452992,0.7037037037037037,0.5847578347578348,0.10273456227908187
minecraft,mlp,150,35,5,0.676923076923077,0.06175176707072973,0.6025641025641025,0.7435897435897436,0.6794871794871795,0.0912242013544871,5,0.676923076923077,0.061751767070729754,0.6025641025641025,0.7435897435897436,0.6794871794871795,0.09122420135448714,5,0.6680426886264076,0.06520998677286216,0.5972013993003498,0.7408637873754154,0.6671786994367639,0.09761350267442238,5,0.6680426886264076,0.06520998677286216,0.5972013993003498,0.7408637873754154,0.6671786994367639,0.09761350267442238,5,0.696452924842767,0.06267610972921203,0.6083333333333334,0.7542896362388469,0.7106481481481481,0.08999331827540526,5,0.676923076923077,0.061751767070729754,0.6025641025641025,0.7435897435897436,0.6794871794871795,0.09122420135448714
minecraft,mlp,150,36,5,0.506,0.03507135583350037,0.45,0.54,0.51,0.0693109799081035,5,0.5664144598570828,0.024821255630948683,0.5260613703236654,0.5905842791088692,0.5762925598991173,0.043821719588888246,5,0.4918725762049004,0.04685747467680866,0.41927990708478513,0.5353535353535354,0.5039983804028747,0.09526344208563713,5,0.4745880270908355,0.055808388917421035,0.3898954703832753,0.5251313131313131,0.4919951412086243,0.11759333512798331,5,0.5879882917324678,0.031322329682207696,0.5461309523809523,0.628632175761871,0.588095238095238,0.05327032888685346,5,0.5664144598570828,0.024821255630948683,0.5260613703236654,0.5905842791088692,0.5762925598991173,0.043821719588888246
minecraft,mlp,150,37,5,0.5544554455445545,0.08074013084306976,0.45544554455445546,0.6435643564356436,0.5544554455445545,0.1456205931276794,5,0.575268817204301,0.04990766650504601,0.499379652605459,0.619313482216708,0.5847808105872622,0.08675538289662205,5,0.5449427381315513,0.0751401444895549,0.4520074972871658,0.6203007518796992,0.5544554455445545,0.1378863121420581,5,0.5469644073822973,0.09031050920084202,0.44212311139370825,0.641703268071168,0.5544554455445545,0.1651122229928209,5,0.5778294130211575,0.04852652203086785,0.4993087557603687,0.6218327702702703,0.5847808105872622,0.08398070596155517,5,0.575268817204301,0.04990766650504601,0.499379652605459,0.619313482216708,0.5847808105872622,0.08675538289662205
minecraft,mlp,150,38,5,0.6391752577319587,0.040587669453669144,0.5773195876288659,0.6907216494845361,0.6391752577319587,0.06350006350009528,5,0.651237842617153,0.03576170860420798,0.5919540229885057,0.6867816091954022,0.6562776304155615,0.05491343755530408,5,0.6364489591815201,0.038227069579032144,0.5765995954434153,0.6831445993031359,0.6390217969165337,0.06006305616116106,5,0.640922262231042,0.04045752877128438,0.580019558324306,0.6927421961995761,0.6414801107646515,0.06312392493662532,5,0.6484880853144089,0.03593156917359706,0.5895779500430663,0.6819552110249785,0.6522394487510768,0.05540821795696712,5,0.651237842617153,0.03576170860420798,0.5919540229885057,0.6867816091954022,0.6562776304155615,0.05491343755530408
minecraft,mlp,150,39,5,0.9142857142857143,0.10690449676496973,0.7714285714285715,1.0,0.9714285714285714,0.11692679333668564,5,0.9142857142857143,0.10690449676496973,0.7714285714285715,1.0,0.9714285714285714,0.11692679333668564,5,0.6762724988312295,0.2962482646726279,0.43548387096774194,1.0,0.4927536231884058,0.4380604936392062,5,0.9525449976624591,0.059976119819746314,0.8709677419354839,1.0,0.9855072463768116,0.06296408040242447,5,0.7,0.27386127875258304,0.5,1.0,0.5,0.3912303982179758,5,0.6571428571428571,0.31509635714446826,0.38571428571428573,1.0,0.4857142857142857,0.4794944565241908
minecraft,mlp,150,4,5,0.3888888888888889,0.05152010275275392,0.3,0.43333333333333335,0.4,0.13248026422136722,5,0.4076923076923077,0.05437348202606406,0.31598793363499245,0.45776772247360487,0.42533936651583715,0.13336891817713828,5,0.3829565224015112,0.05043428953101702,0.29573965966960625,0.42473994234866524,0.4,0.13169716816610094,5,0.37586273422015,0.05061850375660229,0.288436219103217,0.4153653340017546,0.3972315750093528,0.1346728450257962,5,0.399870571813335,0.05689898398907332,0.30280172413793105,0.45161290322580644,0.4126984126984127,0.1422935019475115,5,0.4076923076923077,0.05437348202606406,0.31598793363499245,0.45776772247360487,0.42533936651583715,0.13336891817713828
minecraft,mlp,150,5,5,0.5075,0.04011701633970302,0.475,0.575,0.4875,0.07904830805852812,5,0.5087554721701063,0.04328149886558787,0.4715447154471545,0.5822388993120701,0.4912445278298937,0.08507328418693916,5,0.4947597165139914,0.02987881910354474,0.4629156010230179,0.5402298850574713,0.48677828195900485,0.060390565574066475,5,0.4943527170316845,0.028613756393255373,0.4649296675191815,0.5370689655172414,0.4862971365983414,0.05788125645402579,5,0.5162912124499346,0.06128831746442273,0.46923597025016905,0.6227824463118581,0.4903846153846154,0.11870881391452297,5,0.5087554721701063,0.04328149886558787,0.4715447154471545,0.5822388993120701,0.4912445278298937,0.08507328418693916
minecraft,mlp,150,6,5,0.7222222222222222,0.09001028747788695,0.6111111111111112,0.8055555555555556,0.7777777777777778,0.12462962881553577,5,0.7222222222222222,0.09001028747788695,0.6111111111111112,0.8055555555555556,0.7777777777777778,0.12462962881553577,5,0.41805893989120174,0.03099811024022985,0.3793103448275862,0.4461538461538462,0.4375,0.07414770330780868,5,0.8361178797824035,0.06199622048045967,0.7586206896551724,0.8923076923076922,0.875,0.07414770330780865,5,0.5,0.0,0.5,0.5,0.5,0.0,5,0.3611111111111111,0.04500514373894347,0.3055555555555556,0.4027777777777778,0.3888888888888889,0.12462962881553577
minecraft,mlp,150,7,5,0.3340659340659341,0.045706888666121805,0.2967032967032967,0.4065934065934066,0.3076923076923077,0.1368199627834567,5,0.3820512820512821,0.048098285852061703,0.34294871794871795,0.4551282051282051,0.3557692307692308,0.12589484216311453,5,0.27618055024246624,0.04776481948949403,0.2392894461859979,0.3581504702194357,0.26471719892266254,0.17294780333937357,5,0.2470871530614132,0.049834391909809324,0.20943424391700252,0.33296014330497087,0.23833394623260493,0.20168750698836635,5,0.26668049810087113,0.08610018727474372,0.20454545454545453,0.4155844155844156,0.244579945799458,0.3228589562712478,5,0.3820512820512821,0.048098285852061703,0.34294871794871795,0.4551282051282051,0.3557692307692308,0.12589484216311453
minecraft,mlp,150,8,5,0.6897435897435897,0.06747537111251677,0.6025641025641025,0.7692307692307693,0.7051282051282052,0.09782674622260795,5,0.6897435897435897,0.06747537111251674,0.6025641025641026,0.7692307692307692,0.7051282051282052,0.09782674622260791,5,0.6894007391793698,0.06742010113359845,0.6024987670557291,0.7690789473684211,0.7039115365571876,0.09779522605945007,5,0.6894007391793697,0.06742010113359845,0.6024987670557291,0.7690789473684211,0.7039115365571876,0.09779522605945008,5,0.6906893897494593,0.0678278013332641,0.6026315789473684,0.7699406723796968,0.7085561497326203,0.09820304516023906,5,0.6897435897435897,0.06747537111251674,0.6025641025641026,0.7692307692307692,0.7051282051282052,0.09782674622260791
minecraft,mlp,150,9,5,0.6615384615384615,0.07428766497211242,0.5384615384615384,0.7362637362637363,0.6813186813186813,0.11229530751598389,5,0.658974358974359,0.07300378706414325,0.5416666666666667,0.7403846153846154,0.6634615384615384,0.11078395702340804,5,0.6562668603635675,0.07319492846200544,0.5370639534883721,0.7346938775510203,0.6651440172566934,0.11153226359998726,5,0.6616201563831203,0.07346319286234998,0.5406976744186046,0.7376093294460642,0.6756575488969856,0.11103530047202809,5,0.6592360904701908,0.07224342578768407,0.5408607350096712,0.7355072463768115,0.675582627118644,0.10958657578373397,5,0.658974358974359,0.07300378706414325,0.5416666666666667,0.7403846153846154,0.6634615384615384,0.11078395702340804
minecraft,mlp,200,0,5,0.90625,0.038273277230987154,0.84375,0.9375,0.90625,0.04223258177212376,5,0.90625,0.038273277230987154,0.84375,0.9375,0.90625,0.04223258177212376,5,0.4752377452518172,0.010715158201605084,0.4576271186440678,0.4838709677419355,0.47540983606557374,0.022546942680083996,5,0.9504754905036344,0.021430316403210168,0.9152542372881356,0.967741935483871,0.9508196721311475,0.022546942680083996,5,0.5,0.0,0.5,0.5,0.5,0.0,5,0.453125,0.019136638615493577,0.421875,0.46875,0.453125,0.04223258177212376
minecraft,mlp,200,1,5,0.9351351351351351,0.09085262872417088,0.7837837837837838,1.0,0.972972972972973,0.09715454516746597,5,0.9351351351351351,0.09085262872417088,0.7837837837837838,1.0,0.972972972972973,0.09715454516746597,5,0.6822835727524132,0.29070166977249795,0.4393939393939394,1.0,0.4931506849315068,0.42607162385541947,5,0.9645671455048264,0.0509606587369139,0.8787878787878788,1.0,0.9863013698630138,0.05283267108402554,5,0.7,0.27386127875258304,0.5,1.0,0.5,0.3912303982179758,5,0.6675675675675675,0.3054173640327924,0.3918918918918919,1.0,0.4864864864864865,0.45750779227584293
minecraft,mlp,200,10,5,0.7705882352941177,0.10886326778424554,0.6176470588235294,0.9117647058823529,0.7647058823529411,0.14127294292612017,5,0.7705882352941177,0.10886326778424554,0.6176470588235294,0.9117647058823529,0.7647058823529411,0.14127294292612017,5,0.43348326177194413,0.035285101901185834,0.38181818181818183,0.47692307692307695,0.43333333333333335,0.0813989951006444,5,0.8669665235438883,0.07057020380237164,0.7636363636363637,0.9538461538461538,0.8666666666666667,0.08139899510064437,5,0.5,0.0,0.5,0.5,0.5,0.0,5,0.38529411764705884,0.05443163389212277,0.3088235294117647,0.45588235294117646,0.38235294117647056,0.14127294292612017
minecraft,mlp,200,11,5,0.575,0.07180703308172537,0.475,0.6625,0.5875,0.12488179666387021,5,0.5794871794871794,0.07086757583570193,0.4815509693558474,0.66635397123202,0.5888055034396498,0.1222936043182467,5,0.5595474991082637,0.08224258421502847,0.43999999999999995,0.6559961777353083,0.5869191049913942,0.1469805232729953,5,0.5576529614420982,0.08317745048920538,0.43649999999999994,0.6548136645962733,0.5865318416523235,0.14915629655064927,5,0.5891200311974018,0.0819269104593117,0.4745470232959448,0.6826923076923077,0.5896464646464648,0.13906658426262156,5,0.5794871794871794,0.07086757583570193,0.4815509693558474,0.66635397123202,0.5888055034396498,0.1222936043182467
minecraft,mlp,200,12,5,0.45789473684210524,0.15185829522372113,0.3157894736842105,0.7105263157894737,0.39473684210526316,0.331644552787437,5,0.45789473684210524,0.15185829522372113,0.3157894736842105,0.7105263157894737,0.39473684210526316,0.331644552787437,5,0.3085701845324487,0.06629907714186739,0.24,0.4153846153846154,0.2830188679245283,0.21485898659433017,5,0.6171403690648974,0.13259815428373478,0.48,0.8307692307692308,0.5660377358490566,0.21485898659433017,5,0.5,0.0,0.5,0.5,0.5,0.0,5,0.22894736842105262,0.07592914761186056,0.15789473684210525,0.35526315789473684,0.19736842105263158,0.331644552787437
minecraft,mlp,200,13,5,0.6051282051282051,0.03440104580768907,0.5512820512820513,0.6410256410256411,0.6025641025641025,0.05684918586863871,5,0.6051282051282051,0.03440104580768904,0.5512820512820513,0.641025641025641,0.6025641025641026,0.05684918586863867,5,0.5987823660089495,0.029268936314693853,0.5512082853855005,0.6290760869565217,0.6024987670557291,0.04888075864655038,5,0.5987823660089495,0.029268936314693836,0.5512082853855005,0.6290760869565217,0.6024987670557291,0.04888075864655035,5,0.6149260914340358,0.043900645469020116,0.5513157894736842,0.6618867924528302,0.6083333333333334,0.07139174297620354,5,0.6051282051282051,0.03440104580768904,0.5512820512820513,0.641025641025641,0.6025641025641026,0.05684918586863867
minecraft,mlp,200,14,5,0.7105882352941176,0.02293363375249169,0.6823529411764706,0.7411764705882353,0.7176470588235294,0.032274153459632346,5,0.7033444816053512,0.024279985659591316,0.6733556298773691,0.7355072463768115,0.7079152731326644,0.03452075944944272,5,0.7040144074130303,0.02464960556171642,0.673495518565941,0.7367680180180181,0.7085714285714286,0.03501292772159849,5,0.707595257448537,0.02398748678848175,0.6779242298712058,0.7395733969263382,0.7128067226890756,0.033900010685453674,5,0.7116388372097441,0.02301561727831739,0.6833726415094339,0.7414285714285714,0.7159346846846847,0.03234171053474124,5,0.7033444816053512,0.024279985659591316,0.6733556298773691,0.7355072463768115,0.7079152731326644,0.03452075944944272
minecraft,mlp,200,15,5,0.8941176470588236,0.06098953339214037,0.8235294117647058,0.9705882352941176,0.8823529411764706,0.06821197813594645,5,0.8941176470588236,0.06098953339214037,0.8235294117647058,0.9705882352941176,0.8823529411764706,0.06821197813594645,5,0.4716132323649175,0.016946937837239173,0.45161290322580644,0.4925373134328358,0.46875,0.03593397443972954,5,0.943226464729835,0.033893875674478345,0.9032258064516129,0.9850746268656716,0.9375,0.03593397443972954,5,0.5,0.0,0.5,0.5,0.5,0.0,5,0.4470588235294118,0.030494766696070184,0.4117647058823529,0.4852941176470588,0.4411764705882353,0.06821197813594645
minecraft,mlp,200,16,5,0.6375,0.08477912478906585,0.4875,0.6875,0.6625,0.13298686241422095,5,0.6388367729831145,0.08507729672551727,0.4881175734834271,0.6901188242651657,0.6651031894934334,0.13317532791395215,5,0.6359711862957413,0.08399132250646854,0.4874199093608376,0.6862745098039216,0.6611764705882353,0.13206781111528318,5,0.6356447378585766,0.08394367051720177,0.48725972808251294,0.6867647058823529,0.6606470588235295,0.13206067087096415,5,0.6428353571336308,0.08734235024406005,0.4880952380952381,0.6979166666666667,0.671875,0.13587048265906687,5,0.6388367729831145,0.08507729672551727,0.4881175734834271,0.6901188242651657,0.6651031894934334,0.13317532791395215
minecraft,mlp,200,17,5,0.5485714285714286,0.12519372742975227,0.45714285714285713,0.6857142857142857,0.45714285714285713,0.22821773229381923,5,0.5485714285714286,0.12519372742975227,0.45714285714285713,0.6857142857142857,0.45714285714285713,0.22821773229381923,5,0.3509471585244267,0.05096786842852993,0.3137254901960784,0.4067796610169492,0.3137254901960784,0.14522946600515774,5,0.7018943170488534,0.10193573685705987,0.6274509803921569,0.8135593220338984,0.6274509803921569,0.14522946600515774,5,0.5,0.0,0.5,0.5,0.5,0.0,5,0.2742857142857143,0.06259686371487613,0.22857142857142856,0.34285714285714286,0.22857142857142856,0.22821773229381923
minecraft,mlp,200,18,5,0.4337349397590361,0.025558076428429412,0.39759036144578314,0.4578313253012048,0.43373493975903615,0.05892556509887893,5,0.45658508158508154,0.024377335235583896,0.4230769230769231,0.48280885780885785,0.4557109557109557,0.05339056447257431,5,0.35166064207392955,0.044877845013720725,0.28448275862068967,0.40836369396483446,0.361015561015561,0.12761691143214732,5,0.3378437461776977,0.04722167196395942,0.26734524304113005,0.398057937436424,0.34802995766851186,0.13977370455489194,5,0.3786655165004544,0.0986401009147051,0.21428571428571427,0.4612745098039216,0.40404040404040403,0.260494015473909,5,0.45658508158508154,0.024377335235583896,0.4230769230769231,0.48280885780885785,0.4557109557109557,0.05339056447257431
minecraft,mlp,200,19,5,0.47857142857142854,0.02580890879604619,0.44047619047619047,0.5,0.4880952380952381,0.05392906315591742,5,0.5017094017094017,0.025086598498186598,0.46410256410256406,0.5213675213675213,0.5136752136752136,0.05000224913607891,5,0.4307576376688222,0.03332697035050117,0.38609858497900795,0.46317711503347536,0.42911332385016593,0.07736826334841175,5,0.4190099962855062,0.03472153190226179,0.3730479596596841,0.453134510042605,0.41600623179570545,0.08286564093951386,5,0.5015821452959293,0.04335566541527856,0.4357142857142857,0.5329236172080772,0.5277777777777778,0.08643781646114831,5,0.5017094017094017,0.025086598498186598,0.46410256410256406,0.5213675213675213,0.5136752136752136,0.05000224913607891
minecraft,mlp,200,2,5,0.6799999999999999,0.0711422834170785,0.5714285714285714,0.7428571428571429,0.6857142857142857,0.10462100502511544,5,0.6799999999999999,0.0711422834170785,0.5714285714285714,0.7428571428571429,0.6857142857142857,0.10462100502511544,5,0.4038853530369373,0.025887558879160433,0.36363636363636365,0.4262295081967213,0.4067796610169492,0.06409630526213435,5,0.8077707060738746,0.05177511775832087,0.7272727272727273,0.8524590163934426,0.8135593220338984,0.06409630526213435,5,0.5,0.0,0.5,0.5,0.5,0.0,5,0.33999999999999997,0.03557114170853925,0.2857142857142857,0.37142857142857144,0.34285714285714286,0.10462100502511544
minecraft,mlp,200,20,5,0.9375,0.03125,0.90625,0.96875,0.9375,0.03333333333333333,5,0.9375,0.03125,0.90625,0.96875,0.9375,0.03333333333333333,5,0.4837635248000134,0.008327044614976117,0.47540983606557374,0.49206349206349204,0.4838709677419355,0.017213047673278997,5,0.9675270496000268,0.016654089229952235,0.9508196721311475,0.9841269841269841,0.967741935483871,0.017213047673278997,5,0.5,0.0,0.5,0.5,0.5,0.0,5,0.46875,0.015625,0.453125,0.484375,0.46875,0.03333333333333333
minecraft,mlp,200,21,5,0.4580645161290322,0.11719936854570935,0.25806451612903225,0.5483870967741935,0.5161290322580645,0.25585777640260493,5,0.4580645161290322,0.11719936854570935,0.25806451612903225,0.5483870967741935,0.5161290322580645,0.25585777640260493,5,0.310251409347154,0.06082995216849743,0.20512820512820512,0.3541666666666667,0.3404255319148936,0.19606664252226527,5,0.620502818694308,0.12165990433699486,0.41025641025641024,0.7083333333333334,0.6808510638297872,0.19606664252226527,5,0.5,0.0,0.5,0.5,0.5,0.0,5,0.2290322580645161,0.058599684272854675,0.12903225806451613,0.27419354838709675,0.25806451612903225,0.25585777640260493
minecraft,mlp,200,22,5,0.5549999999999999,0.05902859476558799,0.5,0.65,0.55,0.10635782840646486,5,0.5520950594121325,0.058248117946857705,0.4978111319574734,0.6454033771106942,0.5503439649781113,0.10550378409268858,5,0.5452405341190723,0.056563871203639156,0.4949494949494949,0.6354166666666667,0.5465587044534412,0.10374113380075016,5,0.5466895807033285,0.05661567847382383,0.4962121212121212,0.6372395833333334,0.5486842105263158,0.10356092464938965,5,0.5586065932568267,0.06789289616881483,0.4977433913604126,0.6690909090909091,0.5503439649781113,0.12153973295048486,5,0.5520950594121325,0.058248117946857705,0.4978111319574734,0.6454033771106942,0.5503439649781113,0.10550378409268858
minecraft,mlp,200,23,5,0.6352941176470589,0.1419708045429079,0.47058823529411764,0.8235294117647058,0.5882352941176471,0.22347256270642907,5,0.6352941176470589,0.1419708045429079,0.47058823529411764,0.8235294117647058,0.5882352941176471,0.22347256270642907,5,0.3848405306386469,0.05262805543528354,0.32,0.45161290322580644,0.37037037037037035,0.13675289177038272,5,0.7696810612772939,0.10525611087056708,0.64,0.9032258064516129,0.7407407407407407,0.13675289177038272,5,0.5,0.0,0.5,0.5,0.5,0.0,5,0.31764705882352945,0.07098540227145395,0.23529411764705882,0.4117647058823529,0.29411764705882354,0.22347256270642907
minecraft,mlp,200,24,5,0.875,0.08838834764831846,0.75,0.9583333333333334,0.875,0.1010152544552211,5,0.875,0.08838834764831846,0.75,0.9583333333333334,0.875,0.1010152544552211,5,0.46570139080777373,0.02561074691683622,0.42857142857142855,0.48936170212765956,0.4666666666666667,0.05499392405166232,5,0.9314027816155475,0.05122149383367244,0.8571428571428571,0.9787234042553191,0.9333333333333332,0.05499392405166232,5,0.5,0.0,0.5,0.5,0.5,0.0,5,0.4375,0.04419417382415923,0.375,0.4791666666666667,0.4375,0.1010152544552211
minecraft,mlp,200,25,5,0.7341772151898734,0.07326479052398877,0.6582278481012658,0.8354430379746836,0.6962025316455697,0.09979169743784676,5,0.7348717948717949,0.07261415834923599,0.6592948717948718,0.8346153846153846,0.6974358974358974,0.09881200891905804,5,0.7326148136083859,0.07370410596086367,0.6562449637389203,0.8344883158742948,0.6949806949806949,0.10060417096652059,5,0.7324213639167464,0.0738852156662366,0.6559144830118626,0.8346474362243596,0.69473632764772,0.10087801818221548,5,0.7408907956421152,0.0736746052081163,0.6637022397891963,0.8411764705882353,0.7047872340425532,0.09944057294471313,5,0.7348717948717949,0.07261415834923599,0.6592948717948718,0.8346153846153846,0.6974358974358974,0.09881200891905804
minecraft,mlp,200,26,5,0.5,0.03125,0.46875,0.53125,0.5,0.0625,5,0.5,0.03125,0.46875,0.53125,0.5,0.0625,5,0.3331017513388334,0.01389552273501926,0.3191489361702128,0.3469387755102041,0.3333333333333333,0.04171554991581127,5,0.6662035026776668,0.02779104547003852,0.6382978723404256,0.6938775510204082,0.6666666666666666,0.04171554991581127,5,0.5,0.0,0.5,0.5,0.5,0.0,5,0.25,0.015625,0.234375,0.265625,0.25,0.0625
minecraft,mlp,200,27,5,0.17058823529411765,0.10886326778424557,0.029411764705882353,0.3235294117647059,0.17647058823529413,0.6381639835628189,5,0.17058823529411765,0.10886326778424557,0.029411764705882353,0.3235294117647059,0.17647058823529413,0.6381639835628189,5,0.1398021476455366,0.0799622704971199,0.02857142857142857,0.24444444444444444,0.15,0.5719673970950818,5,0.2796042952910732,0.15992454099423978,0.05714285714285714,0.4888888888888888,0.3,0.5719673970950817,5,0.5,0.0,0.5,0.5,0.5,0.0,5,0.08529411764705883,0.054431633892122785,0.014705882352941176,0.16176470588235295,0.08823529411764706,0.6381639835628189
minecraft,mlp,200,28,5,0.17142857142857143,0.10101525445522107,0.05714285714285714,0.2857142857142857,0.17142857142857143,0.5892556509887895,5,0.17142857142857143,0.10101525445522107,0.05714285714285714,0.2857142857142857,0.17142857142857143,0.5892556509887895,5,0.1412221125314835,0.0742857411283267,0.05405405405405406,0.2222222222222222,0.14634146341463414,0.5260206053904323,5,0.282444225062967,0.1485714822566534,0.10810810810810811,0.4444444444444444,0.2926829268292683,0.5260206053904323,5,0.5,0.0,0.5,0.5,0.5,0.0,5,0.08571428571428572,0.050507627227610534,0.02857142857142857,0.14285714285714285,0.08571428571428572,0.5892556509887895
minecraft,mlp,200,29,5,0.32571428571428573,0.12551932935136453,0.2,0.4857142857142857,0.2857142857142857,0.38536636204366304,5,0.32571428571428573,0.12551932935136453,0.2,0.4857142857142857,0.2857142857142857,0.38536636204366304,5,0.24037169548797457,0.07028466508084756,0.16666666666666666,0.3269230769230769,0.2222222222222222,0.2923999222877046,5,0.48074339097594915,0.14056933016169512,0.3333333333333333,0.6538461538461539,0.4444444444444444,0.2923999222877046,5,0.5,0.0,0.5,0.5,0.5,0.0,5,0.16285714285714287,0.06275966467568227,0.1,0.24285714285714285,0.14285714285714285,0.38536636204366304
minecraft,mlp,200,3,5,0.6988505747126437,0.03759868329608304,0.6436781609195402,0.7471264367816092,0.7011494252873564,0.05380074747959251,5,0.7068910256410257,0.03855074457301009,0.6530448717948718,0.7588141025641026,0.7147435897435898,0.05453562596589955,5,0.6983013842647441,0.03754169005024142,0.6434897554527429,0.7468253968253968,0.7001590668080594,0.0537614429760437,5,0.6981644330700882,0.03759974879610394,0.6426419308521548,0.7459222769567597,0.6983764215453249,0.05385514789225782,5,0.7090760881137464,0.04034416883239179,0.6548648648648648,0.7638888888888888,0.7132663847780127,0.05689681193412346,5,0.7068910256410257,0.03855074457301009,0.6530448717948718,0.7588141025641026,0.7147435897435898,0.05453562596589955
minecraft,mlp,200,30,5,0.5636363636363637,0.11657808522225058,0.45454545454545453,0.7575757575757576,0.5151515151515151,0.2068320866846381,5,0.5636363636363637,0.11657808522225058,0.45454545454545453,0.7575757575757576,0.5151515151515151,0.2068320866846381,5,0.35778381962864725,0.04501828669116908,0.3125,0.43103448275862066,0.34,0.12582538455175163,5,0.7155676392572945,0.09003657338233816,0.625,0.8620689655172413,0.68,0.12582538455175163,5,0.5,0.0,0.5,0.5,0.5,0.0,5,0.28181818181818186,0.05828904261112529,0.22727272727272727,0.3787878787878788,0.25757575757575757,0.2068320866846381
minecraft,mlp,200,31,5,0.6804347826086957,0.07193648742510564,0.5869565217391305,0.782608695652174,0.6739130434782609,0.10572135532124151,5,0.6792936623125303,0.0684597775912357,0.590711175616836,0.7706821480406386,0.683115626511853,0.10078082777657159,5,0.6757163630419316,0.07049964076439415,0.5851922164214522,0.773955773955774,0.6732954545454546,0.10433318566834719,5,0.6809000557521683,0.07075955764657764,0.5893089288293679,0.780685824164085,0.6754570158102766,0.10392062248902571,5,0.6796032979101654,0.07163269013537879,0.5886524822695035,0.780451127819549,0.6796392975794969,0.1054036823477094,5,0.6792936623125303,0.0684597775912357,0.590711175616836,0.7706821480406386,0.683115626511853,0.10078082777657159
minecraft,mlp,200,32,5,0.5411764705882354,0.06771096725424318,0.47058823529411764,0.6470588235294118,0.5294117647058824,0.12511809166544932,5,0.5411764705882354,0.06771096725424318,0.47058823529411764,0.6470588235294118,0.5294117647058824,0.12511809166544932,5,0.35016697767641164,0.027844459390436487,0.32,0.39285714285714285,0.34615384615384615,0.07951766204569831,5,0.7003339553528233,0.055688918780872974,0.64,0.7857142857142857,0.6923076923076923,0.07951766204569831,5,0.5,0.0,0.5,0.5,0.5,0.0,5,0.2705882352941177,0.03385548362712159,0.23529411764705882,0.3235294117647059,0.2647058823529412,0.12511809166544932
minecraft,mlp,200,33,5,0.908108108108108,0.01480331236500452,0.8918918918918919,0.918918918918919,0.918918918918919,0.016301266592415695,5,0.908108108108108,0.01480331236500452,0.8918918918918919,0.918918918918919,0.918918918918919,0.016301266592415695,5,0.4758953722334004,0.00407761260114509,0.4714285714285714,0.4788732394366197,0.4788732394366197,0.00856829639256346,5,0.9517907444668008,0.00815522520229018,0.9428571428571428,0.9577464788732394,0.9577464788732394,0.00856829639256346,5,0.5,0.0,0.5,0.5,0.5,0.0,5,0.454054054054054,0.00740165618250226,0.44594594594594594,0.4594594594594595,0.4594594594594595,0.016301266592415695
minecraft,mlp,200,34,5,0.585,0.05405437077609913,0.5,0.6375,0.5875,0.09240063380529766,5,0.5906191369606004,0.05350355038256449,0.5059412132582864,0.641963727329581,0.5919324577861164,0.09058892107340175,5,0.5639319709310338,0.062142526846951304,0.47333772218564846,0.6276681110576152,0.5763119884448724,0.11019507680040905,5,0.561601535248789,0.0628300841532656,0.47037524687294274,0.6261555127587867,0.5745907558979297,0.11187662463463874,5,0.6137971155300403,0.06358919743653181,0.5076674737691687,0.6616809116809117,0.6358974358974359,0.10359970066268524,5,0.5906191369606004,0.05350355038256449,0.5059412132582864,0.641963727329581,0.5919324577861164,0.09058892107340175
minecraft,mlp,200,35,5,0.8965517241379309,0.07314897736412562,0.7931034482758621,0.9655172413793104,0.896551724137931,0.0815892439830632,5,0.8965517241379309,0.07314897736412562,0.7931034482758621,0.9655172413793104,0.896551724137931,0.0815892439830632,5,0.472090813669761,0.020635080747681802,0.4423076923076923,0.49122807017543857,0.4727272727272727,0.04370998153358803,5,0.944181627339522,0.041270161495363604,0.8846153846153846,0.9824561403508771,0.9454545454545454,0.04370998153358803,5,0.5,0.0,0.5,0.5,0.5,0.0,5,0.44827586206896547,0.03657448868206281,0.39655172413793105,0.4827586206896552,0.4482758620689655,0.0815892439830632
minecraft,mlp,200,36,5,0.5411764705882354,0.03626125884099397,0.49411764705882355,0.5882352941176471,0.5294117647058824,0.06700450003227146,5,0.5628205128205128,0.03237056808271424,0.5228539576365663,0.6078595317725752,0.5535117056856187,0.057514904566098195,5,0.515897476154729,0.051657902487204733,0.4418995266452893,0.5731094848615297,0.5098039215686274,0.10013210933350523,5,0.5070753032543668,0.05495386399694204,0.4278408019185686,0.5664919433119783,0.5017301038062283,0.10837416778977944,5,0.5830534491409217,0.034488015340170756,0.5438034188034189,0.6356942496493688,0.5796019900497512,0.05915069260114288,5,0.5628205128205128,0.03237056808271424,0.5228539576365663,0.6078595317725752,0.5535117056856187,0.057514904566098195
minecraft,mlp,200,37,5,0.6541176470588235,0.06634292790527854,0.5764705882352941,0.7411764705882353,0.6705882352941176,0.10142354086238627,5,0.6562430323299888,0.065408454369951,0.5735785953177257,0.7433110367892977,0.6702898550724637,0.09967108395455034,5,0.6520207399283274,0.06777296951741446,0.5735785953177257,0.7408536585365854,0.6694444444444445,0.10394296587078553,5,0.6527357137298725,0.06826257155645384,0.5764705882352941,0.7416068866571018,0.6710457516339869,0.1045791889743351,5,0.6575803347528915,0.06327022470034044,0.5735785953177257,0.7416943521594684,0.6693458980044347,0.09621672266722577,5,0.6562430323299888,0.065408454369951,0.5735785953177257,0.7433110367892977,0.6702898550724637,0.09967108395455034
minecraft,mlp,200,38,5,0.5855421686746988,0.049382895257636596,0.5421686746987951,0.6385542168674698,0.5662650602409639,0.08433704334123122,5,0.5936480186480186,0.047796473110032746,0.5506993006993007,0.6474358974358974,0.571969696969697,0.08051315191598724,5,0.5800905434914195,0.053066475618341075,0.5267106842737095,0.6380813953488372,0.5646853146853147,0.09147964264155603,5,0.5775033913549588,0.054282418778556836,0.5215580207986809,0.6372933594844494,0.5631055691296656,0.09399497836921358,5,0.5999595961263026,0.048360265295152347,0.5547169811320755,0.6591194968553459,0.5741296518607444,0.08060587014091465,5,0.5936480186480186,0.047796473110032746,0.5506993006993007,0.6474358974358974,0.571969696969697,0.08051315191598724
minecraft,mlp,200,39,5,0.923076923076923,0.11213369028548657,0.7307692307692307,1.0,0.9615384615384616,0.1214781644759438,5,0.923076923076923,0.11213369028548657,0.7307692307692307,1.0,0.9615384615384616,0.1214781644759438,5,0.6784836601307189,0.29464530156014845,0.4222222222222222,1.0,0.49019607843137253,0.4342702984230764,5,0.9569673202614378,0.0650441018642053,0.8444444444444444,1.0,0.9803921568627451,0.06796898962697663,5,0.7,0.27386127875258304,0.5,1.0,0.5,0.3912303982179758,5,0.6615384615384615,0.3120484903905635,0.36538461538461536,1.0,0.4807692307692308,0.47170120640434016
minecraft,mlp,200,4,5,0.3052631578947368,0.10945597022676537,0.15789473684210525,0.42105263157894735,0.3157894736842105,0.3585626610876797,5,0.3052631578947368,0.10945597022676537,0.15789473684210525,0.42105263157894735,0.3157894736842105,0.3585626610876797,5,0.2294336324573177,0.0662484589533763,0.13636363636363635,0.2962962962962963,0.24,0.28874781017861767,5,0.4588672649146354,0.1324969179067526,0.2727272727272727,0.5925925925925926,0.48,0.28874781017861767,5,0.5,0.0,0.5,0.5,0.5,0.0,5,0.1526315789473684,0.054727985113382685,0.07894736842105263,0.21052631578947367,0.15789473684210525,0.3585626610876797
minecraft,mlp,200,5,5,0.34838709677419355,0.12576508832011565,0.22580645161290322,0.5483870967741935,0.3548387096774194,0.3609923831410727,5,0.34838709677419355,0.12576508832011565,0.22580645161290322,0.5483870967741935,0.3548387096774194,0.3609923831410727,5,0.253462984384037,0.06598468131866675,0.18421052631578946,0.3541666666666667,0.2619047619047619,0.2603326141646363,5,0.506925968768074,0.1319693626373335,0.3684210526315789,0.7083333333333334,0.5238095238095238,0.2603326141646363,5,0.5,0.0,0.5,0.5,0.5,0.0,5,0.17419354838709677,0.06288254416005783,0.11290322580645161,0.27419354838709675,0.1774193548387097,0.3609923831410727
minecraft,mlp,200,6,5,0.7555555555555555,0.10006856360078739,0.5925925925925926,0.8518518518518519,0.7777777777777778,0.1324436871186892,5,0.7555555555555555,0.10006856360078739,0.5925925925925926,0.8518518518518519,0.7777777777777778,0.1324436871186892,5,0.4288209059972331,0.03421514771677096,0.37209302325581395,0.46,0.4375,0.07978889843815527,5,0.8576418119944662,0.06843029543354193,0.7441860465116279,0.92,0.875,0.07978889843815527,5,0.5,0.0,0.5,0.5,0.5,0.0,5,0.37777777777777777,0.050034281800393696,0.2962962962962963,0.42592592592592593,0.3888888888888889,0.1324436871186892
minecraft,mlp,200,7,5,0.37948717948717947,0.07453559924999299,0.3076923076923077,0.5,0.34615384615384615,0.19641137640200856,5,0.37948717948717947,0.07453559924999299,0.3076923076923077,0.5,0.34615384615384615,0.19641137640200856,5,0.3495706308666847,0.07456108194048289,0.2846467391304348,0.4750647109577222,0.3328861311420426,0.21329332431510284,5,0.3495706308666847,0.07456108194048286,0.2846467391304348,0.4750647109577221,0.33288613114204263,0.21329332431510278,5,0.35318676870010635,0.08725763676406806,0.2792452830188679,0.5,0.33285714285714285,0.247058056804385,5,0.37948717948717947,0.07453559924999299,0.3076923076923077,0.5,0.34615384615384615,0.19641137640200856
minecraft,mlp,200,8,5,0.5724137931034483,0.0715049701838887,0.5172413793103449,0.6896551724137931,0.5517241379310345,0.12491832140558869,5,0.5724137931034483,0.0715049701838887,0.5172413793103449,0.6896551724137931,0.5517241379310345,0.12491832140558869,5,0.36302044401423283,0.02790276332520554,0.3409090909090909,0.40816326530612246,0.35555555555555557,0.07686278771702336,5,0.7260408880284657,0.05580552665041108,0.6818181818181818,0.8163265306122449,0.7111111111111111,0.07686278771702336,5,0.5,0.0,0.5,0.5,0.5,0.0,5,0.28620689655172415,0.03575248509194435,0.25862068965517243,0.3448275862068966,0.27586206896551724,0.12491832140558869
minecraft,mlp,200,9,5,0.676923076923077,0.04745321929056855,0.6153846153846154,0.7307692307692307,0.6923076923076923,0.070101346679249,5,0.676923076923077,0.04745321929056859,0.6153846153846154,0.7307692307692308,0.6923076923076923,0.07010134667924904,5,0.673399453381218,0.050952111573121184,0.6143704680290046,0.7303703703703703,0.6923076923076923,0.07566402276878104,5,0.6733994533812179,0.05095211157312117,0.6143704680290046,0.7303703703703703,0.6923076923076923,0.07566402276878104,5,0.6833952537744247,0.0436864146461887,0.6166112956810631,0.7321428571428572,0.6923076923076923,0.0639255458754016,5,0.676923076923077,0.04745321929056859,0.6153846153846154,0.7307692307692308,0.6923076923076923,0.07010134667924904
minecraft,mlp,250,0,5,0.8400000000000001,0.14966629547095764,0.64,0.96,0.92,0.17817416127494956,5,0.8400000000000001,0.14966629547095764,0.64,0.96,0.92,0.17817416127494956,5,0.45352141140063507,0.04613182771934633,0.3902439024390244,0.4897959183673469,0.4791666666666667,0.10171918361445136,5,0.9070428228012704,0.09226365543869268,0.7804878048780488,0.9795918367346939,0.9583333333333335,0.10171918361445136,5,0.5,0.0,0.5,0.5,0.5,0.0,5,0.42000000000000004,0.07483314773547882,0.32,0.48,0.46,0.17817416127494956
minecraft,mlp,250,1,5,0.8896551724137931,0.09568577190008008,0.7586206896551724,1.0,0.8620689655172413,0.10755377461636909,5,0.8896551724137931,0.09568577190008008,0.7586206896551724,1.0,0.8620689655172413,0.10755377461636909,5,0.5697053090241945,0.24147256959905747,0.43137254901960786,1.0,0.46296296296296297,0.4238552208907053,5,0.939410618048389,0.05423390544005749,0.8627450980392157,1.0,0.9259259259259259,0.05773184207000724,5,0.6,0.22360679774997896,0.5,1.0,0.5,0.37267799624996495,5,0.5448275862068965,0.2570642822025347,0.3793103448275862,1.0,0.43103448275862066,0.4718268470806017
minecraft,mlp,250,10,5,0.6518518518518518,0.0852656624683062,0.5185185185185185,0.7407407407407407,0.6666666666666666,0.1308052776502425,5,0.6518518518518518,0.0852656624683062,0.5185185185185185,0.7407407407407407,0.6666666666666666,0.1308052776502425,5,0.39328048883045386,0.03243737848148882,0.34146341463414637,0.425531914893617,0.4,0.0824789924818081,5,0.7865609776609077,0.06487475696297763,0.6829268292682927,0.851063829787234,0.8,0.0824789924818081,5,0.5,0.0,0.5,0.5,0.5,0.0,5,0.3259259259259259,0.0426328312341531,0.25925925925925924,0.37037037037037035,0.3333333333333333,0.1308052776502425
minecraft,mlp,250,11,5,0.4727272727272728,0.08730218358113899,0.36363636363636365,0.5757575757575758,0.45454545454545453,0.18467769603702477,5,0.4727272727272728,0.08730218358113899,0.36363636363636365,0.5757575757575758,0.45454545454545453,0.18467769603702477,5,0.31907295978948047,0.04040703888496501,0.26666666666666666,0.36538461538461536,0.3125,0.12663886940348992,5,0.6381459195789609,0.08081407776993002,0.5333333333333333,0.7307692307692307,0.625,0.12663886940348992,5,0.5,0.0,0.5,0.5,0.5,0.0,5,0.2363636363636364,0.043651091790569495,0.18181818181818182,0.2878787878787879,0.22727272727272727,0.18467769603702477
minecraft,mlp,250,12,5,0.6266666666666667,0.11642832797715322,0.4666666666666667,0.7666666666666667,0.6333333333333333,0.18578988506992533,5,0.6266666666666667,0.11642832797715322,0.4666666666666667,0.7666666666666667,0.6333333333333333,0.18578988506992533,5,0.3826732035831011,0.04500453796080131,0.3181818181818182,0.4339622641509434,0.3877551020408163,0.11760566859505267,5,0.7653464071662022,0.09000907592160262,0.6363636363636364,0.8679245283018868,0.7755102040816326,0.11760566859505267,5,0.5,0.0,0.5,0.5,0.5,0.0,5,0.31333333333333335,0.05821416398857661,0.23333333333333334,0.38333333333333336,0.31666666666666665,0.18578988506992533
minecraft,mlp,250,13,5,0.896774193548387,0.09514762066937177,0.7419354838709677,1.0,0.9032258064516129,0.10609986477519874,5,0.896774193548387,0.09514762066937177,0.7419354838709677,1.0,0.9032258064516129,0.10609986477519874,5,0.571682360326428,0.24050242945313496,0.42592592592592593,1.0,0.4745762711864407,0.42069240918297557,5,0.9433647206528561,0.05520900848474589,0.8518518518518519,1.0,0.9491525423728814,0.058523503451070824,5,0.6,0.22360679774997896,0.5,1.0,0.5,0.37267799624996495,5,0.5483870967741935,0.25527728695716795,0.3709677419354839,1.0,0.45161290322580644,0.4655056409218945
minecraft,mlp,250,14,5,0.8108108108108109,0.04273348189416729,0.7567567567567568,0.8648648648648649,0.8108108108108109,0.05270462766947299,5,0.8108108108108109,0.04273348189416729,0.7567567567567568,0.8648648648648649,0.8108108108108109,0.05270462766947299,5,0.44751496661524526,0.013044245829670443,0.4307692307692308,0.463768115942029,0.44776119402985076,0.029148177832642952,5,0.8950299332304905,0.02608849165934092,0.8615384615384616,0.9275362318840581,0.8955223880597014,0.02914817783264299,5,0.5,0.0,0.5,0.5,0.5,0.0,5,0.40540540540540543,0.021366740947083646,0.3783783783783784,0.43243243243243246,0.40540540540540543,0.05270462766947299
minecraft,mlp,250,15,5,0.874074074074074,0.10343881513902918,0.7037037037037037,0.9629629629629629,0.9259259259259259,0.11834101732007576,5,0.874074074074074,0.10343881513902918,0.7037037037037037,0.9629629629629629,0.9259259259259259,0.11834101732007576,5,0.46502959550703604,0.03112649729481265,0.41304347826086957,0.49056603773584906,0.4807692307692308,0.06693444373335954,5,0.9300591910140721,0.0622529945896253,0.8260869565217391,0.9811320754716981,0.9615384615384616,0.06693444373335954,5,0.5,0.0,0.5,0.5,0.5,0.0,5,0.437037037037037,0.05171940756951459,0.35185185185185186,0.48148148148148145,0.46296296296296297,0.11834101732007576
minecraft,mlp,250,16,5,0.6848484848484848,0.10186506856952492,0.5757575757575758,0.8484848484848485,0.6666666666666666,0.14874102932718242,5,0.6848484848484848,0.10186506856952492,0.5757575757575758,0.8484848484848485,0.6666666666666666,0.14874102932718242,5,0.4048008366860826,0.034656067618470864,0.36538461538461536,0.45901639344262296,0.4,0.08561263830920923,5,0.8096016733721652,0.06931213523694173,0.7307692307692307,0.9180327868852459,0.8,0.08561263830920923,5,0.5,0.0,0.5,0.5,0.5,0.0,5,0.3424242424242424,0.05093253428476246,0.2878787878787879,0.42424242424242425,0.3333333333333333,0.14874102932718242
minecraft,mlp,250,17,5,0.6071428571428571,0.14060728346449664,0.42857142857142855,0.8214285714285714,0.6071428571428571,0.23158846688270035,5,0.6071428571428571,0.14060728346449664,0.42857142857142855,0.8214285714285714,0.6071428571428571,0.23158846688270035,5,0.3740344622697564,0.05370736217442266,0.3,0.45098039215686275,0.37777777777777777,0.1435893416037384,5,0.7480689245395128,0.10741472434884532,0.6,0.9019607843137255,0.7555555555555555,0.1435893416037384,5,0.5,0.0,0.5,0.5,0.5,0.0,5,0.30357142857142855,0.07030364173224832,0.21428571428571427,0.4107142857142857,0.30357142857142855,0.23158846688270035
minecraft,mlp,250,18,5,0.05142857142857142,0.05855400437691199,0.0,0.11428571428571428,0.02857142857142857,1.1385500851066221,5,0.05142857142857142,0.05855400437691199,0.0,0.11428571428571428,0.02857142857142857,1.1385500851066221,5,0.04658119658119658,0.05234824694569701,0.0,0.10256410256410256,0.027777777777777776,1.123806402320468,5,0.09316239316239316,0.10469649389139402,0.0,0.20512820512820512,0.05555555555555555,1.123806402320468,5,0.3,0.27386127875258304,0.0,0.5,0.5,0.9128709291752768,5,0.02571428571428571,0.029277002188455994,0.0,0.05714285714285714,0.014285714285714285,1.1385500851066221
minecraft,mlp,250,19,5,0.22222222222222224,0.06804138174397718,0.1388888888888889,0.3055555555555556,0.19444444444444445,0.3061862178478973,5,0.22222222222222224,0.06804138174397718,0.1388888888888889,0.3055555555555556,0.19444444444444445,0.3061862178478973,5,0.17979329448006956,0.04549855670681968,0.12195121951219512,0.23404255319148937,0.16279069767441862,0.2530603648951062,5,0.3595865889601392,0.09099711341363938,0.24390243902439027,0.4680851063829788,0.32558139534883723,0.2530603648951062,5,0.5,0.0,0.5,0.5,0.5,0.0,5,0.11111111111111112,0.03402069087198859,0.06944444444444445,0.1527777777777778,0.09722222222222222,0.3061862178478973
minecraft,mlp,250,2,5,0.6,0.14594869101216107,0.39285714285714285,0.7857142857142857,0.5714285714285714,0.2432478183536018,5,0.6,0.14594869101216107,0.39285714285714285,0.7857142857142857,0.5714285714285714,0.2432478183536018,5,0.37071586569458914,0.05892120436628132,0.28205128205128205,0.44,0.36363636363636365,0.15893898756095595,5,0.7414317313891783,0.11784240873256265,0.5641025641025641,0.88,0.7272727272727273,0.15893898756095595,5,0.5,0.0,0.5,0.5,0.5,0.0,5,0.3,0.07297434550608053,0.19642857142857142,0.39285714285714285,0.2857142857142857,0.2432478183536018
minecraft,mlp,250,20,5,0.8076923076923077,0.1608961589488607,0.5384615384615384,0.9615384615384616,0.8461538461538461,0.19920476822239896,5,0.8076923076923077,0.1608961589488607,0.5384615384615384,0.9615384615384616,0.8461538461538461,0.19920476822239896,5,0.4429451355010089,0.05436539398471339,0.35,0.49019607843137253,0.4583333333333333,0.1227361802341987,5,0.8858902710020178,0.10873078796942677,0.7,0.9803921568627451,0.9166666666666666,0.12273618023419869,5,0.5,0.0,0.5,0.5,0.5,0.0,5,0.40384615384615385,0.08044807947443035,0.2692307692307692,0.4807692307692308,0.4230769230769231,0.19920476822239896
minecraft,mlp,250,21,5,0.328,0.19057806799314553,0.04,0.52,0.4,0.5810306951010534,5,0.328,0.19057806799314553,0.04,0.52,0.4,0.5810306951010534,5,0.23307700599720974,0.1218079186033235,0.038461538461538464,0.34210526315789475,0.2857142857142857,0.522608045706498,5,0.46615401199441947,0.243615837206647,0.07692307692307693,0.6842105263157895,0.5714285714285714,0.522608045706498,5,0.5,0.0,0.5,0.5,0.5,0.0,5,0.164,0.09528903399657276,0.02,0.26,0.2,0.5810306951010534
minecraft,mlp,250,22,5,0.7393939393939395,0.08463175784102388,0.6666666666666666,0.8787878787878788,0.696969696969697,0.11446098396531916,5,0.7393939393939395,0.08463175784102388,0.6666666666666666,0.8787878787878788,0.696969696969697,0.11446098396531916,5,0.4240409979342126,0.026887975340134276,0.4,0.46774193548387094,0.4107142857142857,0.06340890496702817,5,0.8480819958684253,0.05377595068026855,0.8,0.9354838709677419,0.8214285714285714,0.06340890496702817,5,0.5,0.0,0.5,0.5,0.5,0.0,5,0.36969696969696975,0.04231587892051194,0.3333333333333333,0.4393939393939394,0.3484848484848485,0.11446098396531916
minecraft,mlp,250,23,5,0.4888888888888888,0.17839399375988585,0.25925925925925924,0.7407407407407407,0.48148148148148145,0.3648968054179484,5,0.4888888888888888,0.17839399375988585,0.25925925925925924,0.7407407407407407,0.48148148148148145,0.3648968054179484,5,0.32060616183763535,0.08138555317576668,0.20588235294117646,0.425531914893617,0.325,0.25384899875063155,5,0.6412123236752707,0.16277110635153336,0.4117647058823529,0.851063829787234,0.65,0.25384899875063155,5,0.5,0.0,0.5,0.5,0.5,0.0,5,0.2444444444444444,0.08919699687994292,0.12962962962962962,0.37037037037037035,0.24074074074074073,0.3648968054179484
minecraft,mlp,250,24,5,0.79,0.04183300132670378,0.75,0.85,0.8,0.05295316623633389,5,0.79,0.04183300132670378,0.75,0.85,0.8,0.05295316623633389,5,0.44109824109824103,0.012974692265526411,0.42857142857142855,0.4594594594594595,0.4444444444444444,0.029414518256119498,5,0.8821964821964823,0.025949384531052836,0.8571428571428571,0.918918918918919,0.888888888888889,0.029414518256119508,5,0.5,0.0,0.5,0.5,0.5,0.0,5,0.395,0.02091650066335189,0.375,0.425,0.4,0.05295316623633389
minecraft,mlp,250,25,5,0.75,0.07967217989988726,0.65625,0.84375,0.75,0.10622957319984967,5,0.75,0.07967217989988726,0.65625,0.84375,0.75,0.10622957319984967,5,0.42762164635724176,0.02608688886418039,0.39622641509433965,0.4576271186440678,0.42857142857142855,0.06100460321970464,5,0.8552432927144835,0.05217377772836078,0.7924528301886793,0.9152542372881356,0.8571428571428571,0.06100460321970464,5,0.5,0.0,0.5,0.5,0.5,0.0,5,0.375,0.03983608994994363,0.328125,0.421875,0.375,0.10622957319984967
minecraft,mlp,250,26,5,0.48461538461538467,0.0797555436666451,0.4230769230769231,0.6153846153846154,0.46153846153846156,0.16457493137561685,5,0.48461538461538467,0.0797555436666451,0.4230769230769231,0.6153846153846154,0.46153846153846156,0.16457493137561685,5,0.32493395651290385,0.034712407144479256,0.2972972972972973,0.38095238095238093,0.3157894736842105,0.10682911542087707,5,0.6498679130258077,0.06942481428895855,0.5945945945945946,0.761904761904762,0.631578947368421,0.10682911542087713,5,0.5,0.0,0.5,0.5,0.5,0.0,5,0.24230769230769234,0.03987777183332255,0.21153846153846154,0.3076923076923077,0.23076923076923078,0.16457493137561685
minecraft,mlp,250,27,5,0.1925925925925926,0.05493480360811602,0.1111111111111111,0.25925925925925924,0.18518518518518517,0.2852384033498332,5,0.1925925925925926,0.05493480360811602,0.1111111111111111,0.25925925925925924,0.18518518518518517,0.2852384033498332,5,0.16004010695187165,0.0393996837754822,0.1,0.20588235294117646,0.15625,0.24618631245560677,5,0.3200802139037433,0.0787993675509644,0.2,0.4117647058823529,0.3125,0.24618631245560677,5,0.5,0.0,0.5,0.5,0.5,0.0,5,0.0962962962962963,0.02746740180405801,0.05555555555555555,0.12962962962962962,0.09259259259259259,0.2852384033498332
minecraft,mlp,250,28,5,0.20714285714285713,0.12216165268919335,0.07142857142857142,0.39285714285714285,0.17857142857142858,0.5897459095340369,5,0.20714285714285713,0.12216165268919335,0.07142857142857142,0.39285714285714285,0.17857142857142858,0.5897459095340369,5,0.16504662004662005,0.0812054144528073,0.06666666666666667,0.28205128205128205,0.15151515151515152,0.49201501024298183,5,0.3300932400932401,0.1624108289056146,0.13333333333333333,0.5641025641025641,0.30303030303030304,0.49201501024298183,5,0.5,0.0,0.5,0.5,0.5,0.0,5,0.10357142857142856,0.061080826344596675,0.03571428571428571,0.19642857142857142,0.08928571428571429,0.5897459095340369
minecraft,mlp,250,29,5,0.3571428571428571,0.13599594831899836,0.17857142857142858,0.5,0.42857142857142855,0.38078865529319544,5,0.3571428571428571,0.13599594831899836,0.17857142857142858,0.5,0.42857142857142855,0.38078865529319544,5,0.25696969696969696,0.07729946061629568,0.15151515151515152,0.3333333333333333,0.3,0.3008115802285091,5,0.5139393939393939,0.15459892123259136,0.30303030303030304,0.6666666666666666,0.6,0.3008115802285091,5,0.5,0.0,0.5,0.5,0.5,0.0,5,0.17857142857142855,0.06799797415949918,0.08928571428571429,0.25,0.21428571428571427,0.38078865529319544
minecraft,mlp,250,3,5,0.7263157894736842,0.07349600023036282,0.6578947368421053,0.8157894736842105,0.7105263157894737,0.10119014524470242,5,0.7263157894736842,0.07349600023036282,0.6578947368421053,0.8157894736842105,0.7105263157894737,0.10119014524470242,5,0.419897448388497,0.024499303056705824,0.3968253968253968,0.4492753623188406,0.4153846153846154,0.05834592029727841,5,0.839794896776994,0.04899860611341167,0.7936507936507936,0.8985507246376812,0.8307692307692308,0.05834592029727844,5,0.5,0.0,0.5,0.5,0.5,0.0,5,0.3631578947368421,0.03674800011518141,0.32894736842105265,0.40789473684210525,0.35526315789473684,0.10119014524470242
minecraft,mlp,250,30,5,0.5153846153846154,0.22360679774997896,0.3076923076923077,0.7692307692307693,0.46153846153846156,0.43386393593279493,5,0.5153846153846154,0.22360679774997896,0.3076923076923077,0.7692307692307693,0.46153846153846156,0.43386393593279493,5,0.32867650797924053,0.09697412356357757,0.23529411764705882,0.43478260869565216,0.3157894736842105,0.29504427973812636,5,0.6573530159584811,0.19394824712715517,0.47058823529411764,0.8695652173913044,0.631578947368421,0.2950442797381264,5,0.5,0.0,0.5,0.5,0.5,0.0,5,0.2576923076923077,0.11180339887498948,0.15384615384615385,0.38461538461538464,0.23076923076923078,0.43386393593279493
minecraft,mlp,250,31,5,0.6370370370370371,0.04907310349222666,0.5679012345679012,0.7037037037037037,0.6296296296296297,0.0770333601331465,5,0.634981684981685,0.04840330518435761,0.5695970695970696,0.7032967032967032,0.63003663003663,0.07622787606189575,5,0.6312796232556434,0.05013083032638277,0.5676376391642519,0.7032967032967032,0.6295731707317074,0.0794114501397137,5,0.6323510909497204,0.050176281584318354,0.567242246058778,0.7037037037037037,0.6297425474254742,0.07934877048912686,5,0.6422918448817344,0.048529587378981796,0.5700245700245701,0.7032967032967032,0.6495502248875562,0.07555691040716479,5,0.634981684981685,0.04840330518435761,0.5695970695970696,0.7032967032967032,0.63003663003663,0.07622787606189575
minecraft,mlp,250,32,5,0.6148148148148148,0.06728111897994428,0.5185185185185185,0.7037037037037037,0.6296296296296297,0.10943314532882503,5,0.6148148148148148,0.06728111897994428,0.5185185185185185,0.7037037037037037,0.6296296296296297,0.10943314532882503,5,0.3798654377756205,0.02607854170120246,0.34146341463414637,0.41304347826086957,0.38636363636363635,0.06865205177367723,5,0.759730875551241,0.05215708340240492,0.6829268292682927,0.8260869565217391,0.7727272727272727,0.06865205177367723,5,0.5,0.0,0.5,0.5,0.5,0.0,5,0.3074074074074074,0.03364055948997214,0.25925925925925924,0.35185185185185186,0.3148148148148148,0.10943314532882503
minecraft,mlp,250,33,5,0.9466666666666667,0.029814239699997188,0.9,0.9666666666666667,0.9666666666666667,0.03149391517605337,5,0.9466666666666667,0.029814239699997188,0.9,0.9666666666666667,0.9666666666666667,0.03149391517605337,5,0.4862038204804824,0.007961915887541313,0.47368421052631576,0.4915254237288136,0.4915254237288136,0.016375675287111258,5,0.9724076409609648,0.01592383177508268,0.9473684210526315,0.9830508474576273,0.9830508474576273,0.016375675287111313,5,0.5,0.0,0.5,0.5,0.5,0.0,5,0.47333333333333333,0.014907119849998594,0.45,0.48333333333333334,0.48333333333333334,0.03149391517605337
minecraft,mlp,250,34,5,0.4666666666666667,0.11459194182538811,0.30303030303030304,0.5757575757575758,0.5151515151515151,0.2455541610544031,5,0.4666666666666667,0.11459194182538811,0.30303030303030304,0.5757575757575758,0.5151515151515151,0.2455541610544031,5,0.3146985254084523,0.05578652359460212,0.23255813953488372,0.36538461538461536,0.34,0.17726973306340058,5,0.6293970508169046,0.11157304718920424,0.46511627906976744,0.7307692307692307,0.68,0.17726973306340058,5,0.5,0.0,0.5,0.5,0.5,0.0,5,0.23333333333333334,0.057295970912694054,0.15151515151515152,0.2878787878787879,0.25757575757575757,0.2455541610544031
minecraft,mlp,250,35,5,0.9652173913043478,0.019444069369563374,0.9565217391304348,1.0,0.9565217391304348,0.020144756554052144,5,0.9652173913043478,0.019444069369563374,0.9565217391304348,1.0,0.9565217391304348,0.020144756554052144,5,0.5911111111111111,0.2285758376999785,0.4888888888888889,1.0,0.4888888888888889,0.38668844723680573,5,0.9822222222222223,0.00993807989999908,0.9777777777777777,1.0,0.9777777777777777,0.010117954649320329,5,0.6,0.22360679774997896,0.5,1.0,0.5,0.37267799624996495,5,0.5826086956521739,0.23332883243476066,0.4782608695652174,1.0,0.4782608695652174,0.40048978701488774
minecraft,mlp,250,36,5,0.31891891891891894,0.06163110405941287,0.21621621621621623,0.3783783783783784,0.32432432432432434,0.19325007205070135,5,0.31891891891891894,0.06163110405941287,0.21621621621621623,0.3783783783783784,0.32432432432432434,0.19325007205070135,5,0.24041670001333867,0.03711348581985058,0.17777777777777778,0.27450980392156865,0.24489795918367346,0.15437149672960102,5,0.48083340002667735,0.07422697163970116,0.35555555555555557,0.5490196078431373,0.4897959183673469,0.15437149672960102,5,0.5,0.0,0.5,0.5,0.5,0.0,5,0.15945945945945947,0.030815552029706435,0.10810810810810811,0.1891891891891892,0.16216216216216217,0.19325007205070135
minecraft,mlp,250,37,5,0.5135135135135135,0.19582941548904645,0.2702702702702703,0.7297297297297297,0.5675675675675675,0.3813520196365642,5,0.5135135135135135,0.19582941548904645,0.2702702702702703,0.7297297297297297,0.5675675675675675,0.3813520196365642,5,0.33003050918297394,0.0896356746230793,0.2127659574468085,0.421875,0.3620689655172414,0.27159814662281395,5,0.6600610183659479,0.1792713492461586,0.425531914893617,0.84375,0.7241379310344828,0.27159814662281395,5,0.5,0.0,0.5,0.5,0.5,0.0,5,0.25675675675675674,0.09791470774452322,0.13513513513513514,0.36486486486486486,0.28378378378378377,0.3813520196365642
minecraft,mlp,250,38,5,0.6228571428571429,0.0956182887467515,0.4857142857142857,0.7142857142857143,0.6,0.15351560119891297,5,0.6228571428571429,0.0956182887467515,0.4857142857142857,0.7142857142857143,0.6,0.15351560119891297,5,0.3820512820512821,0.037198823442190145,0.3269230769230769,0.4166666666666667,0.375,0.09736604793593392,5,0.7641025641025642,0.07439764688438029,0.6538461538461539,0.8333333333333334,0.75,0.09736604793593392,5,0.5,0.0,0.5,0.5,0.5,0.0,5,0.31142857142857144,0.04780914437337575,0.24285714285714285,0.35714285714285715,0.3,0.15351560119891297
minecraft,mlp,250,39,5,0.9333333333333332,0.07221786137191955,0.8571428571428571,1.0,0.9523809523809523,0.07737628004134238,5,0.9333333333333332,0.07221786137191955,0.8571428571428571,1.0,0.9523809523809523,0.07737628004134238,5,0.6821763602251407,0.29033005776041376,0.46153846153846156,1.0,0.4878048780487805,0.4255938415464811,5,0.9643527204502813,0.038972941984692255,0.9230769230769231,1.0,0.975609756097561,0.040413576026927966,5,0.7,0.27386127875258304,0.5,1.0,0.5,0.3912303982179758,5,0.6666666666666666,0.3049106779729928,0.42857142857142855,1.0,0.47619047619047616,0.45736601695948925
minecraft,mlp,250,4,5,0.4193548387096774,0.16448450043847693,0.16129032258064516,0.5483870967741935,0.4838709677419355,0.3922322702763681,5,0.4193548387096774,0.16448450043847693,0.16129032258064516,0.5483870967741935,0.4838709677419355,0.3922322702763681,5,0.2870427881297447,0.09099062513228891,0.1388888888888889,0.3541666666666667,0.32608695652173914,0.31699324593781714,5,0.5740855762594894,0.18198125026457782,0.2777777777777778,0.7083333333333334,0.6521739130434783,0.31699324593781714,5,0.5,0.0,0.5,0.5,0.5,0.0,5,0.2096774193548387,0.08224225021923846,0.08064516129032258,0.27419354838709675,0.24193548387096775,0.3922322702763681
minecraft,mlp,250,5,5,0.616,0.15388307249337077,0.44,0.8,0.64,0.2498101826191084,5,0.616,0.15388307249337077,0.44,0.8,0.64,0.2498101826191084,5,0.3766345755852279,0.059861232887949624,0.3055555555555556,0.4444444444444444,0.3902439024390244,0.15893716819528628,5,0.7532691511704558,0.11972246577589925,0.6111111111111112,0.8888888888888888,0.7804878048780488,0.15893716819528628,5,0.5,0.0,0.5,0.5,0.5,0.0,5,0.308,0.07694153624668539,0.22,0.4,0.32,0.2498101826191084
minecraft,mlp,250,6,5,0.7545454545454546,0.09425655160603509,0.5909090909090909,0.8181818181818182,0.7727272727272727,0.12491832140558866,5,0.7545454545454546,0.09425655160603509,0.5909090909090909,0.8181818181818182,0.7727272727272727,0.12491832140558866,5,0.42864468864468863,0.03275281438623828,0.37142857142857144,0.45,0.4358974358974359,0.07641017200002607,5,0.8572893772893773,0.06550562877247662,0.7428571428571428,0.9,0.8717948717948718,0.07641017200002614,5,0.5,0.0,0.5,0.5,0.5,0.0,5,0.3772727272727273,0.047128275803017546,0.29545454545454547,0.4090909090909091,0.38636363636363635,0.12491832140558866
minecraft,mlp,250,7,5,0.34375,0.0625,0.28125,0.4375,0.3125,0.18181818181818182,5,0.34375,0.0625,0.28125,0.4375,0.3125,0.18181818181818182,5,0.25455555402533137,0.03383564216144516,0.21951219512195122,0.30434782608695654,0.23809523809523808,0.1329204632403271,5,0.5091111080506627,0.06767128432289032,0.43902439024390244,0.6086956521739131,0.47619047619047616,0.1329204632403271,5,0.5,0.0,0.5,0.5,0.5,0.0,5,0.171875,0.03125,0.140625,0.21875,0.15625,0.18181818181818182
minecraft,mlp,250,8,5,0.6,0.09914568913905547,0.4782608695652174,0.7391304347826086,0.5652173913043478,0.16524281523175913,5,0.6,0.09914568913905547,0.4782608695652174,0.7391304347826086,0.5652173913043478,0.16524281523175913,5,0.3730976952184383,0.03842679091890618,0.3235294117647059,0.425,0.3611111111111111,0.10299391127679942,5,0.7461953904368765,0.07685358183781237,0.6470588235294118,0.85,0.7222222222222222,0.10299391127679942,5,0.5,0.0,0.5,0.5,0.5,0.0,5,0.3,0.049572844569527735,0.2391304347826087,0.3695652173913043,0.2826086956521739,0.16524281523175913
minecraft,mlp,250,9,5,0.8129032258064516,0.04205937035614614,0.7741935483870968,0.8709677419354839,0.8064516129032258,0.051739701628592476,5,0.8129032258064516,0.04205937035614614,0.7741935483870968,0.8709677419354839,0.8064516129032258,0.051739701628592476,5,0.44816268728246944,0.012710881433794497,0.43636363636363634,0.46551724137931033,0.44642857142857145,0.02836220371416829,5,0.8963253745649389,0.025421762867588994,0.8727272727272727,0.9310344827586207,0.8928571428571429,0.02836220371416829,5,0.5,0.0,0.5,0.5,0.5,0.0,5,0.4064516129032258,0.02102968517807307,0.3870967741935484,0.43548387096774194,0.4032258064516129,0.051739701628592476
minecraft,mlp,50,0,5,0.6909090909090909,0.019903462113706295,0.6694214876033058,0.71900826446281,0.6859504132231405,0.02880764253299595,5,0.6893675213675213,0.02012522706479058,0.6687863247863248,0.7187008547008547,0.683965811965812,0.029193755784820696,5,0.6891743206427169,0.020134921451599362,0.668856048166393,0.7187008547008547,0.6837906608898976,0.02921600652911986,5,0.6898914148990103,0.020032668173917356,0.6693083997159232,0.71900826446281,0.6846545618231946,0.029037422036698103,5,0.6918607517166249,0.020050849986980243,0.6690174597740499,0.7187008547008547,0.6870351060132082,0.028981048480103338,5,0.6893675213675213,0.02012522706479058,0.6687863247863248,0.7187008547008547,0.683965811965812,0.029193755784820696
minecraft,mlp,50,1,5,0.8572519083969465,0.020483065442746157,0.8358778625954199,0.8893129770992366,0.8587786259541985,0.023893869750665597,5,0.8461125847332743,0.022056433021619533,0.8272620100206307,0.8826702033598586,0.8443560271146477,0.026067964736126135,5,0.8512966880922195,0.021776665577098685,0.8325380899293943,0.8865343547929454,0.8512345963199975,0.025580582987936702,5,0.8544142293163874,0.021194212587516234,0.8350654854604407,0.888431950514315,0.8548148137735165,0.024805547309849484,5,0.8746562871173001,0.022332962827584752,0.8368807118807119,0.8950827653359299,0.8791989664082687,0.025533415990399985,5,0.8461125847332743,0.022056433021619533,0.8272620100206307,0.8826702033598586,0.8443560271146477,0.026067964736126135
minecraft,mlp,50,10,5,0.6366533864541832,0.012084263655859033,0.6215139442231076,0.6533864541832669,0.6374501992031872,0.018980914753570822,5,0.6324850108432198,0.01215717377944187,0.6200408215333588,0.6504337287919377,0.6327337670621253,0.01922128362098906,5,0.6318568275774288,0.012461437046686894,0.6199697187026855,0.6507030087816115,0.6305926216640503,0.019721931461063224,5,0.6344666840050431,0.012183723507608529,0.6216104583181339,0.6527765802283453,0.634878851939182,0.019203094212448334,5,0.6357573226752418,0.01231916917700626,0.6199184401682172,0.6514966598150052,0.6362277353689567,0.019377156562141794,5,0.6324850108432198,0.01215717377944187,0.6200408215333588,0.6504337287919377,0.6327337670621253,0.01922128362098906
minecraft,mlp,50,11,5,0.5611285266457681,0.03126949426843259,0.5172413793103449,0.5893416927899686,0.5799373040752351,0.055726081964413386,5,0.5649087619946516,0.029137843469993322,0.5241662733994022,0.590726757904672,0.5827630957999056,0.05157973363186955,5,0.5444060057719802,0.05067134467609426,0.4680569993069993,0.5883059947785823,0.5742091003267192,0.09307638809796216,5,0.5427203928809029,0.05189422706784351,0.4645076110593352,0.5878528768986008,0.5731253861040271,0.09561871591442377,5,0.5728322546188391,0.023670052535911777,0.5400586701434159,0.5920590582601756,0.5884243697478992,0.04132108893145649,5,0.5649087619946516,0.029137843469993322,0.5241662733994022,0.590726757904672,0.5827630957999056,0.05157973363186955
minecraft,mlp,50,12,5,0.7218045112781954,0.020069695962464836,0.6879699248120301,0.7368421052631579,0.7255639097744361,0.02780489128133149,5,0.7351574599896747,0.02039670541413737,0.7022027189812425,0.7531692766592095,0.7403487638386967,0.02774467583369669,5,0.7215382615400487,0.020095042857382946,0.6876123098691193,0.7367825841108284,0.7252493809692253,0.027850280336474683,5,0.7207795151574902,0.02024323996097922,0.6863407900721028,0.7363064148921923,0.7241310563284759,0.0280852043312525,5,0.7387741570361703,0.02143347377204034,0.7065752461322081,0.7610766045548654,0.7455461790904829,0.02901221377048109,5,0.7351574599896747,0.02039670541413737,0.7022027189812425,0.7531692766592095,0.7403487638386967,0.02774467583369669
minecraft,mlp,50,13,5,0.5608856088560886,0.034517134564335236,0.5055350553505535,0.5904059040590406,0.5756457564575646,0.061540417545624,5,0.5713342213342213,0.030046563437289214,0.5207847707847708,0.5985403485403485,0.5814463314463314,0.05259016931827099,5,0.5598300320404951,0.03469263603391099,0.5047190398254228,0.5902050269055241,0.5750671520704653,0.06196994453381078,5,0.5597654616226468,0.03726171557513697,0.5019742603318013,0.5914437693522088,0.5772079883027325,0.06656665716231007,5,0.5715821771934645,0.029307000192735033,0.521412235563179,0.5975335091188749,0.5802438757655293,0.0512734675119435,5,0.5713342213342213,0.030046563437289214,0.5207847707847708,0.5985403485403485,0.5814463314463314,0.05259016931827099
minecraft,mlp,50,14,5,0.691715976331361,0.01755313251383589,0.6715976331360947,0.7189349112426036,0.6893491124260355,0.025376213813843158,5,0.6875457875457875,0.015270678525091784,0.6785714285714286,0.7147435897435898,0.6817765567765568,0.022210416821257628,5,0.6857960977439251,0.01716405145292315,0.6711111111111111,0.7155260243632338,0.6807464491583026,0.025027922307210577,5,0.6883631325805208,0.017697422744810103,0.670138067061144,0.7179214583865747,0.684955954015695,0.025709428508273513,5,0.6961462256357678,0.016601436759938706,0.6813932074937139,0.7178667143112382,0.6903234133569348,0.023847628771925256,5,0.6875457875457875,0.015270678525091784,0.6785714285714286,0.7147435897435898,0.6817765567765568,0.022210416821257628
minecraft,mlp,50,15,5,0.7824,0.020119642143934885,0.752,0.804,0.784,0.025715289038771582,5,0.7748216695585117,0.0214741232565135,0.7417261101471628,0.7972816657027183,0.7779705674442516,0.02771492344651294,5,0.7758356913188973,0.02255206366368283,0.7407853368118269,0.7991111694189803,0.7794261812953401,0.02906809253044933,5,0.7782692735840152,0.021990778566832774,0.7442360024081878,0.8011168435035012,0.7814589896085222,0.028256002534396394,5,0.7958902967013941,0.0163949199278339,0.7747826722185696,0.8154664484451719,0.79145610134088,0.02059947205762332,5,0.7748216695585117,0.0214741232565135,0.7417261101471628,0.7972816657027183,0.7779705674442516,0.02771492344651294
minecraft,mlp,50,16,5,0.6808777429467086,0.011602981519323973,0.6677115987460815,0.6959247648902821,0.6833855799373041,0.017041211347441743,5,0.679636621047664,0.011291365094417905,0.66658801321378,0.6944706622620733,0.681237218813906,0.016613826778510254,5,0.6790272775475508,0.01111048460902826,0.6662652980655349,0.6938912796161646,0.6793012491912607,0.016362353879443698,5,0.6795283189420663,0.0111810389565077,0.6667473982923837,0.6944387564207347,0.6800954246141024,0.016454117723769136,5,0.6828228864190731,0.012771535264050395,0.6685366435903557,0.698323574235983,0.6875746001432322,0.01870402342696528,5,0.679636621047664,0.011291365094417905,0.66658801321378,0.6944706622620733,0.681237218813906,0.016613826778510254
minecraft,mlp,50,17,5,0.511284046692607,0.02676069862108857,0.490272373540856,0.556420233463035,0.5019455252918288,0.052340179190409154,5,0.5281196581196581,0.027393952209287635,0.5075702075702075,0.5739010989010989,0.5168803418803418,0.05187073002891493,5,0.5012917086892873,0.02685139104403705,0.47887934370404767,0.5470315398886827,0.4945919370698132,0.05356440287880403,5,0.4950103272367066,0.027083903886081055,0.4719835624870321,0.5411953249640854,0.48913604903412417,0.05471381584556302,5,0.5326187991271947,0.03186588846190241,0.5088180913099132,0.5854872881355933,0.5188018495852034,0.05982869646005964,5,0.5281196581196581,0.027393952209287635,0.5075702075702075,0.5739010989010989,0.5168803418803418,0.05187073002891493
minecraft,mlp,50,18,5,0.4048632218844984,0.024163655822920103,0.364741641337386,0.42857142857142855,0.41033434650455924,0.05968350424730266,5,0.42408848377056463,0.02537188752091949,0.38241070105231956,0.44971839336001185,0.4289128501556247,0.059826872202089536,5,0.3214248676086737,0.017270159120374825,0.2911602494716767,0.33459132610508757,0.32773144286905753,0.05373000306062438,5,0.309156914368571,0.01711510939988101,0.27935946021019503,0.3229910437015649,0.3151194818729993,0.05536059070468242,5,0.3274198004383097,0.03133106874297385,0.27250896057347673,0.3498826291079812,0.3370109546165884,0.0956908186402644,5,0.42408848377056463,0.02537188752091949,0.38241070105231956,0.44971839336001185,0.4289128501556247,0.059826872202089536
minecraft,mlp,50,19,5,0.4624624624624625,0.017119751127614685,0.43843843843843844,0.4804804804804805,0.4594594594594595,0.0370186826330889,5,0.4845393307257714,0.018760918127312086,0.4569209039548022,0.5027705345501956,0.48087787918296393,0.038719082100540494,5,0.40017328443447153,0.018379372759696776,0.3784045789717939,0.428986311689084,0.3962770856561152,0.04592853514864359,5,0.3880694445855586,0.019515193131618924,0.3645139906058794,0.41817253624289086,0.38621585374215167,0.05028788894333154,5,0.4722299442835876,0.031975906025525615,0.4339900110987791,0.5077272727272727,0.4644204851752022,0.06771257607146396,5,0.4845393307257714,0.018760918127312086,0.4569209039548022,0.5027705345501956,0.48087787918296393,0.038719082100540494
minecraft,mlp,50,2,5,0.5858823529411765,0.015587926991648494,0.5725490196078431,0.611764705882353,0.5803921568627451,0.02660589948373739,5,0.57603121516165,0.016241378241099846,0.5582497212931996,0.5996841322928279,0.5706986250464511,0.02819530923604908,5,0.5731217917479581,0.017616815663959777,0.5508894957100615,0.5962415033986406,0.5686916109451321,0.030738345527275168,5,0.5790156311771407,0.016771978300284054,0.5590118171717295,0.6027612484417998,0.5745418839039386,0.028966365322792006,5,0.5812183638089292,0.01724380812334387,0.5662977583533061,0.6095195971692977,0.5747838050314465,0.029668381450199035,5,0.57603121516165,0.016241378241099846,0.5582497212931996,0.5996841322928279,0.5706986250464511,0.02819530923604908
minecraft,mlp,50,20,5,0.6707818930041152,0.034307267490808806,0.6378600823045267,0.720164609053498,0.6584362139917695,0.051145190185684294,5,0.6615384615384615,0.03650607331053554,0.6248473748473748,0.7142857142857143,0.6501831501831502,0.05518359919034443,5,0.6410222207353963,0.05032445191245761,0.578789788843366,0.7102272727272727,0.6362603473462101,0.07850656386719976,5,0.6447612840069519,0.04897178838886211,0.5846319057790851,0.7122147399925177,0.639586727343044,0.07595336383183655,5,0.7243703456579448,0.030082993036498654,0.689522342064715,0.7528159340659341,0.7407407407407407,0.0415298517075189,5,0.6615384615384615,0.03650607331053554,0.6248473748473748,0.7142857142857143,0.6501831501831502,0.05518359919034443
minecraft,mlp,50,21,5,0.4705394190871369,0.022073752827004797,0.43568464730290457,0.49377593360995853,0.47717842323651455,0.0469115911050102,5,0.47732974910394266,0.021954857641024235,0.44341053212020953,0.5001033912324235,0.483974358974359,0.045995158864995396,5,0.44227987003823976,0.027876484057917643,0.39705665930831496,0.47194683908045976,0.4506079027355623,0.06302905907860429,5,0.4387006431358526,0.028492105982707926,0.3926239393745096,0.4688283970048171,0.44709858870713465,0.06494657901352738,5,0.47014913273147113,0.030217732934011626,0.42075289575289576,0.500127507650459,0.4794756355932204,0.06427265484560765,5,0.47732974910394266,0.021954857641024235,0.44341053212020953,0.5001033912324235,0.483974358974359,0.045995158864995396
minecraft,mlp,50,22,5,0.4270440251572327,0.012056785857031956,0.4119496855345912,0.44025157232704404,0.4276729559748428,0.028233121520884846,5,0.4286324786324786,0.011513312393790137,0.41595441595441596,0.44195156695156695,0.4301994301994302,0.026860569293588158,5,0.4192279830199922,0.020637135608934033,0.38630945623793844,0.43710135181907184,0.4184719263695189,0.04922652219031354,5,0.4183735927856865,0.02142703447727601,0.3839426658413244,0.43713475033860316,0.41808353962510636,0.05121507391182812,5,0.42337060819356076,0.017224277627171516,0.39717771215568576,0.43997545008183303,0.42471833390235575,0.04068368775211894,5,0.4286324786324786,0.011513312393790137,0.41595441595441596,0.44195156695156695,0.4301994301994302,0.026860569293588158
minecraft,mlp,50,23,5,0.5456000000000001,0.02051341024793292,0.52,0.572,0.54,0.03759789268316151,5,0.541469057258531,0.017351733428230796,0.5205963627016259,0.559732664995823,0.5357946147419832,0.03204566021940936,5,0.5385623793855654,0.01507888584874571,0.5197233606557377,0.5592948717948718,0.5353535353535354,0.02799840171894089,5,0.5414749346550406,0.01585389809544014,0.5204610655737705,0.5604230769230769,0.5383272727272727,0.029279098774055424,5,0.5438982559275614,0.02060453034064776,0.5205172524166186,0.5707156019656019,0.5363197704747,0.037883060142395376,5,0.541469057258531,0.017351733428230796,0.5205963627016259,0.559732664995823,0.5357946147419832,0.03204566021940936
minecraft,mlp,50,24,5,0.5896551724137932,0.03579864713194812,0.5574712643678161,0.6379310344827587,0.5804597701149425,0.06071115595476581,5,0.590625,0.04021945042325648,0.5508814102564102,0.6418269230769231,0.578926282051282,0.06809642399704802,5,0.5875557745369069,0.03761668692992461,0.550930115635998,0.6376318138243364,0.5781047596904374,0.06402232530107105,5,0.589882156622648,0.0358187239870488,0.556536814548985,0.6387090081946564,0.5813655433551368,0.06072182991960258,5,0.5904164551692596,0.04012319348250982,0.5513131313131313,0.640606381570237,0.5782470541506686,0.0679574444973885,5,0.590625,0.04021945042325648,0.5508814102564102,0.6418269230769231,0.578926282051282,0.06809642399704802
minecraft,mlp,50,25,5,0.7329073482428115,0.028807192533801537,0.6996805111821086,0.7763578274760383,0.7348242811501597,0.03930536731944151,5,0.7330638575861506,0.02871225307868087,0.7000857422831945,0.7764372039849747,0.7349746856116283,0.03916746512810662,5,0.7317808831755072,0.030184988993000466,0.6949444260119442,0.7762459150326797,0.734292698393217,0.04124867113501929,5,0.7317384823464916,0.03021783212054663,0.6948229879306579,0.7762299275407715,0.7342547281962923,0.04129594499888272,5,0.736504860324165,0.02536989017194929,0.7136970172684458,0.7770707153380259,0.7370068363396755,0.03444633095942232,5,0.7330638575861506,0.02871225307868087,0.7000857422831945,0.7764372039849747,0.7349746856116283,0.03916746512810662
minecraft,mlp,50,26,5,0.5599999999999999,0.035746341299283786,0.5061224489795918,0.6,0.5673469387755102,0.06383275232014962,5,0.5689903846153845,0.03674272823597722,0.5141225961538461,0.6109441773504274,0.5763888888888888,0.0645753060674547,5,0.5461081129418761,0.03349494070039954,0.4939485498711186,0.5803621364653244,0.5535959845984598,0.061333900571377345,5,0.542571304797798,0.03336255427609627,0.4904245264449816,0.5762863534675615,0.5500782986461912,0.061489713851582355,5,0.583343954700167,0.04749316506577849,0.5161278023486351,0.6434305939226519,0.5904061956693536,0.08141537198270873,5,0.5689903846153845,0.03674272823597722,0.5141225961538461,0.6109441773504274,0.5763888888888888,0.0645753060674547
minecraft,mlp,50,27,5,0.34206349206349207,0.019113642188559214,0.31746031746031744,0.36904761904761907,0.3412698412698413,0.05587746904311974,5,0.3632478632478632,0.018975300063073165,0.3384615384615384,0.38888888888888884,0.36182336182336183,0.052237884879519074,5,0.28973382882976284,0.023317108650703265,0.2638586956521739,0.326984126984127,0.28409090909090906,0.08047768790024018,5,0.2759901663658638,0.024272714408437975,0.24967003105590066,0.3149659863945578,0.26866883116883117,0.08794775092189724,5,0.28055026535296557,0.03458136454199317,0.24349049964813513,0.33585858585858586,0.26882477128782545,0.12326263351947182,5,0.3632478632478632,0.018975300063073165,0.3384615384615384,0.38888888888888884,0.36182336182336183,0.052237884879519074
minecraft,mlp,50,28,5,0.4575875486381323,0.028407334238823315,0.42023346303501946,0.48638132295719844,0.4669260700389105,0.06208065390627204,5,0.4888034188034188,0.03129703260136287,0.44819902319902316,0.5201465201465202,0.4994810744810745,0.06402785127398944,5,0.40174485757714545,0.01973656796012272,0.3737755318974963,0.423296613627091,0.4065065318162663,0.04912712032992927,5,0.3854518084281703,0.01875825614141126,0.3585107830951672,0.4062266334554148,0.3895595881684515,0.04866563272307723,5,0.4853657673631078,0.05656020843438745,0.41403242147923,0.5458333333333334,0.4989060489060489,0.1165311034226155,5,0.4888034188034188,0.03129703260136287,0.44819902319902316,0.5201465201465202,0.4994810744810745,0.06402785127398944
minecraft,mlp,50,29,5,0.46640625,0.027704098791401788,0.4453125,0.50390625,0.44921875,0.059399072785585066,5,0.4791428395744942,0.024982608807869896,0.4560659164975712,0.5154338068007133,0.46777962245588145,0.052140211111274995,5,0.4584084118130008,0.03289625497538057,0.4314314314314315,0.49986924485055456,0.4411855131279592,0.07176189207627365,5,0.45332602828836316,0.03530980153925675,0.4230720121317567,0.4960077616641285,0.43705852625591834,0.07789052323462882,5,0.47595355934419636,0.028084535739327083,0.45328538738149726,0.5164827948515891,0.46044685990338163,0.05900688247404644,5,0.4791428395744942,0.024982608807869896,0.4560659164975712,0.5154338068007133,0.46777962245588145,0.052140211111274995
minecraft,mlp,50,3,5,0.72,0.021358995277612206,0.6985507246376812,0.7478260869565218,0.7246376811594203,0.02966527121890584,5,0.7234025234025234,0.021085219920577408,0.6996845746845747,0.7508140008140007,0.7296499796499796,0.02914728555466338,5,0.7195690705589081,0.02136371744517298,0.6976336546888694,0.7474101439884203,0.7245543705720697,0.029689599399511744,5,0.7204618664509956,0.02144925778990452,0.6986317702823545,0.7483905809846594,0.725012578802498,0.029771537937967264,5,0.7218802404491786,0.02060688350930804,0.6978991596638655,0.7485714285714287,0.728395061728395,0.028546124903606907,5,0.7234025234025234,0.021085219920577408,0.6996845746845747,0.7508140008140007,0.7296499796499796,0.02914728555466338
minecraft,mlp,50,30,5,0.5544715447154471,0.02432239886447413,0.516260162601626,0.573170731707317,0.5650406504065041,0.04386590997551786,5,0.5596899224806201,0.026866334599620276,0.5172927847346451,0.5842774796263168,0.5661896243291592,0.0480021767777149,5,0.5489936953670018,0.021759621131956383,0.5162521688837478,0.5694067047860369,0.5555364363761507,0.039635466337022494,5,0.5472614354293919,0.021332625642709387,0.516348093498286,0.5674428646531953,0.5512178334379059,0.03898068502848442,5,0.5655584117277936,0.032844362294968135,0.517280190677966,0.6050892267019168,0.5661414194915254,0.05807421764734764,5,0.5596899224806201,0.026866334599620276,0.5172927847346451,0.5842774796263168,0.5661896243291592,0.0480021767777149
minecraft,mlp,50,31,5,0.6,0.02657867266444778,0.5767326732673267,0.6435643564356436,0.594059405940594,0.04429778777407963,5,0.6008931419457735,0.02581913784562362,0.5797448165869219,0.6422770212243896,0.5937430990062569,0.042967935633310354,5,0.5984035629388719,0.026553042006160182,0.5748336790020125,0.6423020167240532,0.5937009419152276,0.04437313487198041,5,0.5983137152316093,0.026934260265094073,0.5738490153088865,0.6430383815558142,0.5941191499448217,0.04501695277813869,5,0.6026338369663786,0.026142540976182998,0.5809394982784063,0.643119832160928,0.5936879276097992,0.04338047313735805,5,0.6008931419457735,0.02581913784562362,0.5797448165869219,0.6422770212243896,0.5937430990062569,0.042967935633310354
minecraft,mlp,50,32,5,0.5626984126984127,0.03265079750908605,0.5357142857142857,0.6190476190476191,0.5515873015873016,0.058025394727007656,5,0.5806837606837607,0.03236058418865104,0.5495726495726496,0.6353276353276354,0.5700854700854701,0.05572841257097691,5,0.5414523776797152,0.037062416932164666,0.5120923913043478,0.6059164657587802,0.5291588815952645,0.06845000310274409,5,0.5345241329931728,0.038218721473056265,0.5026882763975156,0.6007781883848867,0.5218186714160523,0.0715004601551721,5,0.6073289099907789,0.03916563084127933,0.5576923076923077,0.6663294685238503,0.6078125,0.06448833605150459,5,0.5806837606837607,0.03236058418865104,0.5495726495726496,0.6353276353276354,0.5700854700854701,0.05572841257097691
minecraft,mlp,50,33,5,0.8737642585551331,0.009467604257025673,0.8669201520912547,0.8859315589353612,0.8669201520912547,0.010835421756300052,5,0.8650802013815712,0.010158210336435174,0.8563692776021543,0.8768879522304179,0.8606135112984428,0.011742507018669558,5,0.8697683186110361,0.00998360433278653,0.861929832455864,0.8821684587813621,0.8637688880995723,0.011478463999159801,5,0.8722733704879918,0.009723051449341704,0.8648242178443907,0.8844903716423402,0.8660535544935422,0.011146793858790117,5,0.8827282197459496,0.009875640594883543,0.8701478187717823,0.8965262379896526,0.8797093313373254,0.011187634397511123,5,0.8650802013815712,0.010158210336435174,0.8563692776021543,0.8768879522304179,0.8606135112984428,0.011742507018669558
minecraft,mlp,50,34,5,0.5389937106918239,0.023278937765184582,0.5,0.559748427672956,0.5408805031446541,0.04318962782572169,5,0.5445631528964862,0.0229599761563578,0.5054605887939221,0.5645773979107312,0.5483143399810066,0.042162191904163177,5,0.4944596348814804,0.03822169515081059,0.4575067326159029,0.5380932896890344,0.4834905660377359,0.07729992997299395,5,0.4917061039287782,0.03900646436569291,0.4546420179607953,0.5365037210882253,0.4802420790316838,0.07932881868666583,5,0.5756186404455436,0.043374507804774844,0.5082059820419813,0.6264498757249379,0.5871794871794872,0.07535285474980773,5,0.5445631528964862,0.0229599761563578,0.5054605887939221,0.5645773979107312,0.5483143399810066,0.042162191904163177
minecraft,mlp,50,35,5,0.6922279792746113,0.01889594044436319,0.6735751295336787,0.7150259067357513,0.6839378238341969,0.027297279234746227,5,0.6571794871794872,0.014201986270752486,0.6394648829431439,0.6760869565217391,0.6541248606465998,0.021610513638679163,5,0.6592393621139726,0.014584037509971712,0.6411686586985392,0.6799336650082919,0.6566230486685032,0.022122522331198952,5,0.6793829368653967,0.014885281574177973,0.6618417521623351,0.6986913446584005,0.6733360453332191,0.021910002101108304,5,0.6889894439786398,0.032977178894535185,0.6613777089783281,0.7389281129653402,0.6738261093911249,0.04786311195728211,5,0.6571794871794872,0.014201986270752486,0.6394648829431439,0.6760869565217391,0.6541248606465998,0.021610513638679163
minecraft,mlp,50,36,5,0.5514792899408284,0.03305145572489691,0.5059171597633136,0.5946745562130178,0.5591715976331361,0.059932360702871,5,0.5741758241758241,0.03159174758079783,0.5325091575091575,0.6172161172161172,0.5787545787545788,0.05502103406416464,5,0.5203654747470015,0.042675019451617606,0.45533844743571183,0.568664710539798,0.5333059670858679,0.08200970572147574,5,0.5110402986256293,0.044561482923629235,0.44257100548893863,0.5605170480397531,0.524384187667391,0.08719759095999093,5,0.6094725851543451,0.04230192018548033,0.5611055941741145,0.6720341173429827,0.6039758195768425,0.06940742080263977,5,0.5741758241758241,0.03159174758079783,0.5325091575091575,0.6172161172161172,0.5787545787545788,0.05502103406416464
minecraft,mlp,50,37,5,0.5594117647058823,0.04726059684177538,0.5,0.6323529411764706,0.5529411764705883,0.08448266522714844,5,0.5710841694537347,0.04445928771018519,0.5160953177257526,0.6403288740245262,0.5650083612040134,0.07785067436331199,5,0.5545761789116176,0.051069197785509245,0.48802437641723356,0.6316359696641387,0.5494333042720139,0.09208689396961658,5,0.5509740673342647,0.052849136498490226,0.4815759637188209,0.6302976228411191,0.5461592902200112,0.09591946269664946,5,0.5750347081547031,0.044513951253312964,0.5188233376792699,0.6435546526961047,0.570160926455106,0.07741089472000576,5,0.5710841694537347,0.04445928771018519,0.5160953177257526,0.6403288740245262,0.5650083612040134,0.07785067436331199
minecraft,mlp,50,38,5,0.6206060606060606,0.019093313941846518,0.6,0.6454545454545455,0.6242424242424243,0.03076559375395191,5,0.6241158267020336,0.01735981871200465,0.602343059239611,0.64157824933687,0.6311892130857648,0.027815059271510192,5,0.6154127540745188,0.020038796138532898,0.5927601809954751,0.6414209426514976,0.610493451111788,0.03256155483593772,5,0.6147075672312081,0.02179442508768734,0.5897984368572604,0.6434953669502079,0.6065018137512808,0.03545494841694354,5,0.6331834007711946,0.024382466537527,0.6021736731766523,0.6668770284890011,0.630842151675485,0.03850774753069969,5,0.6241158267020336,0.01735981871200465,0.602343059239611,0.64157824933687,0.6311892130857648,0.027815059271510192
minecraft,mlp,50,39,5,0.7624309392265193,0.028171378528136958,0.7403314917127072,0.8066298342541437,0.7513812154696132,0.036949416765165145,5,0.727781926811053,0.03325286456564197,0.6987179487179487,0.7771969131192432,0.7115384615384616,0.04569069846423253,5,0.7276503087178338,0.039036862849986906,0.6915182942306994,0.7845018199135967,0.7076558630343491,0.05364783383212239,5,0.7410189966308773,0.03588849838040102,0.7084673211341744,0.7940397571293496,0.7232720603326577,0.048431279823556404,5,0.8317408891674486,0.028588588392003022,0.7973094980137234,0.8638888888888889,0.8433333333333333,0.03437198863773485,5,0.727781926811053,0.03325286456564197,0.6987179487179487,0.7771969131192432,0.7115384615384616,0.04569069846423253
minecraft,mlp,50,4,5,0.2899628252788104,0.03165313450915688,0.25650557620817843,0.3345724907063197,0.2899628252788104,0.10916273311491284,5,0.3140463337831759,0.038526233181817124,0.2722390913180387,0.3669028340080972,0.3205409356725146,0.12267690795083896,5,0.27334060712682523,0.023582641831267633,0.25103018153469203,0.3066311469508244,0.2624000459393887,0.08627566199970318,5,0.25979540068286444,0.020859819176012907,0.2426980592054736,0.28852101673892927,0.2485495142660635,0.0802932581607815,5,0.27730163404610186,0.02785063342666021,0.2537689969604863,0.3176144244105409,0.260593220338983,0.1004344367549958,5,0.3140463337831759,0.038526233181817124,0.2722390913180387,0.3669028340080972,0.3205409356725146,0.12267690795083896
minecraft,mlp,50,5,5,0.4512605042016807,0.016434964046729377,0.42436974789915966,0.46638655462184875,0.453781512605042,0.0364201251687299,5,0.4559228650137741,0.01688670666065862,0.42851592851592857,0.47181606272515364,0.4588542770360952,0.03703851672398235,5,0.4074389186582422,0.012603494416721327,0.3893435714954584,0.420860035293025,0.4075540484917384,0.03093345735902337,5,0.40475204318475305,0.012687299550100641,0.38688559420397056,0.41869250347115716,0.4044163148314658,0.03134585671333943,5,0.43673779206681884,0.01892684404160948,0.40524344569288384,0.451530612244898,0.44082255747126436,0.043336858832481714,5,0.4559228650137741,0.01688670666065862,0.42851592851592857,0.47181606272515364,0.4588542770360952,0.03703851672398235
minecraft,mlp,50,6,5,0.6698924731182796,0.029837498764541122,0.6236559139784946,0.6935483870967742,0.6881720430107527,0.044540728492814194,5,0.6708689458689459,0.043357000660262573,0.6082621082621082,0.7058404558404558,0.6923076923076923,0.06462812286549385,5,0.6640250540713526,0.03650583864522836,0.609009009009009,0.6931137291226445,0.6858474082702388,0.054976598279536666,5,0.6699177697063495,0.03162555459258898,0.621214763150247,0.6949765490117717,0.6886768523768315,0.047208114223409335,5,0.6698698505908925,0.04033399706883461,0.6111111111111112,0.7034198113207547,0.6873265494912119,0.06021169191784937,5,0.6708689458689459,0.043357000660262573,0.6082621082621082,0.7058404558404558,0.6923076923076923,0.06462812286549385
minecraft,mlp,50,7,5,0.36217948717948717,0.0157018573255332,0.34615384615384615,0.38461538461538464,0.3557692307692308,0.04335380075722441,5,0.36217948717948717,0.01570185732553318,0.34615384615384615,0.3846153846153846,0.3557692307692308,0.04335380075722436,5,0.2821169305805046,0.00374212125725422,0.2777777777777778,0.2879287748000181,0.28189882522176934,0.013264433472865862,5,0.2821169305805046,0.0037421212572542263,0.2777777777777778,0.2879287748000181,0.28189882522176934,0.013264433472865886,5,0.2495806395799502,0.013810888632545074,0.23031117940837498,0.2685161290322581,0.2516802263883976,0.05533637807719825,5,0.36217948717948717,0.01570185732553318,0.34615384615384615,0.3846153846153846,0.3557692307692308,0.04335380075722436
minecraft,mlp,50,8,5,0.6766839378238342,0.019593440830247725,0.6580310880829016,0.6994818652849741,0.6735751295336787,0.028955084841024586,5,0.6800222965440357,0.021222332414966117,0.6573578595317726,0.7063545150501672,0.6848383500557413,0.03120828908525625,5,0.6720526319263695,0.019473028811040703,0.6521952817824377,0.6926834534315709,0.6718484333252368,0.02897545204937785,5,0.679161993759963,0.019024110890400955,0.6608322751071242,0.70057888944931,0.676411844733262,0.028011153546858614,5,0.674630372275791,0.021007167335601876,0.6522653721682847,0.6992036160137753,0.6784330606973741,0.031138780877499658,5,0.6800222965440357,0.021222332414966117,0.6573578595317726,0.7063545150501672,0.6848383500557413,0.03120828908525625
minecraft,mlp,50,9,5,0.6558823529411765,0.018123172858626822,0.6360294117647058,0.6801470588235294,0.6470588235294118,0.0276317433718974,5,0.6599283154121863,0.01755188487885692,0.6400330851943755,0.6813895781637718,0.664130135097877,0.02659665371062938,5,0.6525325293083057,0.01655484886248326,0.6356304886134527,0.6711460692894565,0.6467532467532467,0.02537015109427824,5,0.655572397995841,0.017611536559066377,0.6373148308076326,0.678746904896007,0.6470588235294118,0.026864365572600125,5,0.6606576325365023,0.0185681610258298,0.6400330851943755,0.680672268907563,0.6675296898744865,0.028105572555848557,5,0.6599283154121863,0.01755188487885692,0.6400330851943755,0.6813895781637718,0.664130135097877,0.02659665371062938
minecraft,random-forest,10,0,5,0.7033850113196122,0.011067089353114404,0.6921161825726141,0.7195020746887967,0.7039800995024875,0.015734042060907113,5,0.7004321143198451,0.010752119565027385,0.6903133903133902,0.7159726358282046,0.7005698005698006,0.015350694728593699,5,0.6989140346619092,0.010762313691978744,0.6874486852538715,0.7141423357664234,0.6984719165020272,0.015398622946790412,5,0.6999935848645575,0.010787597940804389,0.6888025250123073,0.7153442166156829,0.6996884477168528,0.015410995434896295,5,0.7100604499925514,0.013298449548100633,0.6930124562021157,0.7293277000913498,0.7113016810540663,0.01872861606112569,5,0.7004321143198451,0.010752119565027385,0.6903133903133902,0.7159726358282046,0.7005698005698006,0.015350694728593699
minecraft,random-forest,10,1,5,0.8310912269976638,0.005122392913784001,0.8234057463209531,0.8359046283309958,0.8318149964961458,0.006163454440842509,5,0.8286482017535193,0.005082745172053334,0.820919540229885,0.8331191893354322,0.8294665487768936,0.006133779282085731,5,0.8264327452847473,0.005220902500475939,0.8183091418385535,0.8312343203098067,0.8274486094316809,0.006317395493177219,5,0.8268947092089052,0.005211402563735859,0.818799610052341,0.8316574923809692,0.8278910186937192,0.006302377443824302,5,0.8639120282954271,0.00804685515806639,0.8571456685165506,0.877199314667148,0.8624443954504779,0.009314438154013817,5,0.8286482017535193,0.005082745172053334,0.820919540229885,0.8331191893354322,0.8294665487768936,0.006133779282085731
minecraft,random-forest,10,10,5,0.6402704733283245,0.020295236553443775,0.6040570999248686,0.6513899323816679,0.6483846731780616,0.03169791111550536,5,0.6401841114151787,0.02022060540343763,0.6041051381400095,0.651305985314439,0.6482442355108787,0.03158560958149734,5,0.6399081654837417,0.02012007279997817,0.6040132891865877,0.6511755057408419,0.6478262639420338,0.03144212542555743,5,0.6399413164253759,0.02014704750327942,0.6039976424943446,0.6512079946258156,0.6478789440586402,0.03148264846504685,5,0.6407384891774045,0.020495755989247345,0.6041677021720762,0.6516223187618789,0.6491006949175637,0.03198770845740872,5,0.6401841114151787,0.02022060540343763,0.6041051381400095,0.651305985314439,0.6482442355108787,0.03158560958149734
minecraft,random-forest,10,11,5,0.5877762733918233,0.0238652386030673,0.5677540777917189,0.622961104140527,0.5768989328311362,0.04060258925619861,5,0.5918981498442346,0.023489871184540285,0.5716672966672967,0.6265246015246015,0.5809170706474943,0.039685664147999004,5,0.5735638650628802,0.02790138713801196,0.5454067743904163,0.613838377853049,0.5642892158454156,0.04864565018396533,5,0.5719120267867612,0.02820505360290746,0.5431681921132339,0.6125723668580519,0.5626606546110975,0.049317119210405734,5,0.6073222823395239,0.02399516168862985,0.5825662437013368,0.6417895563615825,0.5975514595962086,0.039509766702772384,5,0.5918981498442346,0.023489871184540285,0.5716672966672967,0.6265246015246015,0.5809170706474943,0.039685664147999004
minecraft,random-forest,10,12,5,0.6797306397306397,0.003071179596226644,0.6767676767676768,0.6841750841750842,0.6787878787878788,0.00451823033524526,5,0.6800960994297157,0.0030466975970441746,0.6771935266205216,0.6844934917940011,0.6791225893517914,0.004479804544679696,5,0.6689113500236482,0.0051797194312608805,0.6619404089344862,0.676273739763066,0.6693894149825212,0.0077435065664198405,5,0.6687911145507048,0.005193995110099269,0.6617973806274138,0.676171567206014,0.6692616818857012,0.007766244193582932,5,0.7076055864794427,0.006356021556719843,0.7011074544432587,0.7153367133252507,0.7047408934265194,0.008982435523641103,5,0.6800960994297157,0.0030466975970441746,0.6771935266205216,0.6844934917940011,0.6791225893517914,0.004479804544679696
minecraft,random-forest,10,13,5,0.5080185553346587,0.007988101367954487,0.4983432736911862,0.5188866799204771,0.5096090125911199,0.01572403465202625,5,0.5112627572537113,0.007783839614002438,0.5016816379892037,0.5216504301619433,0.5127019019905533,0.015224734255657412,5,0.4928124803155252,0.010471109784275463,0.48200459175506527,0.5085352067183463,0.49257943639074286,0.021247655452173803,5,0.491247886751182,0.010634141345607574,0.4803585305152322,0.5072589976934261,0.4908526634092775,0.021647200186316093,5,0.5128607125435536,0.008653641059780393,0.5019529496273683,0.523914334626,0.5144163459045492,0.01687327737947075,5,0.5112627572537113,0.007783839614002438,0.5016816379892037,0.5216504301619433,0.5127019019905533,0.015224734255657412
minecraft,random-forest,10,14,5,0.7122437673130194,0.0076926559369351125,0.7008310249307479,0.7218836565096953,0.7130193905817175,0.010800594248730458,5,0.7121500203812021,0.007513946273206122,0.7009819810528487,0.7215559451721107,0.7129209454913343,0.010551072187267552,5,0.711934377115852,0.007411246864214139,0.7007052633130426,0.7209393286110255,0.7128987525854742,0.010410014044044567,5,0.7119679439796779,0.007462114576035043,0.700667874723995,0.72103825820041,0.7129346179357088,0.01048096987952036,5,0.7130049558957251,0.00832662210001152,0.701421188630491,0.7242737439193841,0.7131727296641484,0.011678210692871067,5,0.7121500203812021,0.007513946273206122,0.7009819810528487,0.7215559451721107,0.7129209454913343,0.010551072187267552
minecraft,random-forest,10,15,5,0.7716032766103278,0.0057780805089291945,0.7642023346303501,0.778988326848249,0.7704280155642024,0.00748840846595733,5,0.7673129426928297,0.005594182842212865,0.7604857636060359,0.7746785173978821,0.7659541196322588,0.007290614468955107,5,0.7648136349369306,0.005563993353346418,0.7587024948732297,0.7722518447513205,0.7629656818453254,0.00727496621291963,5,0.7659749618876457,0.0055778547961446885,0.7597514333836084,0.7733796720707158,0.7641766745979501,0.007282032799608477,5,0.7957447442409847,0.008796395981251042,0.781254744689874,0.8047202797202797,0.7973481768207398,0.01105429353434363,5,0.7673129426928297,0.005594182842212865,0.7604857636060359,0.7746785173978821,0.7659541196322588,0.007290614468955107
minecraft,random-forest,10,16,5,0.5923462986198244,0.014993595228396115,0.5721455457967378,0.6141781681304893,0.5909661229611042,0.025312212236881387,5,0.5942840042840043,0.014215083219055276,0.575029925029925,0.6148727398727398,0.5934842184842185,0.02391968001255841,5,0.5892458634126395,0.017294188130146253,0.5655773211531238,0.6140321866233573,0.5876757906127932,0.02934969798512681,5,0.5885499134637071,0.01764922724052939,0.5644379352455581,0.6138720778735999,0.58705783235443,0.029987647329112604,5,0.5975875606324752,0.012373573512087946,0.5807642750576427,0.6152384639084856,0.5987630286330419,0.020705875301339927,5,0.5942840042840043,0.014215083219055276,0.575029925029925,0.6148727398727398,0.5934842184842185,0.02391968001255841
minecraft,random-forest,10,17,5,0.4919117647058823,0.014114966044450337,0.475,0.5088235294117647,0.4948529411764706,0.028694101375863167,5,0.49710112938233453,0.013937043857950016,0.4800426737299047,0.5133355405952249,0.500404664680131,0.028036636881648768,5,0.4716124036193244,0.01645877613041899,0.4554007883183514,0.49461954054703566,0.47165052661341633,0.034898946686109995,5,0.4690311096065264,0.016674121990764536,0.4528179464688318,0.4925014018566814,0.4688825192620344,0.03555014080996158,5,0.4963171585657557,0.01663958014783827,0.47615538749919206,0.5153153153153154,0.5005037769803554,0.03352610293773218,5,0.49710112938233453,0.013937043857950016,0.4800426737299047,0.5133355405952249,0.500404664680131,0.028036636881648768
minecraft,random-forest,10,18,5,0.4124881962200847,0.013886347807724318,0.39767441860465114,0.4290697674418605,0.41686046511627906,0.03366483680011828,5,0.41341459444985207,0.013866113875449686,0.3985337941254415,0.4299915088778198,0.4177564508190958,0.033540455662679006,5,0.3137413577164495,0.007929803291015378,0.3029692807665648,0.32330128205128206,0.3158142502872322,0.025274969639744172,5,0.3131072952707807,0.007938776116409802,0.3023717720104886,0.322679114490161,0.3152027754622455,0.025354810431817656,5,0.29493984096156534,0.01316549519482788,0.2760575821237586,0.31135691280840583,0.29726428269078864,0.0446379002304525,5,0.41341459444985207,0.013866113875449686,0.3985337941254415,0.4299915088778198,0.4177564508190958,0.033540455662679006
minecraft,random-forest,10,19,5,0.4906340655060178,0.009973135332326107,0.48190695002871914,0.5054566341183228,0.48563218390804597,0.02032703400250096,5,0.4954672514689218,0.009759225246087449,0.48673334970050713,0.5100156544097654,0.49086861777831226,0.019697013712115335,5,0.4307574806795328,0.016021445850392734,0.4170016296101626,0.4528156975719123,0.42235347004927215,0.03719365668384546,5,0.428063081446607,0.016238436038330438,0.41401269424710574,0.45037861717624517,0.4195358310103263,0.03793468005569148,5,0.49118572807488237,0.017359284680938968,0.47577838827838825,0.5167685419677623,0.48204261954261957,0.0353415901332795,5,0.4954672514689218,0.009759225246087449,0.48673334970050713,0.5100156544097654,0.49086861777831226,0.019697013712115335
minecraft,random-forest,10,2,5,0.5137573964497042,0.01654392527588874,0.49556213017751477,0.5318047337278107,0.5133136094674556,0.032201824032538975,5,0.5165514101141182,0.0165430190933569,0.4990181849227354,0.5351176755172316,0.5161501465608014,0.03202589087831967,5,0.5042446865526661,0.017691662577964052,0.4805284945836742,0.5233637670259048,0.5039245907563007,0.035085471497806726,5,0.5029519039127257,0.01782524604504752,0.47882904012523997,0.5223807183546878,0.5026121472805479,0.035441253738927356,5,0.5181329677220475,0.018281645122748567,0.49887290885011576,0.5397914434258047,0.517675950883498,0.035283694073980944,5,0.5165514101141182,0.0165430190933569,0.4990181849227354,0.5351176755172316,0.5161501465608014,0.03202589087831967
minecraft,random-forest,10,20,5,0.6827656594724221,0.00990658212105316,0.6722621902478018,0.6992,0.6810551558752997,0.014509490897225332,5,0.6821404386565534,0.009833541185406301,0.6716507177033493,0.6984237918596287,0.6804456508403877,0.014415713580583264,5,0.6622368949423381,0.011222883689566813,0.6491627677911844,0.6800248355191495,0.6603294071648502,0.0169469320952648,5,0.6624490043737499,0.01123753228220534,0.64937865024405,0.6802754912639972,0.6605266981371162,0.016963618645376044,5,0.739819829391633,0.012448081101553158,0.7292771850995721,0.75991334936236,0.734058492149107,0.01682582786648127,5,0.6821404386565534,0.009833541185406301,0.6716507177033493,0.6984237918596287,0.6804456508403877,0.014415713580583264
minecraft,random-forest,10,21,5,0.45678601165695254,0.006805267857353045,0.4454621149042465,0.46378018318068276,0.4587843463780183,0.014898152928693049,5,0.4665145965145965,0.006718254251887695,0.45537240537240536,0.473530636030636,0.46823038073038076,0.014400951871775982,5,0.37330432057869894,0.010231365576957358,0.356292330869666,0.38130856824032155,0.3753200819409769,0.027407573427215157,5,0.36740117172585823,0.010411069521833193,0.3501082966301314,0.3756573938349837,0.3694262500559011,0.028337061291686803,5,0.42154808694166135,0.01845874679087017,0.3903704309651383,0.43807375186651953,0.4263779783159125,0.043787998007033306,5,0.4665145965145965,0.006718254251887695,0.45537240537240536,0.473530636030636,0.46823038073038076,0.014400951871775982
minecraft,random-forest,10,22,5,0.37270440251572323,0.015383755791389843,0.3584905660377358,0.3955974842767296,0.3742138364779874,0.04127602380747528,5,0.3762393162393162,0.015575556811363432,0.3617283950617284,0.39940645773979105,0.37770655270655273,0.04139800424646801,5,0.35161069027246566,0.013584272759533734,0.3376558456833686,0.3718745105583735,0.3537406490412012,0.03863441338773626,5,0.3494074546166247,0.013517357680785016,0.33543938607120194,0.3695713092264943,0.35157034648606483,0.03868651770929293,5,0.355630741678422,0.015835493738930898,0.3396332583079571,0.3794134890683788,0.35776507167432775,0.04452791022562975,5,0.3762393162393162,0.015575556811363432,0.3617283950617284,0.39940645773979105,0.37770655270655273,0.04139800424646801
minecraft,random-forest,10,23,5,0.502861888422578,0.021249942391705964,0.4796380090497738,0.5331825037707391,0.5015082956259427,0.042258009367869734,5,0.5028737481260397,0.021239002075084543,0.4796380090497738,0.5331825037707392,0.5015082956259427,0.042235257167891026,5,0.5012166975437633,0.022907914282260064,0.47410592143834274,0.5330866395701725,0.4999928691512065,0.0457046111881775,5,0.5012107205768077,0.022912750635570397,0.47410592143834274,0.5330866395701727,0.49999286915120644,0.04571480555962918,5,0.5026949187012928,0.02151367544420628,0.4787435907787961,0.5332097775996794,0.5015268054532056,0.04279668372178227,5,0.5028737481260397,0.021239002075084543,0.4796380090497738,0.5331825037707392,0.5015082956259427,0.042235257167891026
minecraft,random-forest,10,24,5,0.4656118143459915,0.02218452489852343,0.43354430379746833,0.49261603375527424,0.46835443037974683,0.04764596647893116,5,0.4681570512820513,0.022087007024203204,0.4362446581196581,0.4951923076923077,0.47142094017094016,0.047178627265610514,5,0.443820551532559,0.02574037262788963,0.40797888114246506,0.4720741894215239,0.4369166368110422,0.05799725258103848,5,0.4424423448918956,0.025920909911788057,0.4064215965137339,0.4707559962022459,0.4353204201238806,0.058585960885189366,5,0.4614490963426866,0.02718963518869084,0.4219369150855467,0.49423775656655655,0.46262574515648286,0.05892228504549712,5,0.4681570512820513,0.022087007024203204,0.4362446581196581,0.4951923076923077,0.47142094017094016,0.047178627265610514
minecraft,random-forest,10,25,5,0.6512048241994395,0.018792741056784083,0.6306709265175718,0.6777493606138107,0.6517571884984026,0.028858418055927322,5,0.6517848902798578,0.018748622375065287,0.6313204311611955,0.6782695436743171,0.6523354564755839,0.028765046036914366,5,0.639988308955382,0.022249090118719464,0.6150765957446809,0.6719471024191455,0.6402412662258918,0.03476483836874371,5,0.6397812769372536,0.022278145475694205,0.6148290666847936,0.6717797295866069,0.6400356247567398,0.034821502720966825,5,0.6731257455598112,0.015188742139107309,0.6571994134897361,0.6922644148267294,0.6751643192488264,0.022564494434060684,5,0.6517848902798578,0.018748622375065287,0.6313204311611955,0.6782695436743171,0.6523354564755839,0.028765046036914366
minecraft,random-forest,10,26,5,0.5261748675150737,0.012243910846540092,0.5130848532910388,0.5440126883425852,0.5226011102299762,0.023269661100241226,5,0.5285872300519171,0.012415290385213185,0.5154369440083726,0.5466378859236003,0.5249051543694401,0.023487685058138412,5,0.5008840452693666,0.00981561242410217,0.4876426056804044,0.513870032349441,0.4987626246619337,0.019596576327008994,5,0.4997100815430457,0.009768081183728872,0.4864655621966384,0.5126220879930369,0.4976357144350808,0.019547496727634936,5,0.5367828814039092,0.017469304909736437,0.5194871599433424,0.5628811777076761,0.5311023349922084,0.032544452356690255,5,0.5285872300519171,0.012415290385213185,0.5154369440083726,0.5466378859236003,0.5249051543694401,0.023487685058138412
minecraft,random-forest,10,27,5,0.35386442887440706,0.005470617459874074,0.34902840059790735,0.3632286995515695,0.35276532137518685,0.01545964220612775,5,0.3566054417118928,0.005417116453947269,0.351610524551701,0.3658186693480811,0.35547511312217195,0.015190784604806573,5,0.2909647895499612,0.010984154388607496,0.27577356231526173,0.3067188868346794,0.29150179528319287,0.037750802788188986,5,0.2890413368743179,0.01109728433258619,0.2736764236833447,0.3049437094718452,0.289471704246394,0.03839341615490644,5,0.2732342680589504,0.01893362946393132,0.2448292448292448,0.29782470363649216,0.2752869190064644,0.06929449076221429,5,0.3566054417118928,0.005417116453947269,0.351610524551701,0.3658186693480811,0.35547511312217195,0.015190784604806573
minecraft,random-forest,10,28,5,0.4752387950036738,0.003970391208260492,0.4709772226304188,0.48126377663482733,0.4739162380602498,0.008354518296911766,5,0.48400882504202913,0.0039047677546915236,0.47917341942287167,0.4895424116307312,0.4829841348044618,0.008067554872274181,5,0.4114250710200822,0.010152987923469187,0.40046078843973965,0.4263760536810182,0.40905476277594827,0.02467761115844495,5,0.40644801298893773,0.010501781018651915,0.39509111681166614,0.42181294132143793,0.4039072200970011,0.025837944049532706,5,0.46970618836911165,0.007698124650896608,0.46334895353666683,0.48212874541170914,0.46608742463393626,0.016389234039316407,5,0.48400882504202913,0.0039047677546915236,0.47917341942287167,0.4895424116307312,0.4829841348044618,0.008067554872274181
minecraft,random-forest,10,29,5,0.3887988209285188,0.005480027249101907,0.3795136330140015,0.393515106853353,0.3898305084745763,0.014094763034555131,5,0.39388640404066744,0.005938147254140672,0.3838721034855973,0.39887464628946234,0.3951375939424761,0.015075786300883789,5,0.35927555308960707,0.003024113181182196,0.3557673218185428,0.36352176705054984,0.35825189279054614,0.008417252872276425,5,0.35614706338480884,0.003174407603258028,0.35227510965648606,0.36060733148365126,0.3555834152726226,0.008913193255304628,5,0.3667110059403343,0.003287969684219578,0.3635019005967465,0.370722201924248,0.36557032207734314,0.008966105818908929,5,0.39388640404066744,0.005938147254140672,0.3838721034855973,0.39887464628946234,0.3951375939424761,0.015075786300883789
minecraft,random-forest,10,3,5,0.6712387028176502,0.018387862850405803,0.6475279106858054,0.6927166400850612,0.6709197235513025,0.027393925250762962,5,0.6718508343508344,0.01838079082475084,0.6481227106227107,0.6932234432234432,0.6716218966218965,0.02735844012534568,5,0.6659608545329808,0.018771230039566177,0.6422720361014371,0.6894472068992308,0.6639967379080537,0.028186686817695764,5,0.6657613158474855,0.018786111707455127,0.6420645673678437,0.6892947462843475,0.6637659717199454,0.02821748764952078,5,0.6839301583068281,0.019678984229080085,0.6577604144089471,0.7021326167841861,0.687598709820932,0.02877338276440151,5,0.6718508343508344,0.01838079082475084,0.6481227106227107,0.6932234432234432,0.6716218966218965,0.02735844012534568
minecraft,random-forest,10,30,5,0.5323343848580442,0.007419119764285032,0.5260252365930599,0.5449526813880127,0.5299684542586751,0.013936953868316178,5,0.5341366061474757,0.007589295489239688,0.5274128045867177,0.5470417263895525,0.5320164437012262,0.014208529057722501,5,0.5268697769689534,0.006747863658694593,0.5216977728212024,0.5378678920523632,0.5229988551742182,0.012807460123286252,5,0.5260803851534044,0.006725251960600898,0.5208053202383722,0.5369653711178856,0.5223995717249426,0.012783696466158538,5,0.5361220615305535,0.008475584757276323,0.5282726141132086,0.5505364012329341,0.5343038447181785,0.015809057984071225,5,0.5341366061474757,0.007589295489239688,0.5274128045867177,0.5470417263895525,0.5320164437012262,0.014208529057722501
minecraft,random-forest,10,31,5,0.6487354085603113,0.004976800483379937,0.642023346303502,0.6551556420233463,0.6473735408560312,0.007671541305914792,5,0.6483906688321276,0.00515028401084291,0.641334181345993,0.6548465437805464,0.6471159998031399,0.00794318033619998,5,0.6482384018922007,0.005347461352153587,0.6407584351553516,0.6548106270769145,0.6471023017424471,0.008249220250673836,5,0.6484027308594175,0.005281974349540463,0.6410487426319763,0.6549592488999928,0.6472355420087691,0.008146132177049185,5,0.6489360085536245,0.0046870926269652925,0.6428850275566442,0.6551998087618564,0.6475565312008515,0.007222734699854426,5,0.6483906688321276,0.00515028401084291,0.641334181345993,0.6548465437805464,0.6471159998031399,0.00794318033619998
minecraft,random-forest,10,32,5,0.527434085413096,0.014503874293218874,0.5134529147982063,0.5493273542600897,0.523168908819133,0.02749893246254492,5,0.5299066294630539,0.014657777996882846,0.5157667169431875,0.5519255907491202,0.5255974526562761,0.027661057971166247,5,0.49139395736506175,0.011557369397411664,0.4800775731008289,0.5095603078993582,0.4868410611791467,0.023519559457719528,5,0.4901601506738086,0.011514744573164298,0.47889614507614303,0.5083078025021699,0.48561652698903485,0.023491800705004926,5,0.5431606113464943,0.02310412674891442,0.5214770984001753,0.578034332688588,0.5361923688143133,0.0425364547175822,5,0.5299066294630539,0.014657777996882846,0.5157667169431875,0.5519255907491202,0.5255974526562761,0.027661057971166247
minecraft,random-forest,10,33,5,0.8463261021693492,0.004157718902033038,0.8418474457662701,0.8516445066480056,0.8467459762071379,0.004912667695555822,5,0.8447996880596605,0.004251620866741501,0.8401825007739726,0.8502274891545869,0.8452417341688319,0.0050326970130713964,5,0.8447018907900908,0.004372114052272197,0.8399150983051384,0.8502682783135436,0.8451737862420565,0.005175925495067551,5,0.8449794193507062,0.0043498845658144335,0.840222796945446,0.8505194148709272,0.8454467358887721,0.005147917767224372,5,0.8571508179801463,0.0029651005669102002,0.8539729131577448,0.861083614472435,0.8572365566544611,0.0034592518664304413,5,0.8447996880596605,0.004251620866741501,0.8401825007739726,0.8502274891545869,0.8452417341688319,0.0050326970130713964
minecraft,random-forest,10,34,5,0.4779106356198867,0.0062077257624456724,0.4675896790434235,0.48332284455632474,0.4789175582127124,0.012989302392054482,5,0.48532883268359167,0.006150152722623967,0.47513311780926115,0.49074514278469783,0.4859132832556813,0.012672135485166066,5,0.37965809550908447,0.012172732141976004,0.3633379935893064,0.39394056647577774,0.3832618460921749,0.032062353696563635,5,0.3751545715839887,0.012387171347216737,0.3586361290820445,0.3897988307440616,0.3787567077093598,0.0330188468580171,5,0.455575705775287,0.021050018281264984,0.42111811546118116,0.4726166138379879,0.4657773157773158,0.046205313440589646,5,0.48532883268359167,0.006150152722623967,0.47513311780926115,0.49074514278469783,0.4859132832556813,0.012672135485166066
minecraft,random-forest,10,35,5,0.6010714285714285,0.051066433322143195,0.54375,0.6705357142857142,0.58125,0.08495900968627508,5,0.6014652014652014,0.04922066983827503,0.5472840167962119,0.6688331993210042,0.5818591977128562,0.08183460941442804,5,0.598862251664473,0.05228578659907075,0.5361890383005483,0.6681481481481482,0.5812096032860312,0.08730853623474856,5,0.5987746838451866,0.05306180515609251,0.5347085702754809,0.6688518518518519,0.5811067752868381,0.08861731564090584,5,0.6031619376089947,0.04947740171812799,0.551285512076442,0.6723331563742716,0.5819714034667305,0.08203004638234015,5,0.6014652014652014,0.04922066983827503,0.5472840167962119,0.6688331993210042,0.5818591977128562,0.08183460941442804
minecraft,random-forest,10,36,5,0.549922961053319,0.0069722253007641725,0.5429839156960621,0.5585135884636716,0.5490848585690515,0.012678549168795602,5,0.5511760159680275,0.006974594926509038,0.5442516260972926,0.5596432552954292,0.550145075195464,0.012654024711615208,5,0.5215597003039207,0.0105312730049365,0.5105625893656707,0.5352972412899883,0.5213935208165678,0.020191884071564133,5,0.5209663109736841,0.010587208784676979,0.5099284363368118,0.5347787620727101,0.5206845733143867,0.020322252248690564,5,0.5675838954205579,0.009436524601488179,0.5596001630769842,0.5803762997194257,0.5618326360684439,0.01662577933874617,5,0.5511760159680275,0.006974594926509038,0.5442516260972926,0.5596432552954292,0.550145075195464,0.012654024711615208
minecraft,random-forest,10,37,5,0.476138391026634,0.011650338673500932,0.46115702479338844,0.48925619834710743,0.4743801652892562,0.024468387538297116,5,0.48000002293280747,0.011605297941194349,0.46519079575345557,0.4931853454871358,0.4781224269715318,0.024177702889024464,5,0.41527891586740784,0.01665368594237464,0.3891908594898448,0.4333681896181897,0.41528641513715614,0.04010241143013364,5,0.4130588987471202,0.016766766250752928,0.38676503369309617,0.4312694486895149,0.413135689395052,0.04059170811138426,5,0.46427476733448164,0.02244796904124781,0.4321146568016787,0.48734678139459375,0.46234322742474915,0.048350611794233944,5,0.48000002293280747,0.011605297941194349,0.46519079575345557,0.4931853454871358,0.4781224269715318,0.024177702889024464
minecraft,random-forest,10,38,5,0.60690330991458,0.017895012401654555,0.5848291835552982,0.6282570932252461,0.6100811123986095,0.029485771636627307,5,0.6076310931878632,0.017883442752976146,0.5856348293057154,0.6290608126051164,0.6108074974521069,0.029431414806561036,5,0.6021600214594247,0.018375298678408217,0.5784772185315489,0.6226239002752885,0.6061240758768552,0.03051564040049178,5,0.6018804090185499,0.01839584137576733,0.5781476354406939,0.6223302267091769,0.605849599355115,0.030563947754611784,5,0.6133280474483935,0.018809572151142432,0.5914322250639386,0.6377125193199382,0.6157833002211222,0.030668044987336246,5,0.6076310931878632,0.017883442752976146,0.5856348293057154,0.6290608126051164,0.6108074974521069,0.029431414806561036
minecraft,random-forest,10,39,5,0.7386875612144956,0.00781706951586088,0.7277179236043095,0.7482859941234085,0.7414299706170421,0.01058237599535131,5,0.7370501692261644,0.007876381717528328,0.7259860014274859,0.7466960605990836,0.7398061381898556,0.010686357654320617,5,0.7221060026565266,0.009603482335192192,0.7083672395794804,0.7333030449944454,0.7253564179688454,0.013299269497639305,5,0.7225711161037882,0.00957033597781424,0.7088822767968713,0.7337364360849526,0.7258119437523977,0.013244836064606245,5,0.8084264633165953,0.0046216764434011855,0.8046892517669997,0.8155604531532239,0.8067522490649954,0.005716879213033936,5,0.7370501692261644,0.007876381717528328,0.7259860014274859,0.7466960605990836,0.7398061381898556,0.010686357654320617
minecraft,random-forest,10,4,5,0.3591455273698264,0.015105084778350814,0.3384512683578104,0.37983978638184246,0.35714285714285715,0.042058395907006545,5,0.36252948192042955,0.0152149233815832,0.3417344550279265,0.38346997969468943,0.3604424382773823,0.04196878913401773,5,0.2894886878213938,0.012563117971334189,0.27121585445898067,0.3010318961122454,0.29117241684294315,0.04339761275606483,5,0.2871143648885829,0.012560716407515604,0.2688515322119889,0.2985250844933318,0.2888627296552,0.04374812946886128,5,0.2689147345344496,0.017688177733070486,0.24388688868886887,0.28710274873641206,0.27294533262176024,0.06577615675724353,5,0.36252948192042955,0.0152149233815832,0.3417344550279265,0.38346997969468943,0.3604424382773823,0.04196878913401773
minecraft,random-forest,10,5,5,0.4925801011804385,0.006236041176087895,0.4822934232715008,0.49831365935919053,0.49325463743676223,0.01265995350024006,5,0.4987746917530611,0.006258261598668525,0.48847931510161124,0.5045593526458751,0.4993856393190836,0.012547271748436936,5,0.36196469625733313,0.007137628409836935,0.34941123916733674,0.36649564823168734,0.3643662218391888,0.019719128643315396,5,0.3580702719288342,0.007178512502437139,0.3454446068060184,0.3625971488268073,0.3604546182346286,0.020047775716672326,5,0.4934238173682496,0.04055391987116559,0.4272970401881069,0.5319017672345168,0.49646643109540634,0.08218881708521093,5,0.4987746917530611,0.006258261598668525,0.48847931510161124,0.5045593526458751,0.4993856393190836,0.012547271748436936
minecraft,random-forest,10,6,5,0.66488076068774,0.014864242993635982,0.6462128475551294,0.682341650671785,0.6708253358925144,0.022356253741288426,5,0.6692932099099422,0.014878434095424985,0.6503411198445641,0.6868621320276089,0.6747831986313492,0.02223006878767973,5,0.6583270721235659,0.015465155570501075,0.6400935893011943,0.6762441155902245,0.6648885799105633,0.02349159897164052,5,0.6570008174412383,0.015543050186521284,0.6387887474676346,0.6749649124262607,0.6635217639545465,0.023657581199145836,5,0.6864988164877045,0.016231578277176344,0.6638729784366577,0.7056175626934764,0.6878152275977923,0.02364400037893883,5,0.6692932099099422,0.014878434095424985,0.6503411198445641,0.6868621320276089,0.6747831986313492,0.02223006878767973
minecraft,random-forest,10,7,5,0.35090354984310446,0.00955060935803826,0.33926218708827405,0.36231884057971014,0.35111989459815546,0.027217192195144554,5,0.3592395489763911,0.00976896677970117,0.3473783210625316,0.37077621288147605,0.3593364909154383,0.027193461319992857,5,0.26554627406468184,0.007023033416127066,0.25630215774627246,0.2745519713261649,0.26745886520131984,0.026447493721626813,5,0.2595749605087153,0.00695694425794551,0.25041150477524277,0.2685678666043322,0.26158791576996293,0.026801291789898696,5,0.21991048343577813,0.009357585629460123,0.20753454748781852,0.2323350062058173,0.21962929634344408,0.04255179418125775,5,0.3592395489763911,0.00976896677970117,0.3473783210625316,0.37077621288147605,0.3593364909154383,0.027193461319992857
minecraft,random-forest,10,8,5,0.6786034019695613,0.006669500638205621,0.6714413607878246,0.6893464637421666,0.6768128916741272,0.009828274687171082,5,0.6783982217432305,0.007091601933206896,0.6704146699768416,0.6895315717557399,0.677232283186749,0.010453450062094978,5,0.6781932589778239,0.007081232088133999,0.6702191759883835,0.689330528003206,0.67680874716372,0.010441318893093784,5,0.6783710686581104,0.006941251975604265,0.6706685086352369,0.6893803271874573,0.6767828439736753,0.010232234681432972,5,0.6788873669390237,0.006508547229791121,0.6720280920341145,0.6894489294714365,0.677298251243382,0.0095870796051736,5,0.6783982217432305,0.007091601933206896,0.6704146699768416,0.6895315717557399,0.677232283186749,0.010453450062094978
minecraft,random-forest,10,9,5,0.5543073198287671,0.02495793417017767,0.52443857331572,0.5885072655217966,0.5521796565389696,0.045025445772369575,5,0.5587619129989934,0.02442436089323274,0.5296730232387616,0.5921083183628292,0.5568119722133476,0.04371157075138144,5,0.5358712274408244,0.03093198636625416,0.49627362257120045,0.5779908951601176,0.5320514223194749,0.05772279753473038,5,0.5339086524226534,0.03132072957097119,0.4937560850744836,0.5765828455719431,0.5300001373034754,0.058663086707531086,5,0.5700731787435148,0.025896973864188925,0.5392372100754201,0.6038513928475819,0.5701100293224806,0.04542745533348517,5,0.5587619129989934,0.02442436089323274,0.5296730232387616,0.5921083183628292,0.5568119722133476,0.04371157075138144
minecraft,random-forest,100,0,5,0.6980392156862745,0.0305341402007793,0.6666666666666666,0.7450980392156863,0.696078431372549,0.043742728939318666,5,0.6842490842490843,0.02790795884927013,0.6550671550671551,0.7203907203907204,0.6935286935286935,0.04078625677650292,5,0.6824766461555972,0.029233797353462116,0.6533386645341863,0.7243243243243244,0.6873949579831933,0.04283486844295201,5,0.6987894009506641,0.028953242269801057,0.6693322670931628,0.7421303656597774,0.6996539792387544,0.0414334307738666,5,0.6831977012161621,0.031683868482659736,0.6519511233740638,0.7309168443496802,0.6863354037267081,0.04637584176038531,5,0.6842490842490843,0.02790795884927013,0.6550671550671551,0.7203907203907204,0.6935286935286935,0.04078625677650292
minecraft,random-forest,100,1,5,0.8625,0.026486423168198825,0.8214285714285714,0.8928571428571429,0.8660714285714286,0.030708896426897187,5,0.8133122585177379,0.025125206044805188,0.7853881278538812,0.8521250439058659,0.8076923076923077,0.030892447250943804,5,0.8349736669736838,0.028648368204588298,0.7953216374269005,0.8733031674208145,0.834368530020704,0.03431050503475485,5,0.8553713561258423,0.026049906698893247,0.8175125313283208,0.8884130575307047,0.8563664596273292,0.030454499688741955,5,0.8912521067962975,0.04563930127514708,0.8116609129267357,0.9195402298850575,0.9147727272727273,0.051208071125018156,5,0.8133122585177379,0.025125206044805188,0.7853881278538812,0.8521250439058659,0.8076923076923077,0.030892447250943804
minecraft,random-forest,100,10,5,0.7264150943396226,0.027504490070025023,0.6886792452830188,0.7547169811320755,0.7358490566037735,0.03786332399250198,5,0.6871412169919633,0.026869991682435576,0.6519326444699578,0.7148871029468045,0.6946039035591274,0.03910403133734568,5,0.6930575945786389,0.028616385291858584,0.6552675667685031,0.7227364185110664,0.7014084507042253,0.041290053692083994,5,0.7197723812280813,0.026927651588048402,0.6836168697505165,0.7476101894385179,0.7281955886260962,0.037411343211174945,5,0.7070790026269154,0.032937544822724485,0.6621732026143792,0.741505376344086,0.7187096774193549,0.04658255258656538,5,0.6871412169919633,0.026869991682435576,0.6519326444699578,0.7148871029468045,0.6946039035591274,0.03910403133734568
minecraft,random-forest,100,11,5,0.5725,0.036869703009381534,0.51875,0.60625,0.59375,0.06440122796398522,5,0.5782363977485929,0.03632445732762152,0.5248592870544091,0.6105378361475923,0.5980300187617261,0.06281938921356998,5,0.5500790193598867,0.04380081224633315,0.49156039783748096,0.5963963963963964,0.5588547189819725,0.07962640039844288,5,0.547630134877814,0.04441695063280768,0.4886209813874789,0.5948198198198199,0.5557529162248145,0.08110757207091587,5,0.6000567024673937,0.046641503792528946,0.5325886452141833,0.6543784299689812,0.6105625110209839,0.07772849399188801,5,0.5782363977485929,0.03632445732762152,0.5248592870544091,0.6105378361475923,0.5980300187617261,0.06281938921356998
minecraft,random-forest,100,12,5,0.6947368421052632,0.05596188739556693,0.6140350877192983,0.7719298245614035,0.6929824561403509,0.08055120155422511,5,0.7310769230769231,0.05387374140663746,0.6512820512820513,0.8020512820512821,0.7364102564102564,0.07369093416311942,5,0.6905916975088121,0.05495960151799634,0.6110421836228288,0.7660984848484849,0.6910569105691057,0.07958335108321374,5,0.7015645878765807,0.055291966847998385,0.6218166383701188,0.7777611642743221,0.7005551228317446,0.07881236853095748,5,0.710017410133448,0.0478258350698798,0.6389324960753533,0.7719298245614035,0.7138880296937828,0.06735867936096232,5,0.7310769230769231,0.05387374140663746,0.6512820512820513,0.8020512820512821,0.7364102564102564,0.07369093416311942
minecraft,random-forest,100,13,5,0.5948275862068966,0.052082094713769754,0.5517241379310345,0.6637931034482759,0.5603448275862069,0.08755830415648248,5,0.6036963036963037,0.04334978203498057,0.5422910422910423,0.6513486513486513,0.6118881118881119,0.07180726761048412,5,0.5797042716137619,0.04536612497777939,0.5351614677457374,0.6301201864115771,0.5595264686173778,0.07825735844845623,5,0.6026350444779809,0.05042610975893776,0.5622306034482759,0.666679353479993,0.5706047149286204,0.08367603281786946,5,0.5961240085081194,0.040434953663038876,0.5384848484848486,0.6351471900089206,0.6060606060606061,0.06782976878289601,5,0.6036963036963037,0.04334978203498057,0.5422910422910423,0.6513486513486513,0.6118881118881119,0.07180726761048412
minecraft,random-forest,100,14,5,0.7266272189349112,0.03169963369462455,0.6982248520710059,0.7692307692307693,0.7100591715976331,0.043625717381038674,5,0.7287545787545787,0.03343055298819297,0.6987179487179487,0.7728937728937728,0.7142857142857143,0.045873540918706615,5,0.7261312535301683,0.032157062808507594,0.6975471102221287,0.7691984452148335,0.7100591715976331,0.04428546857358424,5,0.7267683771768325,0.0316854304051137,0.6986484407265542,0.7694085513184158,0.7100591715976331,0.0435977010009672,5,0.7282769781151842,0.03331966999819885,0.6976043709722611,0.7720505617977528,0.7142857142857143,0.04575137070024067,5,0.7287545787545787,0.03343055298819297,0.6987179487179487,0.7728937728937728,0.7142857142857143,0.045873540918706615
minecraft,random-forest,100,15,5,0.8169811320754718,0.02548916242661565,0.7924528301886793,0.8584905660377359,0.8113207547169812,0.031199205741584968,5,0.7823574435514734,0.027311148701308855,0.757558362035974,0.8291236127057022,0.7757367011098355,0.03490878616471166,5,0.793167467507444,0.028269295655976745,0.770869788986104,0.8411747078213965,0.7867203219315895,0.03564101758335346,5,0.8116214665208992,0.02586272627546095,0.791248028506338,0.855027394394468,0.8058539918757829,0.03186550299898332,5,0.818308851497491,0.031695122827971114,0.7779083431257344,0.8631756756756757,0.8098924731182795,0.0387324697392306,5,0.7823574435514734,0.027311148701308855,0.757558362035974,0.8291236127057022,0.7757367011098355,0.03490878616471166
minecraft,random-forest,100,16,5,0.6837500000000001,0.03867937111691451,0.63125,0.73125,0.6875,0.05656946415636491,5,0.6823952470293934,0.03891309060021797,0.6296122576610381,0.7303001876172608,0.6854283927454659,0.05702426968771345,5,0.6820067934453456,0.03922811749878675,0.6287994966772836,0.7303969591284925,0.6843434343434344,0.05751866092215164,5,0.68258000956401,0.03909262265823871,0.6295534976996578,0.7307760884047181,0.6851325757575758,0.05727185401050444,5,0.6849488490472538,0.03875778237225243,0.6320273928969581,0.7319319792158715,0.6911669890393295,0.05658492955519745,5,0.6823952470293934,0.03891309060021797,0.6296122576610381,0.7303001876172608,0.6854283927454659,0.05702426968771345
minecraft,random-forest,100,17,5,0.46605504587155966,0.01004995518358103,0.44954128440366975,0.47706422018348627,0.46788990825688076,0.021563880216738822,5,0.5195604395604396,0.016767696846295962,0.49194139194139197,0.5346153846153846,0.5232600732600733,0.03227285137506202,5,0.46486913619481135,0.009737025540257929,0.4494949494949495,0.4763590391908976,0.46676788124156543,0.020945734578037164,5,0.458747603258308,0.009139199157680702,0.44805856732462235,0.4708938864983357,0.45981131374661066,0.019922064099667184,5,0.5213864724894386,0.01837221839586954,0.4918458117123795,0.539873417721519,0.5249019607843137,0.0352372364172561,5,0.5195604395604396,0.016767696846295962,0.49194139194139197,0.5346153846153846,0.5232600732600733,0.03227285137506202
minecraft,random-forest,100,18,5,0.4,0.019638608176993522,0.37575757575757573,0.4303030303030303,0.4,0.049096520442483804,5,0.42161803713527846,0.0207737217259521,0.39610963748894784,0.4538019451812555,0.42108753315649866,0.049271425546926345,5,0.3026981805172744,0.01129852744858378,0.2877498847491723,0.31782195636875443,0.3013558017193448,0.03732605009146726,5,0.2885070672290021,0.010884102257336827,0.2740935189030407,0.30271255837758304,0.2870364826140884,0.037725600145169354,5,0.2836754264397988,0.022771295506448682,0.25689655172413794,0.31493506493506496,0.27726510067114096,0.08027235842115205,5,0.42161803713527846,0.0207737217259521,0.39610963748894784,0.4538019451812555,0.42108753315649866,0.049271425546926345
minecraft,random-forest,100,19,5,0.474251497005988,0.044690079418072556,0.40718562874251496,0.5209580838323353,0.46706586826347307,0.09423286948002674,5,0.4973926822241429,0.044078292012389185,0.43114376260443676,0.5458081244598099,0.4920772111783348,0.08861869823916294,5,0.4135604767729248,0.05625872687837768,0.3320809598836505,0.47411674347158217,0.4098471312289061,0.13603506630365905,5,0.40119457804703684,0.05822121529358049,0.31732825707208784,0.46519771516874087,0.39774316762544,0.1451196463745692,5,0.49161763055045543,0.09406024869938692,0.3501567398119122,0.6037181996086105,0.48129251700680276,0.19132806240913156,5,0.4973926822241429,0.044078292012389185,0.43114376260443676,0.5458081244598099,0.4920772111783348,0.08861869823916294
minecraft,random-forest,100,2,5,0.6185185185185185,0.04263283123415312,0.5648148148148148,0.6759259259259259,0.6203703703703703,0.06892733193545714,5,0.5899665551839466,0.04049524452025613,0.5535117056856187,0.657190635451505,0.5836120401337793,0.0686398985915906,5,0.5881760664696968,0.040784227214770576,0.5477145148356055,0.654320987654321,0.5847382431233363,0.06934016791870229,5,0.6185879395760608,0.03989254641430473,0.5721435148059045,0.6783264746227708,0.621387579948053,0.06448969315768496,5,0.5903976404866681,0.039672970706917325,0.55,0.6525974025974026,0.5904411764705882,0.0671970346531444,5,0.5899665551839466,0.04049524452025613,0.5535117056856187,0.657190635451505,0.5836120401337793,0.0686398985915906
minecraft,random-forest,100,20,5,0.7588235294117647,0.024607647839237485,0.7352941176470589,0.7843137254901961,0.7549019607843137,0.03242868319899514,5,0.7139194139194138,0.03002210852402106,0.6733821733821734,0.7521367521367521,0.7087912087912087,0.042052517327130584,5,0.7220172170237538,0.032288108426401015,0.678082992402104,0.7607675906183369,0.7177642501383509,0.044719305392046854,5,0.7456282618464456,0.028094256782554054,0.7100147832364975,0.7784271917722313,0.7418535759627591,0.03767863722464396,5,0.7675370652526252,0.03380075745293828,0.7223214285714286,0.8145294441386901,0.7597560975609756,0.04403794811109634,5,0.7139194139194138,0.03002210852402106,0.6733821733821734,0.7521367521367521,0.7087912087912087,0.042052517327130584
minecraft,random-forest,100,21,5,0.41980198019801984,0.01798604170750984,0.39603960396039606,0.43564356435643564,0.42574257425742573,0.042844108784398434,5,0.47890818858560796,0.01565276333149344,0.4605045492142267,0.49751861042183626,0.47332506203473945,0.032684267474569206,5,0.4054448061812703,0.023269326558634736,0.37622759947352435,0.42458770614692654,0.42111613876319753,0.05739209432178853,5,0.3849467262003467,0.028240862747614413,0.3509122604069661,0.4094000704418268,0.40023296447291784,0.07336304175481251,5,0.4714433728102871,0.022147408482082607,0.4431547619047619,0.49665551839464883,0.4664319248826291,0.04697787636733822,5,0.47890818858560796,0.01565276333149344,0.4605045492142267,0.49751861042183626,0.47332506203473945,0.032684267474569206
minecraft,random-forest,100,22,5,0.45534591194968554,0.08687444855261385,0.389937106918239,0.5786163522012578,0.4025157232704403,0.19078780828543648,5,0.4566951566951567,0.08509758438813675,0.3919753086419753,0.5764482431149098,0.40479582146248816,0.186333450531728,5,0.44779194290381064,0.08909252931595515,0.3757134183363692,0.5718419677665689,0.39475898545498256,0.1989596524185183,5,0.4470082826155289,0.09008290318735167,0.3739354572636355,0.5728581254317722,0.39346619581907294,0.20152401351549862,5,0.4529151886699848,0.09100796084785923,0.3806878306878307,0.5807962529274004,0.3987373737373737,0.20093819576930083,5,0.4566951566951567,0.08509758438813675,0.3919753086419753,0.5764482431149098,0.40479582146248816,0.186333450531728
minecraft,random-forest,100,23,5,0.5584905660377358,0.0418723415493814,0.49056603773584906,0.6037735849056604,0.5660377358490566,0.07497412507152751,5,0.5457328740910831,0.03856587835288956,0.4845005740528129,0.5784538844240337,0.5656333716035209,0.07066805058632568,5,0.5402329788895994,0.037675279902291504,0.4786885245901639,0.5692724458204335,0.55591985428051,0.06973894851760008,5,0.5634602992529618,0.03885175651902904,0.49947417259511284,0.6014735089666452,0.5736261470254665,0.06895207447718832,5,0.5441046815103721,0.0368253240894551,0.48556149732620324,0.573005698005698,0.5611408199643494,0.06768058673421488,5,0.5457328740910831,0.03856587835288956,0.4845005740528129,0.5784538844240337,0.5656333716035209,0.07066805058632568
minecraft,random-forest,100,24,5,0.6988505747126437,0.037598683296083055,0.6666666666666666,0.7586206896551724,0.6781609195402298,0.05380074747959253,5,0.6895833333333333,0.03666073361761854,0.6594551282051282,0.7451923076923077,0.672275641025641,0.053163601620715706,5,0.6903597943254429,0.0376077686360897,0.6602020202020202,0.7478260869565218,0.6729323308270676,0.05447560669844136,5,0.6954840953096516,0.03722010500143792,0.665050505050505,0.753223388305847,0.6772102670469277,0.0535168313013202,5,0.6991627521988668,0.042386141705276124,0.6625816993464052,0.7684210526315789,0.6810344827586208,0.06062414162077672,5,0.6895833333333333,0.03666073361761854,0.6594551282051282,0.7451923076923077,0.672275641025641,0.053163601620715706
minecraft,random-forest,100,25,5,0.7859872611464969,0.0605263134685585,0.6815286624203821,0.8343949044585988,0.8089171974522293,0.07700673593649664,5,0.7859298928919183,0.06011369774884197,0.6823271665043817,0.8343881856540085,0.808666017526777,0.07648735376083837,5,0.7845299657218726,0.06244697478620335,0.6767951251646904,0.8343881856540085,0.8085365853658537,0.07959794719726705,5,0.7845284466232986,0.06257005611933003,0.6765459916249171,0.8343949044585988,0.8085909585210502,0.07975498707362214,5,0.7910886796588209,0.05566803268764294,0.6943099273607749,0.8343881856540085,0.8107843137254902,0.07036889051635947,5,0.7859298928919183,0.06011369774884197,0.6823271665043817,0.8343881856540085,0.808666017526777,0.07648735376083837
minecraft,random-forest,100,26,5,0.5592233009708737,0.02235119307421618,0.5339805825242718,0.5922330097087378,0.5631067961165048,0.03996827928201852,5,0.6102564102564102,0.03007230593669772,0.5749198717948718,0.6518429487179487,0.6183894230769231,0.04927814838366434,5,0.5573182257622942,0.02120006599112586,0.5335849056603774,0.5890957446808511,0.5604551920341394,0.03803942704749809,5,0.5507398017210381,0.019013970341766263,0.5302875984612567,0.5803811196033878,0.5521689292767473,0.03452441657993199,5,0.6214780270497429,0.037743750598797914,0.5775290215588723,0.6730593607305936,0.6323924731182795,0.06073223662946481,5,0.6102564102564102,0.03007230593669772,0.5749198717948718,0.6518429487179487,0.6183894230769231,0.04927814838366434
minecraft,random-forest,100,27,5,0.28785046728971964,0.020261199428671776,0.2616822429906542,0.308411214953271,0.29906542056074764,0.07038793308012598,5,0.3762820512820513,0.023385195264754816,0.3425716440422323,0.39385369532428355,0.3902714932126697,0.06214804874449321,5,0.24977950144116087,0.021650822119643916,0.22893569844789358,0.28070494186046513,0.2550821498189919,0.08667973950914494,5,0.20414674103948954,0.024372275223094306,0.18010858528296414,0.2424438980656379,0.20602388629934126,0.11938606072765964,5,0.26026919474997695,0.04048369020305829,0.21658986175115208,0.31835205992509363,0.26963993453355156,0.15554545455119356,5,0.3762820512820513,0.023385195264754816,0.3425716440422323,0.39385369532428355,0.3902714932126697,0.06214804874449321
minecraft,random-forest,100,28,5,0.4055045871559633,0.024617262137612363,0.3853211009174312,0.44036697247706424,0.3944954128440367,0.06070772789592189,5,0.5132967032967033,0.023059691805073876,0.4945054945054945,0.5472527472527473,0.4987179487179487,0.04492468324259736,5,0.3708980605620107,0.03102724945251013,0.3418942056411643,0.4118531623175586,0.36627906976744184,0.08365438580480974,5,0.32908635947837966,0.03621652983301298,0.2938144287281545,0.3750228241948639,0.3282483464902923,0.11005175021662464,5,0.525550417895991,0.044778962917032754,0.4899193548387097,0.5914893617021277,0.4967532467532467,0.08520393361364376,5,0.5132967032967033,0.023059691805073876,0.4945054945054945,0.5472527472527473,0.4987179487179487,0.04492468324259736
minecraft,random-forest,100,29,5,0.491743119266055,0.04966006826687836,0.42201834862385323,0.5412844036697247,0.5137614678899083,0.10098782539346533,5,0.5191208791208791,0.06263784460967453,0.43644688644688645,0.5917582417582418,0.532051282051282,0.12066138567909361,5,0.4891462508593761,0.0502330533312717,0.4188880426504189,0.5412457912457913,0.5137614678899083,0.10269536614666423,5,0.4968878723101051,0.046467813607240824,0.43101797829747684,0.540048806103852,0.5137614678899083,0.0935177052947682,5,0.51993343113355,0.061274383526651384,0.4404598490048044,0.5928465530022239,0.5295209176788125,0.11785043980161465,5,0.5191208791208791,0.06263784460967453,0.43644688644688645,0.5917582417582418,0.532051282051282,0.12066138567909361
minecraft,random-forest,100,3,5,0.6890173410404625,0.022535940681639246,0.653179190751445,0.7109826589595376,0.6878612716763006,0.03270736357318447,5,0.6957354925775978,0.02093352975673941,0.6647098515519568,0.715047233468286,0.6997300944669366,0.030088345326732945,5,0.6881306118467735,0.022900831898430153,0.6522380058965425,0.710741037988229,0.6870142053068883,0.033279774949947286,5,0.6880882878715312,0.023739673650131854,0.6504602122817265,0.7115625492906782,0.6881765208632691,0.03450091226456705,5,0.6978366656978556,0.019441826610610908,0.6700808249721293,0.7143244709712425,0.7062430323299889,0.027860139150425053,5,0.6957354925775978,0.02093352975673941,0.6647098515519568,0.715047233468286,0.6997300944669366,0.030088345326732945
minecraft,random-forest,100,30,5,0.5788461538461538,0.054984532521137684,0.5096153846153846,0.6634615384615384,0.5769230769230769,0.09498989006973953,5,0.5882051282051283,0.04853542055030261,0.535897435897436,0.6641025641025641,0.5794871794871794,0.08251444644558856,5,0.572696689959553,0.05243166250539601,0.5092069954659018,0.65422247553909,0.5691148775894539,0.09155223598218984,5,0.5839888227324506,0.055467244695685286,0.5127463680947534,0.6683528070675406,0.5816326530612245,0.09497997656214925,5,0.5835541762894951,0.04557364313334806,0.5349462365591398,0.6547619047619048,0.5745467998520163,0.07809667891184699,5,0.5882051282051283,0.04853542055030261,0.535897435897436,0.6641025641025641,0.5794871794871794,0.08251444644558856
minecraft,random-forest,100,31,5,0.6655737704918032,0.012460933607640867,0.6502732240437158,0.6775956284153005,0.6666666666666666,0.018722092366159925,5,0.666043956043956,0.012180933016167534,0.6521978021978022,0.6778388278388279,0.66996336996337,0.018288482172434343,5,0.6624074282753163,0.012333200881568453,0.648499399759904,0.6744459520578924,0.6647042921935542,0.018618753889399934,5,0.6671375264288871,0.012400786389331996,0.6521834963493595,0.6791704665940047,0.6684888715345568,0.01858805103606152,5,0.6629497474834356,0.011844009167531566,0.6501807228915663,0.6743893678160919,0.666268514094601,0.017865621357412913,5,0.666043956043956,0.012180933016167534,0.6521978021978022,0.6778388278388279,0.66996336996337,0.018288482172434343
minecraft,random-forest,100,32,5,0.5214953271028037,0.01218542505645355,0.5046728971962616,0.5327102803738317,0.5233644859813084,0.023366316864525626,5,0.5972850678733032,0.014567453825099476,0.5774886877828054,0.6159502262443439,0.5976621417797888,0.024389449207174122,5,0.5146912282031778,0.012053992575018872,0.4983635559486953,0.5277189265536724,0.5172932330827067,0.02341985235905454,5,0.4992048993547911,0.012434738172802667,0.48311598126707644,0.5145599028459792,0.5026210385777528,0.02490908680758989,5,0.6218081244727703,0.021547177667551258,0.5951388888888889,0.6543674698795181,0.6199074074074074,0.03465245438184176,5,0.5972850678733032,0.014567453825099476,0.5774886877828054,0.6159502262443439,0.5976621417797888,0.024389449207174122
minecraft,random-forest,100,33,5,0.8928571428571429,0.022763479971396366,0.8660714285714286,0.9285714285714286,0.8928571428571429,0.025495097567963927,5,0.8473480857042501,0.03279492504786086,0.8076923076923077,0.8974358974358974,0.8461538461538461,0.03870301426432592,5,0.8709581073453172,0.02997324088373397,0.834368530020704,0.9168831168831169,0.8711162255466054,0.034414101701277566,5,0.8870753373658076,0.025431903544418037,0.8563664596273292,0.9263450834879406,0.8871855992109158,0.028669384068255928,5,0.9271427882058163,0.014405258069377237,0.9147727272727273,0.9506172839506173,0.9244186046511628,0.015537259473542295,5,0.8473480857042501,0.03279492504786086,0.8076923076923077,0.8974358974358974,0.8461538461538461,0.03870301426432592
minecraft,random-forest,100,34,5,0.5836477987421383,0.019076416211450436,0.559748427672956,0.5974842767295597,0.5974842767295597,0.032684807948498054,5,0.5882241215574548,0.019278778898032003,0.5648148148148149,0.6028015194681862,0.6018518518518519,0.03277454662516581,5,0.5595375609792554,0.019934717530985305,0.5283898305084747,0.5769870302627202,0.5657220894503243,0.035627130189610945,5,0.5576127721669734,0.020065708276503797,0.5260952990086345,0.5752301234227055,0.5635061228959591,0.03598502272199615,5,0.6166687046584538,0.029533725416209005,0.5806422018348624,0.6496543778801843,0.629009623095429,0.04789236942478938,5,0.5882241215574548,0.019278778898032003,0.5648148148148149,0.6028015194681862,0.6018518518518519,0.03277454662516581
minecraft,random-forest,100,35,5,0.6494845360824743,0.045524540548081686,0.5876288659793815,0.711340206185567,0.6597938144329897,0.07009334020895117,5,0.6287798408488063,0.054803278172445166,0.5501768346595933,0.6998231653404068,0.6357206012378426,0.08715813487033043,5,0.6285721654839529,0.05584443649360785,0.5471521942110178,0.6998231653404068,0.6376089663760897,0.08884331753795027,5,0.6455558543218365,0.05037208072446925,0.5736713929558077,0.711340206185567,0.6551719710878021,0.07802900459695415,5,0.6319578004565194,0.05220672829717237,0.5575557809330629,0.6998231653404068,0.6433239962651727,0.08261109880985534,5,0.6287798408488063,0.054803278172445166,0.5501768346595933,0.6998231653404068,0.6357206012378426,0.08715813487033043
minecraft,random-forest,100,36,5,0.5514792899408284,0.017453113850594823,0.5266272189349113,0.5739644970414202,0.5562130177514792,0.03164781374195842,5,0.5683150183150183,0.018160982286855407,0.5457875457875457,0.5961538461538461,0.5686813186813187,0.03195583734651322,5,0.5359980493242992,0.019518981054540453,0.5054141059408838,0.5499094492383083,0.5473214285714285,0.03641614196011883,5,0.5297171204472063,0.020746190855576833,0.49753494968595935,0.5458121297047471,0.5388736263736265,0.03916465988122519,5,0.5858582547978137,0.030976756075108452,0.5599852344038391,0.6397420147420148,0.575722273998136,0.052874148006669085,5,0.5683150183150183,0.018160982286855407,0.5457875457875457,0.5961538461538461,0.5686813186813187,0.03195583734651322
minecraft,random-forest,100,37,5,0.5847058823529412,0.04130232866245166,0.5235294117647059,0.6235294117647059,0.5941176470588235,0.07063778543880063,5,0.5917224080267559,0.03167101499878157,0.5461259754738015,0.6268115942028986,0.592809364548495,0.05352343357148898,5,0.5772383235123251,0.051341440282052925,0.4970597903502685,0.6234772978959026,0.5924111331178985,0.08894322880306248,5,0.5755499991814619,0.056220718955920464,0.48755787497072683,0.6238420949775259,0.594583059951803,0.09768172884350045,5,0.5969728507214065,0.024233298093793407,0.5647876296731259,0.6263888888888889,0.5923845193508115,0.0405936351452313,5,0.5917224080267559,0.03167101499878157,0.5461259754738015,0.6268115942028986,0.592809364548495,0.05352343357148898
minecraft,random-forest,100,38,5,0.6690909090909091,0.00542077085454498,0.6666666666666666,0.6787878787878788,0.6666666666666666,0.008101695570651464,5,0.6717506631299734,0.007692180654865261,0.6653404067197171,0.6847922192749778,0.6693191865605659,0.011450946127874445,5,0.6682087571003723,0.004990133422643764,0.6654377880184332,0.6770798714966213,0.6664706530927267,0.0074679258085421805,5,0.6679966785030395,0.004476375041199838,0.6643317972350231,0.6757988660281781,0.6665437788018433,0.006701193561667493,5,0.6742274000707724,0.010823235843623843,0.6655844155844155,0.6919191919191919,0.6698698994677705,0.016052797383327565,5,0.6717506631299734,0.007692180654865261,0.6653404067197171,0.6847922192749778,0.6693191865605659,0.011450946127874445
minecraft,random-forest,100,39,5,0.7890109890109891,0.027362416698876332,0.7692307692307693,0.8351648351648352,0.7802197802197802,0.03467938606682097,5,0.7583333333333333,0.033354899335250515,0.7339743589743589,0.8141025641025641,0.7467948717948718,0.04398448263989079,5,0.7633837872266209,0.03585766903532691,0.7366680446465481,0.8228423101881894,0.7513661202185793,0.04697200757380254,5,0.7744576322222875,0.03310731971326953,0.7498966515088878,0.8295170112172059,0.7634660421545668,0.042749039244753616,5,0.8402729644867547,0.012110570952260208,0.8314676616915423,0.8611111111111112,0.8341549295774648,0.014412662865640856,5,0.7583333333333333,0.033354899335250515,0.7339743589743589,0.8141025641025641,0.7467948717948718,0.04398448263989079
minecraft,random-forest,100,4,5,0.3008695652173913,0.09255867193554902,0.22608695652173913,0.45217391304347826,0.26956521739130435,0.3076372044100618,5,0.3786774628879892,0.0820709163839475,0.3021255060728745,0.5106275303643725,0.36622807017543857,0.21673039572524982,5,0.2871942341952799,0.10135481102436425,0.21081039401650087,0.45200816882232814,0.2443679599499374,0.352913808692438,5,0.2580596696270633,0.11773332799993305,0.17149037421587712,0.4489419007310504,0.19997279207705285,0.4562252139982826,5,0.31955537570428716,0.12288787337091327,0.2210526315789474,0.5109147609147608,0.27290950744558995,0.38455893004482666,5,0.3786774628879892,0.0820709163839475,0.3021255060728745,0.5106275303643725,0.36622807017543857,0.21673039572524982
minecraft,random-forest,100,5,5,0.39,0.014142135623730944,0.37,0.41,0.39,0.03626188621469473,5,0.473182009247583,0.017926111416002206,0.44661622530474987,0.48865069356872637,0.48150483396385035,0.03788417789701452,5,0.3390389378064239,0.02322033413859223,0.3154528111323084,0.3706666666666667,0.328,0.0684886942155594,5,0.29906164308135946,0.029702956683918372,0.26575468522051393,0.3360533333333333,0.29103999999999997,0.09932051592399534,5,0.43766471715721983,0.02951878991750191,0.3945182724252492,0.4775747508305648,0.44021739130434784,0.06744612659031878,5,0.473182009247583,0.017926111416002206,0.44661622530474987,0.48865069356872637,0.48150483396385035,0.03788417789701452
minecraft,random-forest,100,6,5,0.6752688172043011,0.0397994742437027,0.6236559139784946,0.7311827956989247,0.6774193548387096,0.05893871185771259,5,0.6698005698005699,0.04256435523596136,0.6225071225071226,0.732905982905983,0.6581196581196581,0.06354780386143102,5,0.6677255905514367,0.04113628602843052,0.6192537138846649,0.7280383670604749,0.6600877192982456,0.06160657403359125,5,0.6753978546258483,0.039829157530398646,0.6258570140254095,0.7327550100181497,0.6724674589700057,0.05897140071974746,5,0.6692890707176421,0.040587348380036886,0.6196660482374767,0.7275046382189239,0.6681818181818182,0.06064247894638006,5,0.6698005698005699,0.04256435523596136,0.6225071225071226,0.732905982905983,0.6581196581196581,0.06354780386143102
minecraft,random-forest,100,7,5,0.36666666666666664,0.018356180850354294,0.33974358974358976,0.391025641025641,0.36538461538461536,0.05006231141005717,5,0.36666666666666664,0.01835618085035431,0.3397435897435897,0.391025641025641,0.3653846153846154,0.050062311410057216,5,0.27583190271618013,0.0115532393301089,0.2607315389924086,0.28937904579237594,0.2788679245283019,0.041885072815513714,5,0.27583190271618013,0.0115532393301089,0.2607315389924086,0.28937904579237594,0.2788679245283019,0.041885072815513714,5,0.23236228258071664,0.0164899972019496,0.2111111111111111,0.2499236641221374,0.23541383989145184,0.07096675509813603,5,0.36666666666666664,0.01835618085035431,0.3397435897435897,0.391025641025641,0.3653846153846154,0.050062311410057216
minecraft,random-forest,100,8,5,0.7670103092783505,0.03541353409756218,0.711340206185567,0.7938144329896907,0.7835051546391752,0.04617087106805822,5,0.7665340406719717,0.03362925562770114,0.7166224580017684,0.7939876215738284,0.7855879752431476,0.043871835878574295,5,0.7613615738504779,0.03485425350369217,0.7075796726959518,0.7887630662020906,0.7801403130059363,0.04577884503340738,5,0.7684037488767468,0.03473684549478352,0.71407513963256,0.7951614641330507,0.7854679789252313,0.04520650184953141,5,0.7605874841284012,0.03409486607791598,0.7085106382978723,0.7863910422049957,0.7791986359761296,0.044827014366384366,5,0.7665340406719717,0.03362925562770114,0.7166224580017684,0.7939876215738284,0.7855879752431476,0.043871835878574295
minecraft,random-forest,100,9,5,0.5948717948717949,0.03883366982272043,0.5448717948717948,0.6538461538461539,0.5897435897435898,0.06528073806405589,5,0.5948717948717949,0.038833669822720386,0.5448717948717948,0.6538461538461537,0.5897435897435898,0.06528073806405582,5,0.5851543330332503,0.046048769430746074,0.5235514259904503,0.6517857142857143,0.5853820598006645,0.07869508406789742,5,0.5851543330332503,0.046048769430746046,0.5235514259904505,0.6517857142857143,0.5853820598006644,0.07869508406789737,5,0.6025444609855699,0.03688619843243918,0.5546546546546547,0.6575757575757575,0.598901098901099,0.06121738862573753,5,0.5948717948717949,0.038833669822720386,0.5448717948717948,0.6538461538461537,0.5897435897435898,0.06528073806405582
minecraft,random-forest,150,0,5,0.725925925925926,0.04038377094764474,0.6790123456790124,0.7901234567901234,0.7160493827160493,0.05563070487685755,5,0.7228937728937729,0.04183789235457459,0.6758241758241759,0.7902930402930403,0.7133699633699634,0.05787557442512726,5,0.7217690395715255,0.04220849729168752,0.675,0.7899954247369223,0.7132522702785902,0.058479229473107325,5,0.7229378097338397,0.041716448062587896,0.6763374485596707,0.790187472816724,0.7143011874426374,0.0577040618168061,5,0.7320089306758628,0.03898061315024255,0.6818181818181819,0.789939024390244,0.7324797843665768,0.05325155406813385,5,0.7228937728937729,0.04183789235457459,0.6758241758241759,0.7902930402930403,0.7133699633699634,0.05787557442512726
minecraft,random-forest,150,1,5,0.8522727272727273,0.031120599858248048,0.8181818181818182,0.8977272727272727,0.8522727272727273,0.036514837167011045,5,0.8390894819466249,0.03527576119703686,0.8001046572475143,0.8872318158032444,0.8411826268969127,0.04204052363426095,5,0.8447024660777768,0.03501859429930902,0.806060606060606,0.8937625754527163,0.8465459423205902,0.04145672080479596,5,0.8485371733658245,0.033569054348893006,0.8115702479338842,0.8960947503201023,0.849914639351259,0.03956108866242987,5,0.8720492057189471,0.02422600525821723,0.8482088646023072,0.9129464285714286,0.8673854447439353,0.027780548504994607,5,0.8390894819466249,0.03527576119703686,0.8001046572475143,0.8872318158032444,0.8411826268969127,0.04204052363426095
minecraft,random-forest,150,10,5,0.6857142857142857,0.04341567268764397,0.6190476190476191,0.7380952380952381,0.6904761904761905,0.06331452266948079,5,0.6776068376068377,0.04242365184261807,0.6136752136752137,0.72991452991453,0.6803418803418804,0.062608063390342,5,0.6772137328899538,0.04274544676378947,0.6135710178263369,0.7306122448979592,0.6788235294117647,0.06311958055158863,5,0.6809074011217653,0.042692268114146385,0.6168569785591063,0.7338192419825073,0.6831932773109244,0.06269908073228861,5,0.6898417304423173,0.04710176621196979,0.616326530612245,0.7455873402312843,0.6984326018808777,0.06827909088910694,5,0.6776068376068377,0.04242365184261807,0.6136752136752137,0.72991452991453,0.6803418803418804,0.062608063390342
minecraft,random-forest,150,11,5,0.6,0.024491200921747527,0.5638297872340425,0.6276595744680851,0.5957446808510638,0.04081866820291254,5,0.6313286713286713,0.01987417016476123,0.6097902097902097,0.6557109557109557,0.6354312354312355,0.03147991065087346,5,0.5943901026624706,0.030490685774641646,0.549081549081549,0.6266031097491772,0.5955615942028986,0.05129743183485684,5,0.5888184254994663,0.0361143681650087,0.5352008543497905,0.6232224226486718,0.5970262873882207,0.06133362442653629,5,0.6495964886894872,0.0300175151410118,0.6083755177174412,0.6883037354562156,0.6521464646464646,0.046209478751293616,5,0.6313286713286713,0.01987417016476123,0.6097902097902097,0.6557109557109557,0.6354312354312355,0.03147991065087346
minecraft,random-forest,150,12,5,0.6651685393258427,0.05112050861158347,0.6067415730337079,0.7191011235955056,0.6741573033707865,0.07685346733836028,5,0.6850769230769231,0.05421194435954686,0.6274358974358974,0.75,0.6874358974358974,0.07913263829711534,5,0.6626426473723793,0.050305333993032345,0.6035382461499299,0.7119741100323624,0.673992673992674,0.07591623357251666,5,0.6595215053146036,0.05036882895393127,0.5991336716847353,0.7063743136613213,0.673087212413055,0.07637177642888905,5,0.7017602530183298,0.07014727008808877,0.6382091212458287,0.8046875,0.689968814968815,0.09995902416299508,5,0.6850769230769231,0.05421194435954686,0.6274358974358974,0.75,0.6874358974358974,0.07913263829711534
minecraft,random-forest,150,13,5,0.6593406593406593,0.06639036249227784,0.5494505494505495,0.7252747252747253,0.6703296703296703,0.10069204977995472,5,0.6551282051282051,0.05838262217468577,0.5608974358974359,0.7147435897435898,0.6602564102564102,0.08911633130382564,5,0.6524359241369614,0.06319973412382604,0.5494505494505495,0.7165109034267912,0.6566873554825362,0.096867342501758,5,0.6580967186810367,0.06588204488065284,0.5494505494505495,0.7236315086782377,0.6632653061224489,0.10010997321593432,5,0.657864817304143,0.05948013506560604,0.5608974358974359,0.7199494949494949,0.664247311827957,0.09041391711651191,5,0.6551282051282051,0.05838262217468577,0.5608974358974359,0.7147435897435898,0.6602564102564102,0.08911633130382564
minecraft,random-forest,150,14,5,0.752,0.010954451150103331,0.74,0.76,0.76,0.014567089295350175,5,0.7606557377049181,0.01634649078724958,0.7406473308112653,0.7755359394703657,0.7709121479613283,0.021489998664272075,5,0.7477068043733304,0.012546745871228098,0.7331691297208538,0.7575757575757576,0.7564935064935066,0.016780301848053666,5,0.7548570078692393,0.0110385710420593,0.7425615763546797,0.7629220779220779,0.762909090909091,0.014623393473180108,5,0.748733530320757,0.014712109913449109,0.7313131313131314,0.7623049219687875,0.7579031612645057,0.01964932692028157,5,0.7606557377049181,0.01634649078724958,0.7406473308112653,0.7755359394703657,0.7709121479613283,0.021489998664272075
minecraft,random-forest,150,15,5,0.7904761904761906,0.010647942749999017,0.7738095238095238,0.7976190476190477,0.7976190476190477,0.013470289021083092,5,0.7784615384615385,0.010682051145277307,0.7615384615384615,0.7871794871794873,0.7837606837606838,0.013722002459348319,5,0.7793647215371701,0.01117793414653183,0.761613144137416,0.7889759125166248,0.7841269841269841,0.014342366080524116,5,0.7828928593569433,0.010979547016664514,0.7654646324549236,0.7920264307880681,0.7879818594104309,0.014024328981213283,5,0.8233464352747474,0.016262883916940286,0.8043766578249336,0.8458333333333333,0.8214285714285714,0.01975217626528428,5,0.7784615384615385,0.010682051145277307,0.7615384615384615,0.7871794871794873,0.7837606837606838,0.013722002459348319
minecraft,random-forest,150,16,5,0.6978723404255319,0.04228639769011021,0.648936170212766,0.7553191489361702,0.6914893617021277,0.060593313763267674,5,0.6866200466200467,0.04429628207329875,0.6291375291375292,0.7461538461538462,0.6766899766899768,0.06451352868497134,5,0.6868796151581094,0.0447192243065038,0.6304943418701607,0.747045747045747,0.6783480825958702,0.06510489366642525,5,0.6966641283407672,0.043012306182794065,0.6445452587026219,0.7548324782367335,0.6894144228958765,0.06174037736841098,5,0.6891806780375159,0.04363197528540508,0.6357843137254902,0.7481203007518797,0.6815134099616857,0.06330992245698151,5,0.6866200466200467,0.04429628207329875,0.6291375291375292,0.7461538461538462,0.6766899766899768,0.06451352868497134
minecraft,random-forest,150,17,5,0.5325581395348837,0.027761247410030977,0.5,0.5697674418604651,0.5348837209302325,0.05212810649045118,5,0.549645390070922,0.027579481620478654,0.5185488270594654,0.5845608292416803,0.5570103655210038,0.05017686333532246,5,0.5235704966092538,0.029532390758357376,0.4883077348830773,0.5650034176349965,0.5182072829131652,0.05640575805858998,5,0.5176671818307186,0.030484015455122238,0.4811124948111249,0.5607687294345801,0.5098690639046315,0.0588872861271912,5,0.5568580535095261,0.03097735670999958,0.5217948717948717,0.5922619047619048,0.5714285714285714,0.05562882051317887,5,0.549645390070922,0.027579481620478654,0.5185488270594654,0.5845608292416803,0.5570103655210038,0.05017686333532246
minecraft,random-forest,150,18,5,0.3319587628865979,0.02112773353806101,0.30927835051546393,0.35051546391752575,0.3402061855670103,0.06364565693142603,5,0.4111405835543767,0.025012592975345166,0.38461538461538464,0.4358974358974359,0.4188770999115827,0.06083708097874275,5,0.25366660272784336,0.016450897300551864,0.23622047244094488,0.2711985688729875,0.2595419847328244,0.06485243671671626,5,0.20637185159635435,0.01598814941061485,0.18995048299374948,0.22410416244029288,0.20870386401196192,0.07747252974153811,5,0.20454577705310487,0.040804968783999945,0.17045454545454544,0.25476190476190474,0.18478260869565216,0.19949064396184538,5,0.4111405835543767,0.025012592975345166,0.38461538461538464,0.4358974358974359,0.4188770999115827,0.06083708097874275
minecraft,random-forest,150,19,5,0.40816326530612246,0.02040816326530613,0.37755102040816324,0.42857142857142855,0.41836734693877553,0.050000000000000024,5,0.4884832681442851,0.020561837882978894,0.4613211647109952,0.5167318557149065,0.4908735332464146,0.04209322861987049,5,0.3514737096232642,0.027973005468518084,0.30834201087585333,0.3778817240227197,0.36037296037296035,0.07958776062796175,5,0.3124936099995913,0.032256175622991205,0.26369103698404045,0.345493225689875,0.3177489177489178,0.1032218726745593,5,0.47029884198488847,0.06742152682636926,0.3763888888888889,0.5604395604395604,0.4821428571428571,0.14335890461013645,5,0.4884832681442851,0.020561837882978894,0.4613211647109952,0.5167318557149065,0.4908735332464146,0.04209322861987049
minecraft,random-forest,150,2,5,0.6588235294117647,0.044798665328611216,0.611764705882353,0.7176470588235294,0.6352941176470588,0.06799797415949917,5,0.6504459308807136,0.04760153867019828,0.600334448160535,0.713768115942029,0.6318283166109253,0.07318292944925503,5,0.6489388692895076,0.04970336212269657,0.597503228583728,0.7144456886898096,0.632034632034632,0.07659174765893499,5,0.6535403609655074,0.048122864464335495,0.6037426249018764,0.7169356432382583,0.6348866819455055,0.07363411250261762,5,0.6585131000722371,0.04486331442454293,0.6090909090909091,0.7159346846846847,0.6404823989569752,0.06812820340190885,5,0.6504459308807136,0.04760153867019828,0.600334448160535,0.713768115942029,0.6318283166109253,0.07318292944925503
minecraft,random-forest,150,20,5,0.7234567901234568,0.057642555703351875,0.6419753086419753,0.8024691358024691,0.7160493827160493,0.07967657017016215,5,0.7188644688644688,0.05889353549748549,0.6364468864468864,0.8003663003663004,0.7106227106227105,0.08192578441178874,5,0.7162934654980588,0.061164373091871345,0.6309505106048704,0.8009828009828011,0.7073055773762765,0.08539010341151451,5,0.7179337199785634,0.06053404067140237,0.6333129673271072,0.8016198016198017,0.709179249949085,0.08431703232049031,5,0.7348194552636477,0.05576659113653655,0.6506064690026954,0.8055900621118013,0.7324797843665768,0.07589155504399094,5,0.7188644688644688,0.05889353549748549,0.6364468864468864,0.8003663003663004,0.7106227106227105,0.08192578441178874
minecraft,random-forest,150,21,5,0.4222222222222222,0.029474904657563757,0.38271604938271603,0.4567901234567901,0.41975308641975306,0.06980898471528259,5,0.43168498168498165,0.02894844935192303,0.39285714285714285,0.46703296703296704,0.42948717948717946,0.06705919960182424,5,0.38600121310849894,0.03694776816215245,0.338235294117647,0.427336999214454,0.3820808310339231,0.09571930581411672,5,0.3805285736527017,0.0378127466857573,0.3318809005083515,0.4236711180937418,0.3764299927260486,0.09936900749079618,5,0.4047476352170749,0.04433967910622986,0.34523809523809523,0.45238095238095233,0.40195246179966043,0.10954895161388535,5,0.43168498168498165,0.02894844935192303,0.39285714285714285,0.46703296703296704,0.42948717948717946,0.06705919960182424
minecraft,random-forest,150,22,5,0.4774193548387097,0.09205959050754406,0.3655913978494624,0.5806451612903226,0.5053763440860215,0.19282752065769365,5,0.48803418803418797,0.08161007076914213,0.39672364672364674,0.5925925925925926,0.517094017094017,0.1672220364271389,5,0.4714964453602005,0.09281149999837847,0.3548500881834215,0.5804511278195488,0.5053191489361701,0.19684453809079083,5,0.471645641616454,0.1003629143688566,0.34142345110087047,0.5819063788503517,0.5061770761839396,0.21279304951252473,5,0.483681643703079,0.08726684011061536,0.3779461279461279,0.5914634146341464,0.5169811320754717,0.18042206324494395,5,0.48803418803418797,0.08161007076914213,0.39672364672364674,0.5925925925925926,0.517094017094017,0.1672220364271389
minecraft,random-forest,150,23,5,0.5309523809523811,0.015971914124998533,0.5119047619047619,0.5476190476190477,0.5238095238095238,0.03008163198430216,5,0.5232478632478632,0.01968040357193378,0.5,0.5470085470085471,0.5162393162393162,0.03761200943999106,5,0.5191232298163969,0.022959059724446982,0.4910595537165657,0.5465909090909091,0.5138888888888888,0.04422660826133156,5,0.5241821594598316,0.020920015312004808,0.498416686018282,0.5481331168831169,0.5188492063492063,0.03990981939095911,5,0.5239450695756159,0.019770234405789636,0.5,0.5467952353942145,0.5169340463458111,0.03773341053061745,5,0.5232478632478632,0.01968040357193378,0.5,0.5470085470085471,0.5162393162393162,0.03761200943999106
minecraft,random-forest,150,24,5,0.78125,0.10597390598633231,0.65625,0.90625,0.8125,0.13564659966250536,5,0.78125,0.10597390598633231,0.65625,0.90625,0.8125,0.13564659966250536,5,0.4369893278560708,0.03378662748957054,0.39622641509433965,0.47540983606557374,0.4482758620689655,0.07731682523079532,5,0.8739786557121416,0.06757325497914109,0.7924528301886793,0.9508196721311475,0.896551724137931,0.07731682523079532,5,0.5,0.0,0.5,0.5,0.5,0.0,5,0.390625,0.05298695299316616,0.328125,0.453125,0.40625,0.13564659966250536
minecraft,random-forest,150,25,5,0.8173913043478261,0.009094130723196474,0.8043478260869565,0.8260869565217391,0.8152173913043478,0.011125798225187175,5,0.8103531688437349,0.01266322813252188,0.7895500725689405,0.8219641993226898,0.812530237058539,0.015626801522341926,5,0.8117787288218871,0.010943019659690655,0.7946428571428572,0.8219641993226898,0.8114526823387582,0.01348029859758948,5,0.8166640367113149,0.01002079833233919,0.8014363354037267,0.8260869565217391,0.8155069843017009,0.01227040481994614,5,0.8149855697190876,0.007289696638596507,0.8073959938366718,0.8235872235872236,0.8114035087719298,0.008944571424877066,5,0.8103531688437349,0.01266322813252188,0.7895500725689405,0.8219641993226898,0.812530237058539,0.015626801522341926
minecraft,random-forest,150,26,5,0.6,0.02345778544106259,0.5609756097560976,0.6219512195121951,0.6097560975609756,0.039096309068437654,5,0.6090638044126416,0.024542230248394928,0.5682766845557543,0.6323792486583184,0.618366129994037,0.040295006977245244,5,0.5899302207840703,0.021361225033664062,0.5543478260869565,0.6088629019849208,0.5980392156862745,0.036209748680569497,5,0.5868245658271267,0.021102022783982027,0.5516967126193001,0.6053726839776475,0.5946915351506457,0.03595967860384102,5,0.6262579756197364,0.03185037387249649,0.5744957709824333,0.6594827586206897,0.6336700336700336,0.050858232729056735,5,0.6090638044126416,0.024542230248394928,0.5682766845557543,0.6323792486583184,0.618366129994037,0.040295006977245244
minecraft,random-forest,150,27,5,0.3404761904761905,0.019920476822239894,0.30952380952380953,0.35714285714285715,0.34523809523809523,0.05850769416322207,5,0.3646153846153847,0.02161903258581828,0.33162393162393167,0.38290598290598293,0.3700854700854701,0.05929270540414295,5,0.26911795253900517,0.01206591145946445,0.24814814814814815,0.2767857142857143,0.2740740740740741,0.04483502993995041,5,0.25284547436803073,0.011545152787713266,0.23280423280423282,0.2595663265306123,0.25925925925925924,0.045660903429533606,5,0.2387691386768218,0.015155167450900238,0.2144927536231884,0.25507246376811593,0.2440846824408468,0.06347205310906207,5,0.3646153846153847,0.02161903258581828,0.33162393162393167,0.38290598290598293,0.3700854700854701,0.05929270540414295
minecraft,random-forest,150,28,5,0.4511627906976744,0.02236672565310621,0.4186046511627907,0.47674418604651164,0.45348837209302323,0.04957573211770964,5,0.4917621385706492,0.023254448021767196,0.45717403164211673,0.5190943807965085,0.4978177850518276,0.0472880000265135,5,0.3513736779640976,0.029032127098700185,0.325172630257376,0.3910098522167488,0.3384615384615385,0.08262464982270701,5,0.3277674188962322,0.031001375707613663,0.30181462503102235,0.3712481383892771,0.31413237924865833,0.09458345741627353,5,0.4736435073622477,0.09314714344245105,0.35804701627486435,0.6067073170731707,0.47619047619047616,0.19666086834208646,5,0.4917621385706492,0.023254448021767196,0.45717403164211673,0.5190943807965085,0.4978177850518276,0.0472880000265135
minecraft,random-forest,150,29,5,0.5395348837209302,0.040780646318023694,0.5,0.5813953488372093,0.5348837209302325,0.07558481860668186,5,0.5429350791052918,0.04041546258074101,0.5010911074740861,0.5908346972176759,0.5373704309874523,0.07443884938755856,5,0.5383285780932736,0.03992722662696301,0.4993908217138216,0.5804878048780489,0.5346320346320346,0.07416887798968944,5,0.5388976978098814,0.04039055395828166,0.4977663462840125,0.5813953488372093,0.5356387798248263,0.0749503182560099,5,0.5434012237173506,0.04112833229435621,0.5010822510822511,0.5932773109243697,0.5371273712737127,0.07568685990988688,5,0.5429350791052918,0.04041546258074101,0.5010911074740861,0.5908346972176759,0.5373704309874523,0.07443884938755856
minecraft,random-forest,150,3,5,0.6882352941176471,0.048724602508977165,0.6372549019607843,0.7549019607843137,0.6862745098039216,0.07079643099594973,5,0.7056166056166056,0.0539341960723167,0.6428571428571428,0.7722832722832722,0.6874236874236874,0.07643555387303579,5,0.68471975063697,0.04957366417342496,0.6312652662432828,0.752017893610814,0.67836026803311,0.07239993315120291,5,0.6916102739287061,0.048207012059311286,0.6423230552602086,0.7583104038075408,0.6902316306893272,0.06970256787174427,5,0.696837410682084,0.051951558083744714,0.635,0.7573076923076922,0.6781431334622825,0.07455334241152907,5,0.7056166056166056,0.0539341960723167,0.6428571428571428,0.7722832722832722,0.6874236874236874,0.07643555387303579
minecraft,random-forest,150,30,5,0.6195121951219512,0.055484454468669904,0.5609756097560976,0.6829268292682927,0.6097560975609756,0.08956152099273489,5,0.6221824686940967,0.056902969855256176,0.5646988670244484,0.6893261776982706,0.6112104949314252,0.0914570447069816,5,0.6185691623461951,0.05501027001056564,0.5599284436493739,0.67987987987988,0.6097560975609756,0.08893147825526097,5,0.6181684056020439,0.05466536509806845,0.5588812775426503,0.6783564051856735,0.6097560975609756,0.0884311857459441,5,0.624810845965033,0.06024053929399504,0.5659574468085107,0.7008222643896268,0.6112104949314252,0.0964140422385791,5,0.6221824686940967,0.056902969855256176,0.5646988670244484,0.6893261776982706,0.6112104949314252,0.0914570447069816
minecraft,random-forest,150,31,5,0.6495412844036698,0.023747117624852813,0.6238532110091743,0.6788990825688074,0.6422018348623854,0.03655982798176492,5,0.6612820512820512,0.029560632468924958,0.6333333333333333,0.6932234432234432,0.6532967032967033,0.04470200334579579,5,0.6416414448557495,0.02545970285322496,0.6155698924731183,0.6718279569892474,0.6343225806451613,0.03967901864404766,5,0.656669949559882,0.023265071903285587,0.6316188221367268,0.6855282627996448,0.6495886356910329,0.035428866386955075,5,0.6484210516638188,0.027152336427942264,0.6225589225589225,0.6776094276094277,0.6409090909090909,0.04187454487831727,5,0.6612820512820512,0.029560632468924958,0.6333333333333333,0.6932234432234432,0.6532967032967033,0.04470200334579579
minecraft,random-forest,150,32,5,0.6071428571428571,0.15128886937070044,0.5,0.8690476190476191,0.5595238095238095,0.24918166719880075,5,0.6251282051282051,0.1412153606021073,0.5247863247863248,0.8692307692307693,0.5837606837606838,0.22589823886309207,5,0.5760846123728753,0.1706593207149063,0.4470219435736677,0.8685819940264543,0.5167159073238998,0.29624002629052293,5,0.568333786583202,0.17567721310908027,0.43479623824451413,0.869140744051852,0.5064420107959215,0.30910921936428243,5,0.6542502910419231,0.1295117261317657,0.5471289274106176,0.8681818181818182,0.6499999999999999,0.1979544035441122,5,0.6251282051282051,0.1412153606021073,0.5247863247863248,0.8692307692307693,0.5837606837606838,0.22589823886309207
minecraft,random-forest,150,33,5,0.8772727272727273,0.029414043421692668,0.8409090909090909,0.9204545454545454,0.875,0.03352896141332843,5,0.8620617477760335,0.033155149247826074,0.8205128205128205,0.9102564102564102,0.8615907901622187,0.038460295139368474,5,0.8698207248833633,0.0329429510852192,0.828125,0.9173708920187793,0.8688879859135852,0.03787326530951147,5,0.873337599176892,0.03165405076218096,0.8334517045454546,0.9191848058045241,0.8721048354327509,0.03624491925231943,5,0.9080817814441857,0.01901819789036732,0.8888888888888888,0.9375,0.9016393442622951,0.02094326555051171,5,0.8620617477760335,0.033155149247826074,0.8205128205128205,0.9102564102564102,0.8615907901622187,0.038460295139368474
minecraft,random-forest,150,34,5,0.589247311827957,0.0864906561384525,0.4838709677419355,0.6881720430107527,0.5698924731182796,0.1467815879721913,5,0.60997150997151,0.08284121867051245,0.5021367521367521,0.6958689458689459,0.5804843304843305,0.13581161958594054,5,0.5858453722399781,0.08845767143874408,0.48333333333333334,0.6868686868686869,0.5694444444444444,0.15099149985691007,5,0.5832998135524841,0.09203508577050157,0.4806451612903226,0.6901270772238515,0.5716845878136201,0.15778349938083847,5,0.6151289106478752,0.0820762272118752,0.5021929824561404,0.698768472906404,0.60527950310559,0.13342931179324616,5,0.60997150997151,0.08284121867051245,0.5021367521367521,0.6958689458689459,0.5804843304843305,0.13581161958594054
minecraft,random-forest,150,35,5,0.635897435897436,0.026585181222215024,0.6025641025641025,0.6666666666666666,0.6410256410256411,0.04180734143816072,5,0.635897435897436,0.026585181222215017,0.6025641025641026,0.6666666666666667,0.641025641025641,0.04180734143816071,5,0.6317013453527459,0.029291284577699868,0.5912087912087912,0.6646825396825397,0.6372093023255814,0.0463688811068519,5,0.6317013453527458,0.02929128457769983,0.5912087912087912,0.6646825396825395,0.6372093023255813,0.04636888110685185,5,0.6417781377588649,0.02495976193492338,0.6153846153846154,0.6707070707070708,0.6472203157172272,0.038891573997962364,5,0.635897435897436,0.026585181222215017,0.6025641025641026,0.6666666666666667,0.641025641025641,0.04180734143816071
minecraft,random-forest,150,36,5,0.552,0.027748873851023204,0.52,0.59,0.56,0.050269699005476814,5,0.5911727616645649,0.020005823726490773,0.5649432534678437,0.6130727196300967,0.5931063472047079,0.03384090916191806,5,0.5499381165459513,0.02907641092981042,0.5169082125603865,0.5896306676008407,0.5571658615136876,0.05287215062020688,5,0.5449567910329548,0.033770117236578384,0.5084057971014493,0.5923391051946751,0.5493719806763285,0.061968430877919325,5,0.5969513217402176,0.018440314084176766,0.5722300140252454,0.6189808321645629,0.595023595023595,0.03089081707771418,5,0.5911727616645649,0.020005823726490773,0.5649432534678437,0.6130727196300967,0.5931063472047079,0.03384090916191806
minecraft,random-forest,150,37,5,0.6376237623762376,0.04980109441568041,0.5742574257425742,0.6831683168316832,0.6633663366336634,0.07810420086931244,5,0.6373035566583953,0.05515726025829065,0.5676178660049628,0.684863523573201,0.6639784946236559,0.08654786197569553,5,0.6294586695143118,0.05213250130702333,0.563298139768728,0.6760224538893345,0.6557738572574178,0.0828211665545072,5,0.6419268109740937,0.04943832059691071,0.5790521133561319,0.6869794437342691,0.667415658967661,0.07701550979291609,5,0.6307429309327335,0.05226379160637126,0.5646245059288537,0.6761229314420805,0.6562253743104807,0.08286068546037341,5,0.6373035566583953,0.05515726025829065,0.5676178660049628,0.684863523573201,0.6639784946236559,0.08654786197569553
minecraft,random-forest,150,38,5,0.6762886597938145,0.0268833088874336,0.6494845360824743,0.711340206185567,0.6804123711340206,0.03975123417806493,5,0.7041114058355438,0.021606122826355365,0.6816976127320955,0.7376215738284704,0.6949602122015915,0.030685659467078442,5,0.6753019415998743,0.027646383630482912,0.6464408233276158,0.7113095238095238,0.6791848927771258,0.04093929237784388,5,0.6748608034577254,0.030545290647457635,0.6400152075118035,0.7118924889543446,0.6830719075739595,0.04526161615988867,5,0.7075196192871299,0.020606623393902162,0.6871584699453552,0.7357456140350878,0.7075757575757575,0.029125161807759647,5,0.7041114058355438,0.021606122826355365,0.6816976127320955,0.7376215738284704,0.6949602122015915,0.030685659467078442
minecraft,random-forest,150,39,5,0.9885714285714287,0.015649215928719037,0.9714285714285714,1.0,1.0,0.015830131719802493,5,0.9885714285714287,0.015649215928719037,0.9714285714285714,1.0,1.0,0.015830131719802493,5,0.7971014492753623,0.27783028279247557,0.4927536231884058,1.0,1.0,0.34855071841237845,5,0.9942028985507246,0.007938008079784991,0.9855072463768116,1.0,1.0,0.007984293841183154,5,0.8,0.27386127875258304,0.5,1.0,1.0,0.34232659844072877,5,0.7942857142857143,0.28168588671694256,0.4857142857142857,1.0,1.0,0.3546405048594601
minecraft,random-forest,150,4,5,0.34444444444444444,0.07071067811865475,0.2777777777777778,0.4444444444444444,0.32222222222222224,0.20528906550577186,5,0.3733031674208145,0.0647360236660393,0.30542986425339363,0.46153846153846156,0.35972850678733037,0.1734140755175113,5,0.32202365722363613,0.08353520360731959,0.2519480519480519,0.4419642857142857,0.28319623971797886,0.259407039617921,5,0.30643292528739974,0.09030955369823136,0.22978354978354976,0.4370039682539682,0.2608956782869827,0.2947123048658401,5,0.32793836897802797,0.09615092554292415,0.24091919940696813,0.4593301435406698,0.2847222222222222,0.29319815745429384,5,0.3733031674208145,0.0647360236660393,0.30542986425339363,0.46153846153846156,0.35972850678733037,0.1734140755175113
minecraft,random-forest,150,5,5,0.47750000000000004,0.031124748994971835,0.425,0.5,0.4875,0.06518272040831798,5,0.4863664790494059,0.031096770973338298,0.4333958724202627,0.5084427767354597,0.4981238273921201,0.06393691241657186,5,0.40572841517743585,0.042644622505070826,0.35709294199860236,0.45909398242055444,0.3890909090909091,0.10510632459996964,5,0.40061226384530846,0.043466272252485484,0.351869322152341,0.4553752535496957,0.3833636363636364,0.10849960466829207,5,0.4717731780753458,0.05665290616197228,0.3777267508610792,0.5154994259471871,0.49324324324324326,0.1200850510262039,5,0.4863664790494059,0.031096770973338298,0.4333958724202627,0.5084427767354597,0.4981238273921201,0.06393691241657186
minecraft,random-forest,150,6,5,0.7444444444444445,0.06916610887771521,0.6388888888888888,0.8055555555555556,0.75,0.09290969849245327,5,0.7444444444444445,0.06916610887771521,0.6388888888888888,0.8055555555555556,0.75,0.09290969849245327,5,0.4260128936126749,0.02329890946503516,0.3898305084745763,0.4461538461538462,0.42857142857142855,0.05469062043511342,5,0.8520257872253498,0.04659781893007028,0.7796610169491526,0.8923076923076922,0.8571428571428571,0.05469062043511337,5,0.5,0.0,0.5,0.5,0.5,0.0,5,0.37222222222222223,0.034583054438857605,0.3194444444444444,0.4027777777777778,0.375,0.09290969849245327
minecraft,random-forest,150,7,5,0.3164835164835165,0.02382360811942726,0.2967032967032967,0.3516483516483517,0.3076923076923077,0.07527598398846806,5,0.367948717948718,0.027328299676015654,0.34294871794871795,0.40705128205128205,0.358974358974359,0.07427203396269062,5,0.2447845594366,0.017018357025198577,0.2288135593220339,0.27259178973038883,0.2392894461859979,0.0695238174514287,5,0.2116179056756266,0.01626399509511871,0.19612590799031476,0.23833394623260493,0.20943424391700252,0.07685547705990713,5,0.19558766111251447,0.03031007581926087,0.17088607594936708,0.244579945799458,0.18292682926829268,0.15496926363787636,5,0.367948717948718,0.027328299676015654,0.34294871794871795,0.40705128205128205,0.358974358974359,0.07427203396269062
minecraft,random-forest,150,8,5,0.7461538461538462,0.04193699290716957,0.6923076923076923,0.8076923076923077,0.7435897435897436,0.056204217298268494,5,0.7461538461538462,0.04193699290716956,0.6923076923076923,0.8076923076923077,0.7435897435897436,0.05620421729826848,5,0.7456664581583524,0.042501017316374456,0.6904761904761905,0.8076606937366431,0.743421052631579,0.05699735699704597,5,0.7456664581583524,0.04250101731637447,0.6904761904761906,0.8076606937366432,0.743421052631579,0.05699735699704599,5,0.7475908062589706,0.04060559170285811,0.696969696969697,0.8078947368421052,0.7442320369149638,0.05431526359460345,5,0.7461538461538462,0.04193699290716956,0.6923076923076923,0.8076923076923077,0.7435897435897436,0.05620421729826848
minecraft,random-forest,150,9,5,0.6197802197802198,0.06711398454770313,0.5164835164835165,0.6813186813186813,0.6373626373626373,0.10828674811774797,5,0.6333333333333333,0.07208332620765888,0.5224358974358975,0.6955128205128205,0.657051282051282,0.11381577822261929,5,0.619423566385062,0.06722266461258007,0.5159574468085106,0.6813186813186813,0.6366606170598912,0.10852455130967908,5,0.6193677619538654,0.06579419435957086,0.5182370820668692,0.6813186813186813,0.6343790510759658,0.10622799312643534,5,0.6350543894742502,0.07370770139048073,0.5221088435374149,0.6955128205128205,0.6625000000000001,0.11606517900223,5,0.6333333333333333,0.07208332620765888,0.5224358974358975,0.6955128205128205,0.657051282051282,0.11381577822261929
minecraft,random-forest,200,0,5,0.83125,0.05229125165837972,0.75,0.875,0.84375,0.0629067689123365,5,0.83125,0.05229125165837972,0.75,0.875,0.84375,0.0629067689123365,5,0.453561548523559,0.015909601503593163,0.42857142857142855,0.4666666666666667,0.4576271186440678,0.035077050855352176,5,0.907123097047118,0.031819203007186325,0.8571428571428571,0.9333333333333333,0.9152542372881356,0.035077050855352176,5,0.5,0.0,0.5,0.5,0.5,0.0,5,0.415625,0.02614562582918986,0.375,0.4375,0.421875,0.0629067689123365
minecraft,random-forest,200,1,5,0.8594594594594595,0.18666266648467034,0.5945945945945946,1.0,0.972972972972973,0.21718612138153467,5,0.8594594594594595,0.18666266648467034,0.5945945945945946,1.0,0.972972972972973,0.21718612138153467,5,0.657581408172742,0.3154956724754798,0.3728813559322034,1.0,0.4931506849315068,0.4797819228985886,5,0.9151628163454841,0.1153815138941463,0.7457627118644068,1.0,0.9863013698630138,0.12607758076852252,5,0.7,0.27386127875258304,0.5,1.0,0.5,0.3912303982179758,5,0.6297297297297297,0.34474029776039666,0.2972972972972973,1.0,0.4864864864864865,0.5474416745551364
minecraft,random-forest,200,10,5,0.8882352941176471,0.03221897397089213,0.8529411764705882,0.9117647058823529,0.9117647058823529,0.03627301705332226,5,0.8882352941176471,0.03221897397089213,0.8529411764705882,0.9117647058823529,0.9117647058823529,0.03627301705332226,5,0.4702808302808303,0.009095270796178612,0.4603174603174603,0.47692307692307695,0.47692307692307695,0.01934008407433348,5,0.9405616605616605,0.01819054159235716,0.9206349206349206,0.9538461538461538,0.9538461538461538,0.019340084074333415,5,0.5,0.0,0.5,0.5,0.5,0.0,5,0.44411764705882356,0.016109486985446064,0.4264705882352941,0.45588235294117646,0.45588235294117646,0.03627301705332226
minecraft,random-forest,200,11,5,0.6075,0.036012150727219826,0.575,0.6625,0.5875,0.059279260456328926,5,0.609443402126329,0.03625986381931403,0.5772357723577235,0.6644777986241401,0.589430894308943,0.05949668778561635,5,0.6056604666419555,0.03584853995205356,0.5725958516656191,0.6611764705882353,0.5874355368026254,0.05918916938860716,5,0.6050497167503394,0.03583264774633559,0.5717944688874922,0.6606470588235295,0.5873066104078762,0.0592226502291235,5,0.6124381499955953,0.03773419383864588,0.5796260477111541,0.6681585677749361,0.5914322250639386,0.061613068746480384,5,0.609443402126329,0.03625986381931403,0.5772357723577235,0.6644777986241401,0.589430894308943,0.05949668778561635
minecraft,random-forest,200,12,5,0.5684210526315789,0.03530633648683878,0.5263157894736842,0.6052631578947368,0.5526315789473685,0.06211299937499415,5,0.5684210526315789,0.03530633648683878,0.5263157894736842,0.6052631578947368,0.5526315789473685,0.06211299937499415,5,0.36215807072845907,0.014329679272333593,0.3448275862068966,0.3770491803278688,0.3559322033898305,0.039567471859760873,5,0.7243161414569181,0.028659358544667186,0.6896551724137931,0.7540983606557377,0.711864406779661,0.039567471859760873,5,0.5,0.0,0.5,0.5,0.5,0.0,5,0.28421052631578947,0.01765316824341939,0.2631578947368421,0.3026315789473684,0.27631578947368424,0.06211299937499415
minecraft,random-forest,200,13,5,0.6128205128205128,0.04745321929056856,0.5512820512820513,0.6666666666666666,0.6025641025641025,0.07743412352854284,5,0.6128205128205129,0.047453219290568595,0.5512820512820513,0.6666666666666667,0.6025641025641025,0.07743412352854288,5,0.6055771078662096,0.04651303511993104,0.5506172839506173,0.6631229235880398,0.5873015873015872,0.07680778304817822,5,0.6055771078662096,0.046513035119931066,0.5506172839506173,0.6631229235880399,0.5873015873015873,0.07680778304817826,5,0.623016270836544,0.05229707628769212,0.5515873015873016,0.6739876458476322,0.6203703703703703,0.08394175037751607,5,0.6128205128205129,0.047453219290568595,0.5512820512820513,0.6666666666666667,0.6025641025641025,0.07743412352854288
minecraft,random-forest,200,14,5,0.7482352941176471,0.030678599553894816,0.7058823529411765,0.7764705882352941,0.7529411764705882,0.0410012729886959,5,0.7513935340022296,0.03282120200672361,0.7048494983277591,0.7817725752508361,0.754180602006689,0.04368044243328053,5,0.74783105959861,0.031168718542236636,0.7044095145360968,0.7764705882352941,0.7523928422804826,0.04167882323444295,5,0.7483666388596655,0.030610155956683944,0.7061278260086898,0.7764705882352941,0.7533524271131672,0.04090261960811964,5,0.7509191861391052,0.03303508787919877,0.7041666666666666,0.7817725752508361,0.7524916943521595,0.04399286699418428,5,0.7513935340022296,0.03282120200672361,0.7048494983277591,0.7817725752508361,0.754180602006689,0.04368044243328053
minecraft,random-forest,200,15,5,0.9470588235294117,0.03834824944236853,0.8823529411764706,0.9705882352941176,0.9705882352941176,0.04049194040498541,5,0.9470588235294117,0.03834824944236853,0.8823529411764706,0.9705882352941176,0.9705882352941176,0.04049194040498541,5,0.4862420850293985,0.010329628043815044,0.46875,0.4925373134328358,0.4925373134328358,0.021243796787335897,5,0.972484170058797,0.020659256087630088,0.9375,0.9850746268656716,0.9850746268656716,0.021243796787335897,5,0.5,0.0,0.5,0.5,0.5,0.0,5,0.47352941176470587,0.019174124721184266,0.4411764705882353,0.4852941176470588,0.4852941176470588,0.04049194040498541
minecraft,random-forest,200,16,5,0.7275,0.03579455265819088,0.675,0.775,0.725,0.04920213423806306,5,0.7260162601626016,0.03572974672557424,0.6741713570981864,0.7736085053158224,0.7248280175109443,0.04921342494116049,5,0.7246825405928835,0.03617465569358514,0.6741854636591479,0.7737272155876807,0.7248280175109443,0.04991793463657841,5,0.7252189894136041,0.03609095035632547,0.674592731829574,0.7741514770584538,0.725,0.04976558926774354,5,0.7342970486989951,0.0386903783188622,0.6750471401634193,0.7777777777777778,0.737468671679198,0.052690363371897815,5,0.7260162601626016,0.03572974672557424,0.6741713570981864,0.7736085053158224,0.7248280175109443,0.04921342494116049
minecraft,random-forest,200,17,5,0.35428571428571426,0.05569596768462265,0.2857142857142857,0.42857142857142855,0.37142857142857144,0.15720636040014457,5,0.35428571428571426,0.05569596768462265,0.2857142857142857,0.42857142857142855,0.37142857142857144,0.15720636040014457,5,0.26060386473429953,0.030395716002940602,0.2222222222222222,0.3,0.2708333333333333,0.1166357069720772,5,0.5212077294685991,0.060791432005881205,0.4444444444444444,0.6,0.5416666666666666,0.1166357069720772,5,0.5,0.0,0.5,0.5,0.5,0.0,5,0.17714285714285713,0.027847983842311325,0.14285714285714285,0.21428571428571427,0.18571428571428572,0.15720636040014457
minecraft,random-forest,200,18,5,0.4048192771084337,0.02901589055130674,0.37349397590361444,0.4457831325301205,0.39759036144578314,0.07167615820709701,5,0.43047785547785544,0.030670346421034007,0.3974358974358974,0.47435897435897434,0.4230769230769231,0.07124721058412666,5,0.2912220468713012,0.018420042187467494,0.2719298245614035,0.31310344827586206,0.28448275862068967,0.06325085063222498,5,0.2741604777826686,0.018044008733073137,0.25554850982878885,0.2966514333194848,0.26734524304113005,0.0658154992981042,5,0.23279726251656077,0.04070236698490364,0.20666666666666667,0.3041125541125541,0.21428571428571427,0.17484040209453988,5,0.43047785547785544,0.030670346421034007,0.3974358974358974,0.47435897435897434,0.4230769230769231,0.07124721058412666
minecraft,random-forest,200,19,5,0.4666666666666667,0.040720550896397784,0.4166666666666667,0.5,0.4880952380952381,0.08725832334942382,5,0.49162393162393164,0.041615243306007715,0.44017094017094016,0.5282051282051282,0.5153846153846154,0.08464853036861791,5,0.4073806642147956,0.04307377805490436,0.35997512051002956,0.46317711503347536,0.41882542236524534,0.10573348673267731,5,0.3940661882579174,0.04417477830849401,0.34636914943243663,0.453134510042605,0.40449373635214336,0.11209989495364038,5,0.48924362626953233,0.0816751524456713,0.39285714285714285,0.5733333333333333,0.5329236172080772,0.16694167907396534,5,0.49162393162393164,0.041615243306007715,0.44017094017094016,0.5282051282051282,0.5153846153846154,0.08464853036861791
minecraft,random-forest,200,2,5,0.7714285714285715,0.1124858267715973,0.6,0.8571428571428571,0.8285714285714286,0.14581496062984833,5,0.7714285714285715,0.1124858267715973,0.6,0.8571428571428571,0.8285714285714286,0.14581496062984833,5,0.43357371794871796,0.03762657045001202,0.375,0.46153846153846156,0.453125,0.08678240606471077,5,0.8671474358974359,0.075253140900024,0.75,0.923076923076923,0.90625,0.08678240606471073,5,0.5,0.0,0.5,0.5,0.5,0.0,5,0.38571428571428573,0.05624291338579865,0.3,0.42857142857142855,0.4142857142857143,0.14581496062984833
minecraft,random-forest,200,20,5,0.94375,0.046351240544347895,0.875,1.0,0.9375,0.049113897265534195,5,0.94375,0.046351240544347895,0.875,1.0,0.9375,0.049113897265534195,5,0.585294418842806,0.23201223092966494,0.4666666666666667,1.0,0.4838709677419355,0.3964026026224198,5,0.970588837685612,0.024761261006795078,0.9333333333333333,1.0,0.967741935483871,0.02551158641576673,5,0.6,0.22360679774997896,0.5,1.0,0.5,0.37267799624996495,5,0.571875,0.2399340729763074,0.4375,1.0,0.46875,0.4195568489203189
minecraft,random-forest,200,21,5,0.1935483870967742,0.07213122508063838,0.0967741935483871,0.2903225806451613,0.1935483870967742,0.37267799624996495,5,0.1935483870967742,0.07213122508063838,0.0967741935483871,0.2903225806451613,0.1935483870967742,0.37267799624996495,5,0.1596993742968975,0.05101770445973263,0.08823529411764706,0.225,0.16216216216216217,0.3194608913425389,5,0.319398748593795,0.10203540891946526,0.17647058823529413,0.45,0.32432432432432434,0.3194608913425389,5,0.5,0.0,0.5,0.5,0.5,0.0,5,0.0967741935483871,0.03606561254031919,0.04838709677419355,0.14516129032258066,0.0967741935483871,0.37267799624996495
minecraft,random-forest,200,22,5,0.49000000000000005,0.07776165507497897,0.4,0.5625,0.525,0.1586972552550591,5,0.4911819887429643,0.07498675148156361,0.40400250156347717,0.5612883051907442,0.5253283302063789,0.15266592261143394,5,0.48319871250262897,0.08487020674512749,0.38618925831202044,0.5607843137254902,0.525,0.17564245216126426,5,0.4825550234535645,0.08647125967913362,0.38388746803069057,0.5614705882352942,0.525,0.1791946109280419,5,0.48688127530971526,0.08140948233784777,0.39273235499650594,0.5618686868686869,0.5253283302063789,0.1672060242737031,5,0.4911819887429643,0.07498675148156361,0.40400250156347717,0.5612883051907442,0.5253283302063789,0.15266592261143394
minecraft,random-forest,200,23,5,0.6,0.07382294351771257,0.5294117647058824,0.6764705882352942,0.5882352941176471,0.12303823919618762,5,0.6,0.07382294351771257,0.5294117647058824,0.6764705882352942,0.5882352941176471,0.12303823919618762,5,0.37393912130754237,0.028746771513651966,0.34615384615384615,0.40350877192982454,0.37037037037037035,0.07687553902660396,5,0.7478782426150847,0.05749354302730393,0.6923076923076923,0.8070175438596491,0.7407407407407407,0.07687553902660396,5,0.5,0.0,0.5,0.5,0.5,0.0,5,0.3,0.036911471758856285,0.2647058823529412,0.3382352941176471,0.29411764705882354,0.12303823919618762
minecraft,random-forest,200,24,5,0.9083333333333334,0.07453559924999298,0.8333333333333334,1.0,0.9166666666666666,0.08205754045870786,5,0.9083333333333334,0.07453559924999298,0.8333333333333334,1.0,0.9166666666666666,0.08205754045870786,5,0.5753426961567573,0.23787359314234138,0.45454545454545453,1.0,0.4782608695652174,0.413446793939191,5,0.9506853923135145,0.04096439203198108,0.9090909090909091,1.0,0.9565217391304349,0.043089325199678626,5,0.6,0.22360679774997896,0.5,1.0,0.5,0.37267799624996495,5,0.5541666666666667,0.25069348260818874,0.4166666666666667,1.0,0.4583333333333333,0.45237921673658116
minecraft,random-forest,200,25,5,0.8455696202531646,0.024348587419837153,0.810126582278481,0.8734177215189873,0.8481012658227848,0.028795485122262498,5,0.845,0.024594634349594826,0.8092948717948718,0.8730769230769231,0.8474358974358974,0.029106076153366658,5,0.8449817507565633,0.02476723256787158,0.8090249798549556,0.873234916559692,0.8474903474903475,0.02931096742112593,5,0.8450958486046802,0.02471129407595033,0.8092085802588765,0.8732958515461239,0.8476125311568349,0.029240818206302425,5,0.8488082337572636,0.02234665851485639,0.815359477124183,0.8745173745173744,0.851948051948052,0.02632709913279062,5,0.845,0.024594634349594826,0.8092948717948718,0.8730769230769231,0.8474358974358974,0.029106076153366658
minecraft,random-forest,200,26,5,0.4625,0.040745015032516554,0.4375,0.53125,0.4375,0.08809732980003579,5,0.4625,0.040745015032516554,0.4375,0.53125,0.4375,0.08809732980003579,5,0.3158262379882573,0.018535723168996435,0.30434782608695654,0.3469387755102041,0.30434782608695654,0.058689624038410666,5,0.6316524759765146,0.03707144633799287,0.6086956521739131,0.6938775510204082,0.6086956521739131,0.058689624038410666,5,0.5,0.0,0.5,0.5,0.5,0.0,5,0.23125,0.020372507516258277,0.21875,0.265625,0.21875,0.08809732980003579
minecraft,random-forest,200,27,5,0.01764705882352941,0.01610948698544606,0.0,0.029411764705882353,0.029411764705882353,0.9128709291752768,5,0.01764705882352941,0.01610948698544606,0.0,0.029411764705882353,0.029411764705882353,0.9128709291752768,5,0.017142857142857144,0.01564921592871903,0.0,0.02857142857142857,0.02857142857142857,0.9128709291752767,5,0.03428571428571429,0.03129843185743806,0.0,0.05714285714285714,0.05714285714285714,0.9128709291752767,5,0.3,0.27386127875258304,0.0,0.5,0.5,0.9128709291752768,5,0.008823529411764706,0.00805474349272303,0.0,0.014705882352941176,0.014705882352941176,0.9128709291752768
minecraft,random-forest,200,28,5,0.12571428571428572,0.03257644071711823,0.08571428571428572,0.17142857142857143,0.11428571428571428,0.2591307784316223,5,0.12571428571428572,0.03257644071711823,0.08571428571428572,0.17142857142857143,0.11428571428571428,0.2591307784316223,5,0.11108340739277837,0.025566991290313028,0.07894736842105263,0.14634146341463414,0.10256410256410256,0.23016030827998493,5,0.22216681478555675,0.051133982580626056,0.15789473684210525,0.2926829268292683,0.20512820512820512,0.23016030827998493,5,0.5,0.0,0.5,0.5,0.5,0.0,5,0.06285714285714286,0.016288220358559116,0.04285714285714286,0.08571428571428572,0.05714285714285714,0.2591307784316223
minecraft,random-forest,200,29,5,0.44571428571428573,0.0433307168231517,0.4,0.5142857142857142,0.42857142857142855,0.09721635184681471,5,0.44571428571428573,0.0433307168231517,0.4,0.5142857142857142,0.42857142857142855,0.09721635184681471,5,0.3078124834839596,0.020354667419446554,0.2857142857142857,0.33962264150943394,0.3,0.06612684186509692,5,0.6156249669679192,0.04070933483889311,0.5714285714285714,0.6792452830188679,0.6,0.06612684186509692,5,0.5,0.0,0.5,0.5,0.5,0.0,5,0.22285714285714286,0.02166535841157585,0.2,0.2571428571428571,0.21428571428571427,0.09721635184681471
minecraft,random-forest,200,3,5,0.7517241379310344,0.01743189757253228,0.7241379310344828,0.7701149425287356,0.7586206896551724,0.023189221541442026,5,0.7514423076923077,0.015333616057336878,0.7307692307692307,0.7724358974358974,0.7548076923076923,0.020405579909955666,5,0.7497247031564507,0.01684072399688783,0.7241014799154334,0.7693531283138919,0.7553889409559513,0.022462543819065744,5,0.7517750800479196,0.017418016898751273,0.7244295399868775,0.7707243939006108,0.7582975147852503,0.023169186317855885,5,0.7512173188796696,0.014927617660582268,0.7297872340425532,0.7695560253699789,0.7561761546723953,0.01987123737089105,5,0.7514423076923077,0.015333616057336878,0.7307692307692307,0.7724358974358974,0.7548076923076923,0.020405579909955666
minecraft,random-forest,200,30,5,0.6606060606060606,0.1344990364919524,0.5151515151515151,0.8181818181818182,0.6060606060606061,0.20359945890983622,5,0.6606060606060606,0.1344990364919524,0.5151515151515151,0.8181818181818182,0.6060606060606061,0.20359945890983622,5,0.39468421441046964,0.04828113463227783,0.34,0.45,0.37735849056603776,0.12232851700034217,5,0.7893684288209393,0.09656226926455566,0.68,0.9,0.7547169811320755,0.12232851700034217,5,0.5,0.0,0.5,0.5,0.5,0.0,5,0.3303030303030303,0.0672495182459762,0.25757575757575757,0.4090909090909091,0.30303030303030304,0.20359945890983622
minecraft,random-forest,200,31,5,0.6521739130434783,0.018826639212705176,0.6195652173913043,0.6630434782608695,0.6630434782608695,0.02886751345948127,5,0.658829221093372,0.020612077409896627,0.6257861635220126,0.6804547653604257,0.6608611514271892,0.03128591864169212,5,0.6502361409719202,0.018374713825100506,0.6184382035786231,0.663003663003663,0.6561784207353828,0.028258524353376415,5,0.6532545456824821,0.01822002868450953,0.6215938422541306,0.6648402602822301,0.6624462494027711,0.02789116249543172,5,0.6570246292308716,0.02155314459376712,0.6231060606060606,0.6817738791423003,0.6578073089700996,0.03280416537656699,5,0.658829221093372,0.020612077409896627,0.6257861635220126,0.6804547653604257,0.6608611514271892,0.03128591864169212
minecraft,random-forest,200,32,5,0.5176470588235295,0.27322880382337866,0.17647058823529413,0.7352941176470589,0.7058823529411765,0.527828371022436,5,0.5176470588235295,0.27322880382337866,0.17647058823529413,0.7352941176470589,0.7058823529411765,0.527828371022436,5,0.3221234692074538,0.13180040666255066,0.15,0.423728813559322,0.41379310344827586,0.40916114242414486,5,0.6442469384149077,0.2636008133251013,0.3,0.847457627118644,0.8275862068965517,0.40916114242414486,5,0.5,0.0,0.5,0.5,0.5,0.0,5,0.25882352941176473,0.13661440191168933,0.08823529411764706,0.36764705882352944,0.35294117647058826,0.527828371022436
minecraft,random-forest,200,33,5,1.0,0.0,1.0,1.0,1.0,0.0,5,1.0,0.0,1.0,1.0,1.0,0.0,5,1.0,0.0,1.0,1.0,1.0,0.0,5,1.0,0.0,1.0,1.0,1.0,0.0,5,1.0,0.0,1.0,1.0,1.0,0.0,5,1.0,0.0,1.0,1.0,1.0,0.0
minecraft,random-forest,200,34,5,0.6375,0.019764235376052354,0.6125,0.6625,0.6375,0.031002722158513497,5,0.6418386491557223,0.018785944344109747,0.6200750469043153,0.6651031894934334,0.6413383364602876,0.02926895157968575,5,0.6252581180677768,0.030037584332304253,0.5775847385453926,0.6598960793575814,0.6305144131231089,0.04804029482276668,5,0.6237420754995858,0.030836916315948506,0.5745486288536876,0.6591521020311761,0.6292443064182195,0.04943857008724271,5,0.667070083167964,0.024354153731013465,0.6312056737588652,0.6895499618611747,0.671875,0.036509138013436054,5,0.6418386491557223,0.018785944344109747,0.6200750469043153,0.6651031894934334,0.6413383364602876,0.02926895157968575
minecraft,random-forest,200,35,5,0.6827586206896552,0.015421158465515821,0.6551724137931034,0.6896551724137931,0.6896551724137931,0.022586545227270646,5,0.6827586206896552,0.015421158465515821,0.6551724137931034,0.6896551724137931,0.6896551724137931,0.022586545227270646,5,0.40569727891156465,0.005514113209820922,0.3958333333333333,0.40816326530612246,0.40816326530612246,0.013591693847724594,5,0.8113945578231293,0.011028226419641844,0.7916666666666666,0.8163265306122449,0.8163265306122449,0.013591693847724594,5,0.5,0.0,0.5,0.5,0.5,0.0,5,0.3413793103448276,0.0077105792327579106,0.3275862068965517,0.3448275862068966,0.3448275862068966,0.022586545227270646
minecraft,random-forest,200,36,5,0.5882352941176471,0.04921529567847504,0.5294117647058824,0.6352941176470588,0.611764705882353,0.08366600265340757,5,0.6051282051282051,0.047299918944579834,0.5515607580824972,0.6513377926421404,0.6295986622073578,0.07816512028977177,5,0.5769170185977346,0.05527030256968697,0.5046620046620047,0.6278774184437226,0.6009389671361502,0.09580286382264822,5,0.5713929286958959,0.05715027988549673,0.4955436720142603,0.6235510105751099,0.5955260977630489,0.10001922847720958,5,0.6225650313926175,0.05070348565520722,0.5648148148148149,0.6733716475095786,0.6484848484848484,0.08144287439625134,5,0.6051282051282051,0.047299918944579834,0.5515607580824972,0.6513377926421404,0.6295986622073578,0.07816512028977177
minecraft,random-forest,200,37,5,0.7011764705882353,0.03178648490848541,0.6705882352941176,0.7529411764705882,0.6941176470588235,0.045333074114450665,5,0.6938684503901895,0.034466014790603995,0.6624860646599777,0.7463768115942029,0.6842251950947603,0.04967226103337369,5,0.6928713562087057,0.03545442483052205,0.6626984126984128,0.7479169608812315,0.6842857142857143,0.05117028509379239,5,0.6966420488258726,0.03416839409508466,0.6669467787114847,0.7508477533083562,0.688873949579832,0.0490472749278807,5,0.7051384765840533,0.031108888030685858,0.6698717948717949,0.7549019607843137,0.697431302270012,0.04411741673974253,5,0.6938684503901895,0.034466014790603995,0.6624860646599777,0.7463768115942029,0.6842251950947603,0.04967226103337369
minecraft,random-forest,200,38,5,0.655421686746988,0.045560651569130195,0.6024096385542169,0.7228915662650602,0.6385542168674698,0.06951349412201849,5,0.6607226107226107,0.04317499529285742,0.6148018648018648,0.7240675990675991,0.645979020979021,0.06534511547234374,5,0.6514150444709215,0.04911963428621457,0.5907664724338861,0.7227305737109658,0.6359649122807017,0.07540451314892409,5,0.6502825805835414,0.050391252408633014,0.5866081988194822,0.7231330550962017,0.6378144155569647,0.07749131518087664,5,0.6688656881937294,0.038669126034252564,0.6358620689655172,0.7232868757259001,0.6534926470588236,0.057812991033638565,5,0.6607226107226107,0.04317499529285742,0.6148018648018648,0.7240675990675991,0.645979020979021,0.06534511547234374
minecraft,random-forest,200,39,5,0.9923076923076923,0.017200522903844526,0.9615384615384616,1.0,1.0,0.017333860290696033,5,0.9923076923076923,0.017200522903844526,0.9615384615384616,1.0,1.0,0.017333860290696033,5,0.8980392156862745,0.22799124476468444,0.49019607843137253,1.0,1.0,0.25387671360259617,5,0.996078431372549,0.008768894029410959,0.9803921568627451,1.0,1.0,0.00880341723425116,5,0.9,0.22360679774997896,0.5,1.0,1.0,0.24845199749997662,5,0.8961538461538462,0.23220705920190124,0.4807692307692308,1.0,1.0,0.2591151733583447
minecraft,random-forest,200,4,5,0.021052631578947368,0.022017369119317776,0.0,0.05263157894736842,0.02631578947368421,1.0458250331675945,5,0.021052631578947368,0.022017369119317776,0.0,0.05263157894736842,0.02631578947368421,1.0458250331675945,5,0.020256410256410257,0.020995913944547973,0.0,0.05,0.02564102564102564,1.0365071440979379,5,0.04051282051282051,0.041991827889095945,0.0,0.1,0.05128205128205128,1.0365071440979379,5,0.3,0.27386127875258304,0.0,0.5,0.5,0.9128709291752768,5,0.010526315789473684,0.011008684559658888,0.0,0.02631578947368421,0.013157894736842105,1.0458250331675945
minecraft,random-forest,200,5,5,0.12258064516129033,0.04784644185223008,0.06451612903225806,0.1935483870967742,0.12903225806451613,0.3903262361629296,5,0.12258064516129033,0.04784644185223008,0.06451612903225806,0.1935483870967742,0.12903225806451613,0.3903262361629296,5,0.10791498909145969,0.03758108957262642,0.06060606060606061,0.16216216216216217,0.11428571428571428,0.34824717019408524,5,0.21582997818291938,0.07516217914525283,0.12121212121212122,0.32432432432432434,0.22857142857142856,0.34824717019408524,5,0.5,0.0,0.5,0.5,0.5,0.0,5,0.061290322580645165,0.02392322092611504,0.03225806451612903,0.0967741935483871,0.06451612903225806,0.3903262361629296
minecraft,random-forest,200,6,5,0.6814814814814815,0.06197481678030189,0.5925925925925926,0.7407407407407407,0.6666666666666666,0.09094130723196472,5,0.6814814814814815,0.06197481678030189,0.5925925925925926,0.7407407407407407,0.6666666666666666,0.09094130723196472,5,0.4046313706086096,0.022222222766292318,0.37209302325581395,0.425531914893617,0.4,0.05491967351139304,5,0.8092627412172192,0.044444445532584635,0.7441860465116279,0.851063829787234,0.8,0.05491967351139304,5,0.5,0.0,0.5,0.5,0.5,0.0,5,0.34074074074074073,0.030987408390150944,0.2962962962962963,0.37037037037037035,0.3333333333333333,0.09094130723196472
minecraft,random-forest,200,7,5,0.3538461538461538,0.03463911816950332,0.32051282051282054,0.3974358974358974,0.3333333333333333,0.09789316004424851,5,0.35384615384615387,0.03463911816950333,0.3205128205128205,0.39743589743589747,0.33333333333333337,0.09789316004424854,5,0.31107775496879325,0.044402848979067086,0.2757142857142857,0.3742959549411162,0.2864180154820549,0.14273874704901834,5,0.3110777549687933,0.04440284897906709,0.2757142857142857,0.3742959549411162,0.2864180154820549,0.14273874704901834,5,0.303427123947404,0.0549503356335949,0.25554484088717455,0.37962962962962965,0.27386262265834077,0.18109895687216143,5,0.35384615384615387,0.03463911816950333,0.3205128205128205,0.39743589743589747,0.33333333333333337,0.09789316004424854
minecraft,random-forest,200,8,5,0.6758620689655173,0.08992003317520897,0.5517241379310345,0.7931034482758621,0.6551724137931034,0.13304494704495204,5,0.6758620689655173,0.08992003317520897,0.5517241379310345,0.7931034482758621,0.6551724137931034,0.13304494704495204,5,0.4019059829059829,0.03233344954691039,0.35555555555555557,0.4423076923076923,0.3958333333333333,0.08045028171295995,5,0.8038119658119658,0.06466689909382078,0.7111111111111111,0.8846153846153846,0.7916666666666666,0.08045028171295995,5,0.5,0.0,0.5,0.5,0.5,0.0,5,0.33793103448275863,0.044960016587604484,0.27586206896551724,0.39655172413793105,0.3275862068965517,0.13304494704495204
minecraft,random-forest,200,9,5,0.617948717948718,0.038886540738725904,0.5641025641025641,0.6666666666666666,0.6153846153846154,0.06292842692158963,5,0.617948717948718,0.038886540738725876,0.5641025641025641,0.6666666666666666,0.6153846153846154,0.06292842692158959,5,0.6121715614624297,0.03521458772327011,0.5615079365079365,0.6555706521739131,0.6089572192513368,0.057524050348149516,5,0.6121715614624297,0.03521458772327011,0.5615079365079365,0.6555706521739131,0.608957219251337,0.057524050348149516,5,0.6277773788087417,0.048298815998024845,0.5656565656565657,0.6913207547169811,0.6235045742434905,0.0769362159714575,5,0.617948717948718,0.038886540738725876,0.5641025641025641,0.6666666666666666,0.6153846153846154,0.06292842692158959
minecraft,random-forest,250,0,5,0.8480000000000001,0.05215361924162119,0.8,0.92,0.84,0.06150190948304385,5,0.8480000000000001,0.05215361924162119,0.8,0.92,0.84,0.06150190948304385,5,0.45853248021379384,0.015149347351300012,0.4444444444444444,0.4791666666666667,0.45652173913043476,0.03303876607440443,5,0.9170649604275877,0.030298694702600062,0.8888888888888888,0.9583333333333335,0.9130434782608695,0.03303876607440447,5,0.5,0.0,0.5,0.5,0.5,0.0,5,0.42400000000000004,0.026076809620810593,0.4,0.46,0.42,0.06150190948304385
minecraft,random-forest,250,1,5,0.9448275862068967,0.10515828056535799,0.7586206896551724,1.0,1.0,0.11129891008742268,5,0.9448275862068967,0.10515828056535799,0.7586206896551724,1.0,1.0,0.11129891008742268,5,0.7845201238390093,0.2958158926740107,0.43137254901960786,1.0,1.0,0.3770660352553491,5,0.9690402476780186,0.0599044318153099,0.8627450980392157,1.0,1.0,0.061818311426022676,5,0.8,0.27386127875258304,0.5,1.0,1.0,0.34232659844072877,5,0.7724137931034483,0.3137741563055814,0.3793103448275862,1.0,1.0,0.40622547021704736
minecraft,random-forest,250,10,5,0.8,0.056169447733715176,0.7407407407407407,0.8888888888888888,0.7777777777777778,0.07021180966714397,5,0.8,0.056169447733715176,0.7407407407407407,0.8888888888888888,0.7777777777777778,0.07021180966714397,5,0.44401994840489384,0.01700954708919489,0.425531914893617,0.47058823529411764,0.4375,0.03830806960430568,5,0.8880398968097877,0.03401909417838978,0.851063829787234,0.9411764705882353,0.875,0.03830806960430568,5,0.5,0.0,0.5,0.5,0.5,0.0,5,0.4,0.028084723866857588,0.37037037037037035,0.4444444444444444,0.3888888888888889,0.07021180966714397
minecraft,random-forest,250,11,5,0.5818181818181818,0.044946657497549475,0.5151515151515151,0.6363636363636364,0.5757575757575758,0.07725206757391316,5,0.5818181818181818,0.044946657497549475,0.5151515151515151,0.6363636363636364,0.5757575757575758,0.07725206757391316,5,0.3674033220448315,0.01816471425008403,0.34,0.3888888888888889,0.36538461538461536,0.04944080023279573,5,0.734806644089663,0.03632942850016806,0.68,0.7777777777777778,0.7307692307692307,0.04944080023279573,5,0.5,0.0,0.5,0.5,0.5,0.0,5,0.2909090909090909,0.022473328748774737,0.25757575757575757,0.3181818181818182,0.2878787878787879,0.07725206757391316
minecraft,random-forest,250,12,5,0.6199999999999999,0.08027729719194862,0.5333333333333333,0.7333333333333333,0.6,0.12947951159991716,5,0.6199999999999999,0.08027729719194862,0.5333333333333333,0.7333333333333333,0.6,0.12947951159991716,5,0.3815210275386039,0.030162172048051356,0.34782608695652173,0.4230769230769231,0.375,0.07905769242299343,5,0.7630420550772078,0.06032434409610271,0.6956521739130435,0.8461538461538461,0.75,0.07905769242299343,5,0.5,0.0,0.5,0.5,0.5,0.0,5,0.30999999999999994,0.04013864859597431,0.26666666666666666,0.36666666666666664,0.3,0.12947951159991716
minecraft,random-forest,250,13,5,0.8387096774193548,0.09404761120718223,0.7096774193548387,0.9354838709677419,0.8709677419354839,0.11213369028548652,5,0.8387096774193548,0.09404761120718223,0.7096774193548387,0.9354838709677419,0.8709677419354839,0.11213369028548652,5,0.4549769643770724,0.028444655315690508,0.41509433962264153,0.48333333333333334,0.46551724137931033,0.06251889115888593,5,0.9099539287541448,0.056889310631381015,0.8301886792452831,0.9666666666666667,0.9310344827586207,0.06251889115888593,5,0.5,0.0,0.5,0.5,0.5,0.0,5,0.4193548387096774,0.047023805603591116,0.3548387096774194,0.46774193548387094,0.43548387096774194,0.11213369028548652
minecraft,random-forest,250,14,5,0.745945945945946,0.030815552029706424,0.7027027027027027,0.7837837837837838,0.7567567567567568,0.04131070380793977,5,0.745945945945946,0.030815552029706424,0.7027027027027027,0.7837837837837838,0.7567567567567568,0.04131070380793977,5,0.4271011627261627,0.010158417565536173,0.4126984126984127,0.4393939393939394,0.4307692307692308,0.023784570148897663,5,0.8542023254523254,0.020316835131072346,0.8253968253968254,0.8787878787878788,0.8615384615384616,0.023784570148897663,5,0.5,0.0,0.5,0.5,0.5,0.0,5,0.372972972972973,0.015407776014853212,0.35135135135135137,0.3918918918918919,0.3783783783783784,0.04131070380793977
minecraft,random-forest,250,15,5,0.9777777777777776,0.020286020648339516,0.9629629629629629,1.0,0.9629629629629629,0.020747066572165417,5,0.9777777777777776,0.020286020648339516,0.9629629629629629,1.0,0.9629629629629629,0.020747066572165417,5,0.6943396226415095,0.27902847269131104,0.49056603773584906,1.0,0.49056603773584906,0.4018616590391164,5,0.9886792452830189,0.010334387877455962,0.9811320754716981,1.0,0.9811320754716981,0.010452720563075687,5,0.7,0.27386127875258304,0.5,1.0,0.5,0.3912303982179758,5,0.6888888888888889,0.2840042890767528,0.48148148148148145,1.0,0.48148148148148145,0.4122642905952863
minecraft,random-forest,250,16,5,0.8242424242424242,0.06569540420811758,0.7575757575757576,0.9090909090909091,0.8484848484848485,0.07970398304661323,5,0.8242424242424242,0.06569540420811758,0.7575757575757576,0.9090909090909091,0.8484848484848485,0.07970398304661323,5,0.4512584457185927,0.01974838604064355,0.43103448275862066,0.47619047619047616,0.45901639344262296,0.04376291729941107,5,0.9025168914371854,0.0394967720812871,0.8620689655172413,0.9523809523809523,0.9180327868852459,0.04376291729941107,5,0.5,0.0,0.5,0.5,0.5,0.0,5,0.4121212121212121,0.03284770210405879,0.3787878787878788,0.45454545454545453,0.42424242424242425,0.07970398304661323
minecraft,random-forest,250,17,5,0.3285714285714286,0.01597191412499849,0.32142857142857145,0.35714285714285715,0.32142857142857145,0.04861017342390844,5,0.3285714285714286,0.01597191412499849,0.32142857142857145,0.35714285714285715,0.32142857142857145,0.04861017342390844,5,0.24722617354196302,0.008906102897580943,0.24324324324324326,0.2631578947368421,0.24324324324324326,0.03602411010931762,5,0.49445234708392605,0.017812205795161885,0.4864864864864865,0.5263157894736842,0.4864864864864865,0.03602411010931762,5,0.5,0.0,0.5,0.5,0.5,0.0,5,0.1642857142857143,0.007985957062499245,0.16071428571428573,0.17857142857142858,0.16071428571428573,0.04861017342390844
minecraft,random-forest,250,18,5,0.022857142857142857,0.012777531299998798,0.0,0.02857142857142857,0.02857142857142857,0.5590169943749475,5,0.022857142857142857,0.012777531299998798,0.0,0.02857142857142857,0.02857142857142857,0.5590169943749475,5,0.02222222222222222,0.012422599874998832,0.0,0.027777777777777776,0.027777777777777776,0.5590169943749475,5,0.04444444444444444,0.024845199749997663,0.0,0.05555555555555555,0.05555555555555555,0.5590169943749475,5,0.4,0.22360679774997896,0.0,0.5,0.5,0.5590169943749473,5,0.011428571428571429,0.006388765649999399,0.0,0.014285714285714285,0.014285714285714285,0.5590169943749475
minecraft,random-forest,250,19,5,0.061111111111111116,0.06022078719077444,0.0,0.1388888888888889,0.08333333333333333,0.9854310631217635,5,0.061111111111111116,0.06022078719077444,0.0,0.1388888888888889,0.08333333333333333,0.9854310631217635,5,0.055159474671669796,0.05360406056649513,0.0,0.12195121951219512,0.07692307692307693,0.9718015061885001,5,0.11031894934333959,0.10720812113299026,0.0,0.24390243902439027,0.15384615384615385,0.9718015061885001,5,0.3,0.27386127875258304,0.0,0.5,0.5,0.9128709291752768,5,0.030555555555555558,0.03011039359538722,0.0,0.06944444444444445,0.041666666666666664,0.9854310631217635
minecraft,random-forest,250,2,5,0.6785714285714286,0.09780759955449395,0.5357142857142857,0.7857142857142857,0.6785714285714286,0.14413751513293843,5,0.6785714285714286,0.09780759955449395,0.5357142857142857,0.7857142857142857,0.6785714285714286,0.14413751513293843,5,0.40259366096975546,0.03568628729724171,0.3488372093023256,0.44,0.40425531914893614,0.08864095676837448,5,0.8051873219395109,0.07137257459448342,0.6976744186046512,0.88,0.8085106382978723,0.08864095676837448,5,0.5,0.0,0.5,0.5,0.5,0.0,5,0.3392857142857143,0.04890379977724697,0.26785714285714285,0.39285714285714285,0.3392857142857143,0.14413751513293843
minecraft,random-forest,250,20,5,0.876923076923077,0.03217923178977215,0.8461538461538461,0.9230769230769231,0.8846153846153846,0.036695615198862976,5,0.876923076923077,0.03217923178977215,0.8461538461538461,0.9230769230769231,0.8846153846153846,0.036695615198862976,5,0.4670884353741497,0.009091010216140194,0.4583333333333333,0.48,0.46938775510204084,0.019463145579397753,5,0.9341768707482994,0.018182020432280416,0.9166666666666666,0.9600000000000001,0.9387755102040816,0.019463145579397784,5,0.5,0.0,0.5,0.5,0.5,0.0,5,0.4384615384615385,0.016089615894886077,0.4230769230769231,0.46153846153846156,0.4423076923076923,0.036695615198862976
minecraft,random-forest,250,21,5,0.11200000000000002,0.059329587896765304,0.04,0.2,0.12,0.5297284633639758,5,0.11200000000000002,0.059329587896765304,0.04,0.2,0.12,0.5297284633639758,5,0.09869759869759868,0.04742662727478573,0.038461538461538464,0.16666666666666666,0.10714285714285714,0.48052463181092187,5,0.19739519739519737,0.09485325454957144,0.07692307692307693,0.33333333333333326,0.21428571428571427,0.48052463181092175,5,0.5,0.0,0.5,0.5,0.5,0.0,5,0.05600000000000001,0.029664793948382652,0.02,0.1,0.06,0.5297284633639758
minecraft,random-forest,250,22,5,0.49696969696969695,0.12604020813991165,0.36363636363636365,0.6666666666666666,0.48484848484848486,0.25361749198884664,5,0.49696969696969695,0.12604020813991165,0.36363636363636365,0.6666666666666666,0.48484848484848486,0.25361749198884664,5,0.3282381179896708,0.05569028944780274,0.26666666666666666,0.4,0.32653061224489793,0.16966429672727784,5,0.6564762359793416,0.11138057889560549,0.5333333333333333,0.8,0.6530612244897959,0.16966429672727784,5,0.5,0.0,0.5,0.5,0.5,0.0,5,0.24848484848484848,0.06302010406995583,0.18181818181818182,0.3333333333333333,0.24242424242424243,0.25361749198884664
minecraft,random-forest,250,23,5,0.548148148148148,0.1443969532564291,0.2962962962962963,0.6666666666666666,0.5925925925925926,0.2634268741840261,5,0.548148148148148,0.1443969532564291,0.2962962962962963,0.6666666666666666,0.5925925925925926,0.2634268741840261,5,0.3489700996677741,0.06838110030457592,0.22857142857142856,0.4,0.37209302325581395,0.1959511728072863,5,0.6979401993355482,0.13676220060915187,0.4571428571428571,0.8,0.7441860465116279,0.19595117280728633,5,0.5,0.0,0.5,0.5,0.5,0.0,5,0.274074074074074,0.07219847662821455,0.14814814814814814,0.3333333333333333,0.2962962962962963,0.2634268741840261
minecraft,random-forest,250,24,5,0.8800000000000001,0.04472135954999579,0.85,0.95,0.85,0.05081972676135884,5,0.8800000000000001,0.04472135954999579,0.85,0.95,0.85,0.05081972676135884,5,0.46784841521683623,0.012438554841871763,0.4594594594594595,0.48717948717948717,0.4594594594594595,0.026586720051422635,5,0.9356968304336725,0.024877109683743483,0.918918918918919,0.9743589743589742,0.918918918918919,0.02658672005142259,5,0.5,0.0,0.5,0.5,0.5,0.0,5,0.44000000000000006,0.022360679774997894,0.425,0.475,0.425,0.05081972676135884
minecraft,random-forest,250,25,5,0.8875,0.08149003006503311,0.75,0.9375,0.9375,0.0918197521859528,5,0.8875,0.08149003006503311,0.75,0.9375,0.9375,0.0918197521859528,5,0.4693701996927803,0.0239930491907653,0.42857142857142855,0.4838709677419355,0.4838709677419355,0.05111753836623972,5,0.9387403993855606,0.0479860983815306,0.8571428571428571,0.967741935483871,0.967741935483871,0.05111753836623972,5,0.5,0.0,0.5,0.5,0.5,0.0,5,0.44375,0.040745015032516554,0.375,0.46875,0.46875,0.0918197521859528
minecraft,random-forest,250,26,5,0.43076923076923074,0.01720052290384455,0.4230769230769231,0.46153846153846156,0.4230769230769231,0.03992978531249628,5,0.43076923076923074,0.01720052290384455,0.4230769230769231,0.46153846153846156,0.4230769230769231,0.03992978531249628,5,0.30099573257467993,0.008269952690610871,0.2972972972972973,0.3157894736842105,0.2972972972972973,0.027475315413513435,5,0.6019914651493599,0.016539905381221742,0.5945945945945946,0.631578947368421,0.5945945945945946,0.027475315413513435,5,0.5,0.0,0.5,0.5,0.5,0.0,5,0.21538461538461537,0.008600261451922275,0.21153846153846154,0.23076923076923078,0.21153846153846154,0.03992978531249628
minecraft,random-forest,250,27,5,0.04444444444444444,0.01656346649999844,0.037037037037037035,0.07407407407407407,0.037037037037037035,0.37267799624996495,5,0.04444444444444444,0.01656346649999844,0.037037037037037035,0.07407407407407407,0.037037037037037035,0.37267799624996495,5,0.04236453201970443,0.014870402806033085,0.03571428571428571,0.06896551724137931,0.03571428571428571,0.35101067088659493,5,0.08472906403940886,0.02974080561206617,0.07142857142857142,0.13793103448275862,0.07142857142857142,0.35101067088659493,5,0.5,0.0,0.5,0.5,0.5,0.0,5,0.02222222222222222,0.00828173324999922,0.018518518518518517,0.037037037037037035,0.018518518518518517,0.37267799624996495
minecraft,random-forest,250,28,5,0.06428571428571428,0.0465657314657332,0.0,0.10714285714285714,0.07142857142857142,0.7243558228002943,5,0.06428571428571428,0.0465657314657332,0.0,0.10714285714285714,0.07142857142857142,0.7243558228002943,5,0.0589395624768261,0.04181696436740754,0.0,0.0967741935483871,0.06666666666666667,0.7094888833599531,5,0.1178791249536522,0.08363392873481508,0.0,0.1935483870967742,0.13333333333333333,0.7094888833599531,5,0.4,0.22360679774997896,0.0,0.5,0.5,0.5590169943749473,5,0.03214285714285714,0.0232828657328666,0.0,0.05357142857142857,0.03571428571428571,0.7243558228002943
minecraft,random-forest,250,29,5,0.4928571428571429,0.07742672638813856,0.39285714285714285,0.5714285714285714,0.5357142857142857,0.15709770571506373,5,0.4928571428571429,0.07742672638813856,0.39285714285714285,0.5714285714285714,0.5357142857142857,0.15709770571506373,5,0.3286724128584594,0.0354660153601681,0.28205128205128205,0.36363636363636365,0.3488372093023256,0.10790688227137976,5,0.6573448257169188,0.0709320307203362,0.5641025641025641,0.7272727272727273,0.6976744186046512,0.10790688227137976,5,0.5,0.0,0.5,0.5,0.5,0.0,5,0.24642857142857144,0.03871336319406928,0.19642857142857142,0.2857142857142857,0.26785714285714285,0.15709770571506373
minecraft,random-forest,250,3,5,0.7578947368421053,0.03903262361629297,0.7105263157894737,0.8157894736842105,0.7631578947368421,0.05150137838260878,5,0.7578947368421053,0.03903262361629297,0.7105263157894737,0.8157894736842105,0.7631578947368421,0.05150137838260878,5,0.43091480874738497,0.01255187360181664,0.4153846153846154,0.4492753623188406,0.43283582089552236,0.029128434082605223,5,0.8618296174947699,0.025103747203633273,0.8307692307692308,0.8985507246376812,0.8656716417910446,0.029128434082605216,5,0.5,0.0,0.5,0.5,0.5,0.0,5,0.37894736842105264,0.019516311808146485,0.35526315789473684,0.40789473684210525,0.3815789473684211,0.05150137838260878
minecraft,random-forest,250,30,5,0.676923076923077,0.13488983012884756,0.5,0.8461538461538461,0.6538461538461539,0.19926906723579751,5,0.676923076923077,0.13488983012884756,0.5,0.8461538461538461,0.6538461538461539,0.19926906723579751,5,0.4005500987048004,0.04857979043198096,0.3333333333333333,0.4583333333333333,0.3953488372093023,0.12128268246360753,5,0.8011001974096008,0.09715958086396194,0.6666666666666666,0.9166666666666666,0.7906976744186045,0.12128268246360754,5,0.5,0.0,0.5,0.5,0.5,0.0,5,0.3384615384615385,0.06744491506442378,0.25,0.4230769230769231,0.3269230769230769,0.19926906723579751
minecraft,random-forest,250,31,5,0.6765432098765432,0.04569569265017716,0.6172839506172839,0.7283950617283951,0.6666666666666666,0.06754290336978741,5,0.676923076923077,0.04786671295174368,0.6153846153846154,0.7298534798534799,0.663919413919414,0.07071218958780316,5,0.6748859470366927,0.04597249217752488,0.6151724137931034,0.7283536585365853,0.663383099892258,0.06811890568974228,5,0.6751403598621326,0.04528417392075833,0.6162281822051937,0.7282294489611563,0.6646144374326612,0.06707371772294224,5,0.6805808657361867,0.05043357733266513,0.6166666666666667,0.7332258064516128,0.6680225281602002,0.07410372502628465,5,0.676923076923077,0.04786671295174368,0.6153846153846154,0.7298534798534799,0.663919413919414,0.07071218958780316
minecraft,random-forest,250,32,5,0.4814814814814815,0.3424674446093876,0.14814814814814814,0.8518518518518519,0.2962962962962963,0.7112785388041126,5,0.4814814814814815,0.3424674446093876,0.14814814814814814,0.8518518518518519,0.2962962962962963,0.7112785388041126,5,0.29669720791542425,0.15357050409255382,0.12903225806451613,0.46,0.22857142857142856,0.5176000986714046,5,0.5933944158308485,0.30714100818510764,0.25806451612903225,0.92,0.4571428571428571,0.5176000986714046,5,0.5,0.0,0.5,0.5,0.5,0.0,5,0.24074074074074076,0.1712337223046938,0.07407407407407407,0.42592592592592593,0.14814814814814814,0.7112785388041126
minecraft,random-forest,250,33,5,1.0,0.0,1.0,1.0,1.0,0.0,5,1.0,0.0,1.0,1.0,1.0,0.0,5,1.0,0.0,1.0,1.0,1.0,0.0,5,1.0,0.0,1.0,1.0,1.0,0.0,5,1.0,0.0,1.0,1.0,1.0,0.0,5,1.0,0.0,1.0,1.0,1.0,0.0
minecraft,random-forest,250,34,5,0.6303030303030303,0.07234749325038377,0.5454545454545454,0.7272727272727273,0.6363636363636364,0.1147820806376281,5,0.6303030303030303,0.07234749325038377,0.5454545454545454,0.7272727272727273,0.6363636363636364,0.1147820806376281,5,0.38565346246460797,0.027158387812486265,0.35294117647058826,0.42105263157894735,0.3888888888888889,0.07042173986698909,5,0.7713069249292159,0.05431677562497253,0.7058823529411765,0.8421052631578947,0.7777777777777778,0.07042173986698909,5,0.5,0.0,0.5,0.5,0.5,0.0,5,0.3151515151515151,0.036173746625191884,0.2727272727272727,0.36363636363636365,0.3181818181818182,0.1147820806376281
minecraft,random-forest,250,35,5,0.8434782608695652,0.11747179205309823,0.6521739130434783,0.9565217391304348,0.8695652173913043,0.1392706813000649,5,0.8434782608695652,0.11747179205309823,0.6521739130434783,0.9565217391304348,0.8695652173913043,0.1392706813000649,5,0.45567913794351983,0.036684709827976496,0.39473684210526316,0.4888888888888889,0.46511627906976744,0.08050557239362462,5,0.9113582758870397,0.073369419655953,0.7894736842105263,0.9777777777777777,0.9302325581395349,0.08050557239362463,5,0.5,0.0,0.5,0.5,0.5,0.0,5,0.4217391304347826,0.05873589602654911,0.32608695652173914,0.4782608695652174,0.43478260869565216,0.1392706813000649
minecraft,random-forest,250,36,5,0.3621621621621622,0.07047786384002865,0.2702702702702703,0.4594594594594595,0.3783783783783784,0.1946030568717209,5,0.3621621621621622,0.07047786384002865,0.2702702702702703,0.4594594594594595,0.3783783783783784,0.1946030568717209,5,0.2642996678576868,0.03805398611568094,0.2127659574468085,0.3148148148148148,0.27450980392156865,0.1439804537937265,5,0.5285993357153737,0.07610797223136188,0.425531914893617,0.6296296296296297,0.5490196078431373,0.1439804537937265,5,0.5,0.0,0.5,0.5,0.5,0.0,5,0.1810810810810811,0.03523893192001432,0.13513513513513514,0.22972972972972974,0.1891891891891892,0.1946030568717209
minecraft,random-forest,250,37,5,0.7189189189189189,0.052685374836805195,0.6486486486486487,0.7837837837837838,0.7027027027027027,0.07328416800608241,5,0.7189189189189189,0.052685374836805195,0.6486486486486487,0.7837837837837838,0.7027027027027027,0.07328416800608241,5,0.41780052370216303,0.017887379396034662,0.39344262295081966,0.4393939393939394,0.4126984126984127,0.042813204822083985,5,0.8356010474043261,0.035774758792069324,0.7868852459016393,0.8787878787878788,0.8253968253968254,0.042813204822083985,5,0.5,0.0,0.5,0.5,0.5,0.0,5,0.35945945945945945,0.026342687418402597,0.32432432432432434,0.3918918918918919,0.35135135135135137,0.07328416800608241
minecraft,random-forest,250,38,5,0.7314285714285715,0.03833259389999641,0.6857142857142857,0.7714285714285715,0.7142857142857143,0.05240784322265133,5,0.7314285714285715,0.03833259389999641,0.6857142857142857,0.7714285714285715,0.7142857142857143,0.05240784322265133,5,0.4222161472571533,0.012766592752310797,0.4067796610169492,0.43548387096774194,0.4166666666666667,0.03023710209864434,5,0.8444322945143066,0.025533185504621594,0.8135593220338984,0.8709677419354839,0.8333333333333334,0.03023710209864434,5,0.5,0.0,0.5,0.5,0.5,0.0,5,0.36571428571428577,0.019166296949998204,0.34285714285714286,0.38571428571428573,0.35714285714285715,0.05240784322265133
minecraft,random-forest,250,39,5,1.0,0.0,1.0,1.0,1.0,0.0,5,1.0,0.0,1.0,1.0,1.0,0.0,5,1.0,0.0,1.0,1.0,1.0,0.0,5,1.0,0.0,1.0,1.0,1.0,0.0,5,1.0,0.0,1.0,1.0,1.0,0.0,5,1.0,0.0,1.0,1.0,1.0,0.0
minecraft,random-forest,250,4,5,0.07741935483870968,0.1731149401935321,0.0,0.3870967741935484,0.0,2.2360679774997894,5,0.07741935483870968,0.1731149401935321,0.0,0.3870967741935484,0.0,2.2360679774997894,5,0.05581395348837209,0.12480379409301151,0.0,0.27906976744186046,0.0,2.23606797749979,5,0.11162790697674418,0.24960758818602302,0.0,0.5581395348837209,0.0,2.23606797749979,5,0.1,0.22360679774997896,0.0,0.5,0.0,2.2360679774997894,5,0.03870967741935484,0.08655747009676605,0.0,0.1935483870967742,0.0,2.2360679774997894
minecraft,random-forest,250,5,5,0.168,0.06572670690061995,0.12,0.28,0.16,0.39123039821797584,5,0.168,0.06572670690061995,0.12,0.28,0.16,0.39123039821797584,5,0.1417795566502463,0.045698668746297404,0.10714285714285714,0.21875,0.13793103448275862,0.3223219893332768,5,0.2835591133004926,0.09139733749259481,0.21428571428571427,0.4375,0.27586206896551724,0.3223219893332768,5,0.5,0.0,0.5,0.5,0.5,0.0,5,0.084,0.032863353450309975,0.06,0.14,0.08,0.39123039821797584
minecraft,random-forest,250,6,5,0.7727272727272727,0.12856486930664499,0.6363636363636364,0.9090909090909091,0.7272727272727273,0.16637806616154058,5,0.7727272727272727,0.12856486930664499,0.6363636363636364,0.9090909090909091,0.7272727272727273,0.16637806616154058,5,0.4335455756508388,0.04055655800746477,0.3888888888888889,0.47619047619047616,0.42105263157894735,0.09354623893135398,5,0.8670911513016776,0.0811131160149296,0.7777777777777778,0.9523809523809524,0.8421052631578948,0.09354623893135405,5,0.5,0.0,0.5,0.5,0.5,0.0,5,0.38636363636363635,0.06428243465332249,0.3181818181818182,0.45454545454545453,0.36363636363636365,0.16637806616154058
minecraft,random-forest,250,7,5,0.0,0.0,0.0,0.0,0.0,,5,0.0,0.0,0.0,0.0,0.0,,5,0.0,0.0,0.0,0.0,0.0,,5,0.0,0.0,0.0,0.0,0.0,,5,0.0,0.0,0.0,0.0,0.0,,5,0.0,0.0,0.0,0.0,0.0,
minecraft,random-forest,250,8,5,0.782608695652174,0.043478260869565244,0.7391304347826086,0.8260869565217391,0.782608695652174,0.05555555555555559,5,0.782608695652174,0.043478260869565244,0.7391304347826086,0.8260869565217391,0.782608695652174,0.05555555555555559,5,0.4387572590011614,0.013691290590773784,0.425,0.4523809523809524,0.43902439024390244,0.03120470444624038,5,0.8775145180023228,0.027382581181547568,0.85,0.9047619047619048,0.8780487804878049,0.03120470444624038,5,0.5,0.0,0.5,0.5,0.5,0.0,5,0.391304347826087,0.021739130434782622,0.3695652173913043,0.41304347826086957,0.391304347826087,0.05555555555555559
minecraft,random-forest,250,9,5,0.6516129032258065,0.13182462414001644,0.45161290322580644,0.8064516129032258,0.6774193548387096,0.2023051162544807,5,0.6516129032258065,0.13182462414001644,0.45161290322580644,0.8064516129032258,0.6774193548387096,0.2023051162544807,5,0.3912960352016956,0.0507953831189423,0.3111111111111111,0.44642857142857145,0.40384615384615385,0.12981318119607205,5,0.7825920704033912,0.1015907662378846,0.6222222222222222,0.8928571428571429,0.8076923076923077,0.12981318119607205,5,0.5,0.0,0.5,0.5,0.5,0.0,5,0.3258064516129032,0.06591231207000822,0.22580645161290322,0.4032258064516129,0.3387096774193548,0.2023051162544807
minecraft,random-forest,50,0,5,0.7082644628099174,0.02348474750145919,0.6900826446280992,0.7396694214876033,0.6942148760330579,0.033158161583157084,5,0.7047452991452992,0.024331763479122213,0.6849572649572649,0.7367863247863248,0.6903247863247863,0.0345256130244945,5,0.7028672999353913,0.025879973220456844,0.6799788415763026,0.7363880003458114,0.6880574136008919,0.036820568011679836,5,0.7041596215574574,0.02551798226599471,0.6818586188882646,0.7373602732767126,0.6895062282908133,0.0362389172636087,5,0.7160399656883574,0.020783172645633518,0.696161587119034,0.7453939909297052,0.7061737804878049,0.029025157311790322,5,0.7047452991452992,0.024331763479122213,0.6849572649572649,0.7367863247863248,0.6903247863247863,0.0345256130244945
minecraft,random-forest,50,1,5,0.8465648854961833,0.029736719359973202,0.8091603053435115,0.8816793893129771,0.8435114503816794,0.03512633215650576,5,0.8336516357206012,0.030680497762745364,0.7987032124963159,0.8691718243442381,0.8272620100206307,0.03680254011164437,5,0.8392941358960233,0.031341214206160366,0.8025324088031354,0.8762248738932321,0.8339080015461925,0.03734234860666666,5,0.842915801342707,0.030577437194635678,0.8063986817850214,0.8790017181069205,0.8381762010286311,0.03627579070878481,5,0.8671201147030885,0.032685769455420476,0.8166198063105279,0.9045865633074935,0.8761517615176151,0.03769462719315702,5,0.8336516357206012,0.030680497762745364,0.7987032124963159,0.8691718243442381,0.8272620100206307,0.03680254011164437
minecraft,random-forest,50,10,5,0.6892430278884463,0.017136106109646696,0.6613545816733067,0.7051792828685259,0.6892430278884463,0.024862211754458498,5,0.6834736573542544,0.016581125843912643,0.6568120933792576,0.7000255134583493,0.6840158183441765,0.024260080349107593,5,0.6837310837769592,0.01663278887945182,0.6570872912548018,0.7006125080593166,0.6844294003868472,0.02432650683009992,5,0.6865395255853254,0.01668781360733929,0.6596781461517512,0.7031168684385604,0.6870691315974016,0.024307141811116706,5,0.6901780748085266,0.018463422349408436,0.6599544567338972,0.7057202833901863,0.6914245548266167,0.026751679056931318,5,0.6834736573542544,0.016581125843912643,0.6568120933792576,0.7000255134583493,0.6840158183441765,0.024260080349107593
minecraft,random-forest,50,11,5,0.5711598746081504,0.012018990290082028,0.5642633228840125,0.5924764890282131,0.567398119122257,0.021043127895368646,5,0.5757157464212679,0.011780435616686766,0.5685268208274343,0.596547113418279,0.5722825232027686,0.020462243198862726,5,0.5540428536453772,0.014555081933615238,0.5459888393999898,0.5799910873440286,0.5474339995065384,0.02627067895172495,5,0.5521313853918389,0.01474170968398301,0.5439900677689248,0.5784020362205868,0.5453481959645976,0.026699640835525135,5,0.5910949344709087,0.012084675972528354,0.5804552590266876,0.6114996820782996,0.589789936492428,0.020444560201392004,5,0.5757157464212679,0.011780435616686766,0.5685268208274343,0.596547113418279,0.5722825232027686,0.020462243198862726
minecraft,random-forest,50,12,5,0.6932330827067669,0.028949809485982657,0.6616541353383458,0.7293233082706767,0.7030075187969925,0.041760571167415335,5,0.7136924224172547,0.02765572245802786,0.6851373831239603,0.7492112659897895,0.7156255377731888,0.03875019768930538,5,0.6905802736158837,0.030077762540918984,0.6572950068712781,0.7277844107112399,0.7029025462668419,0.04355433204518221,5,0.6873919276005092,0.031127062234474374,0.6526452698397391,0.7253221746161412,0.6989592338611073,0.045282845178485215,5,0.7310282701105864,0.028509647801730344,0.706439393939394,0.7650216555847008,0.7179383116883117,0.03899937795486014,5,0.7136924224172547,0.02765572245802786,0.6851373831239603,0.7492112659897895,0.7156255377731888,0.03875019768930538
minecraft,random-forest,50,13,5,0.5025830258302583,0.05266550144851458,0.4317343173431734,0.5498154981549815,0.5313653136531366,0.10478965413030436,5,0.5161338661338661,0.04053338559242309,0.46201021201021203,0.5515318015318016,0.5366577866577866,0.07853269907677443,5,0.4973546908510292,0.05761286859146891,0.41705777181808024,0.5480369641294838,0.5307263331560792,0.11583859497311041,5,0.4947741751533602,0.06482959230383545,0.4044291163662559,0.5519078911261553,0.5283621053169667,0.13102865015891516,5,0.5139328195741806,0.04386713817631659,0.4530456852791878,0.5505774049460725,0.5360338243316967,0.08535578290692301,5,0.5161338661338661,0.04053338559242309,0.46201021201021203,0.5515318015318016,0.5366577866577866,0.07853269907677443
minecraft,random-forest,50,14,5,0.7402366863905325,0.013622324773043001,0.727810650887574,0.7633136094674556,0.7366863905325444,0.01840266096438263,5,0.7404761904761905,0.0165228976048056,0.7261904761904763,0.7687728937728937,0.7367216117216118,0.02231388100970531,5,0.739158229511415,0.014238031758096988,0.7261904761904763,0.7632804566305984,0.7358517074541415,0.0192624950783655,5,0.7402704487701719,0.013496704020166709,0.727810650887574,0.7630649631910268,0.7369939053509034,0.018232125897486642,5,0.7404030800360715,0.017095892176268872,0.7261904761904763,0.7699136955291455,0.7356178790534619,0.02308997981941942,5,0.7404761904761905,0.0165228976048056,0.7261904761904763,0.7687728937728937,0.7367216117216118,0.02231388100970531
minecraft,random-forest,50,15,5,0.7712,0.011798304963002111,0.756,0.788,0.768,0.015298631954100248,5,0.7610050767945504,0.011458039701752718,0.7459996144206671,0.7771030139451192,0.7583060214639161,0.015056456324858475,5,0.7608669812976778,0.01171693704650047,0.7454047646872235,0.7772173182009248,0.7583333333333333,0.015399455272085718,5,0.7640467575198528,0.011649033552784495,0.7487287600794671,0.7803540983606558,0.7614266666666666,0.015246493016471978,5,0.796898114641431,0.01622556727835114,0.7778745644599303,0.8214072748956469,0.7930455109942289,0.020360905591616227,5,0.7610050767945504,0.011458039701752718,0.7459996144206671,0.7771030139451192,0.7583060214639161,0.015056456324858475
minecraft,random-forest,50,16,5,0.6758620689655173,0.04108855768730018,0.6300940438871473,0.7429467084639498,0.6677115987460815,0.0607942945373319,5,0.6749488752556236,0.04143252468591207,0.6289523360075506,0.7426852288815479,0.6671385873839861,0.06138616746375096,5,0.6746665274938642,0.0416275476396791,0.6284840110540861,0.7427419354838709,0.6671588314040475,0.061700923261021993,5,0.6750802404893756,0.041484244899261905,0.6290206886651065,0.7429012033572657,0.6674564753574505,0.061450835635759926,5,0.6764295120792179,0.04085573138897697,0.6304607304846026,0.7428571428571429,0.6688946528332003,0.06039909651989324,5,0.6749488752556236,0.04143252468591207,0.6289523360075506,0.7426852288815479,0.6671385873839861,0.06138616746375096
minecraft,random-forest,50,17,5,0.5151750972762646,0.02676069862108857,0.4785992217898833,0.5525291828793775,0.5175097276264592,0.05194486061646345,5,0.5315506715506715,0.027133452211213754,0.49334554334554337,0.5682234432234432,0.5353785103785104,0.05104584315933309,5,0.5060576583051698,0.02704528143921283,0.4709009341199607,0.5454825067281814,0.5061368708157699,0.05344308300716124,5,0.5000732047977039,0.027321149558232248,0.4651893013325987,0.5404177082445093,0.4994298014145942,0.05463430013068697,5,0.536079056527788,0.030474379870456404,0.4925880592955256,0.5764363885088919,0.5415055149692021,0.05684680179046828,5,0.5315506715506715,0.027133452211213754,0.49334554334554337,0.5682234432234432,0.5353785103785104,0.05104584315933309
minecraft,random-forest,50,18,5,0.3884498480243161,0.023583179016742634,0.3495440729483283,0.4072948328267477,0.4012158054711246,0.06071100075515123,5,0.4077256558470431,0.02486815992470619,0.3667000148214021,0.427597450718838,0.4211871943085816,0.06099238438415903,5,0.3018227127504328,0.01387078799464594,0.2788634873811865,0.3127992544747582,0.30933174198910923,0.045956740194417485,5,0.2891383491329233,0.013256608492816685,0.2671977596662214,0.2996318378191531,0.29631483299582373,0.04584866909758251,5,0.2872881179196832,0.02070554040143846,0.25406754170084767,0.3051844466600199,0.29835039817974973,0.07207238695206701,5,0.4077256558470431,0.02486815992470619,0.3667000148214021,0.427597450718838,0.4211871943085816,0.06099238438415903
minecraft,random-forest,50,19,5,0.48888888888888893,0.008857586308560138,0.4774774774774775,0.5015015015015015,0.4864864864864865,0.01811779017660028,5,0.5085614950021731,0.008567445846814195,0.49858757062146897,0.520425901781834,0.5078226857887875,0.016846430433703177,5,0.44472994902951857,0.016284577178553312,0.4245391705069124,0.4631536011187942,0.4443698474601372,0.0366167765721405,5,0.4349078020355579,0.017504002050971898,0.4135321957902603,0.45410522012961607,0.4340578520960611,0.04024761563036015,5,0.5140049906266666,0.013801744416659396,0.4974493132766514,0.5316462798788015,0.514336917562724,0.026851382123415826,5,0.5085614950021731,0.008567445846814195,0.49858757062146897,0.520425901781834,0.5078226857887875,0.016846430433703177
minecraft,random-forest,50,2,5,0.5733333333333334,0.04830060937318326,0.5058823529411764,0.6274509803921569,0.5843137254901961,0.08424524890671499,5,0.5652173913043479,0.04772098360535195,0.5005574136008919,0.6200297287253809,0.5736714975845411,0.08442943253254574,5,0.5640000017810733,0.04797253457171969,0.5002799552071668,0.6198747822812221,0.5709523809523809,0.08505768514224417,5,0.5691787950853449,0.04782976031056643,0.5046373756669522,0.6242942311792674,0.577187675070028,0.08403292730431859,5,0.5681518653811597,0.04940757841840606,0.5005630630630631,0.6241830065359477,0.578952608522501,0.0869619223818964,5,0.5652173913043479,0.04772098360535195,0.5005574136008919,0.6200297287253809,0.5736714975845411,0.08442943253254574
minecraft,random-forest,50,20,5,0.6814814814814815,0.028001688619265858,0.6460905349794238,0.7160493827160493,0.6831275720164609,0.0410894343869662,5,0.6733211233211234,0.028898515700055142,0.6367521367521367,0.7087912087912087,0.6755189255189256,0.04291936595946171,5,0.6605822482349362,0.034099573149722395,0.6169721407624633,0.7012987012987013,0.6653551052528035,0.051620480630286146,5,0.6636892124173579,0.033488308739044036,0.6208835668513087,0.7037571482015926,0.6682113945541056,0.05045781687044367,5,0.7173969571222725,0.025153687087941034,0.6857037582903464,0.75,0.7136663914120561,0.03506243905583483,5,0.6733211233211234,0.028898515700055142,0.6367521367521367,0.7087912087912087,0.6755189255189256,0.04291936595946171
minecraft,random-forest,50,21,5,0.4771784232365145,0.0071869328114891155,0.46473029045643155,0.48132780082987553,0.48132780082987553,0.015061311370164147,5,0.48513234077750206,0.006628230128188529,0.4735663082437276,0.489454094292804,0.4880066170388751,0.013662725757606124,5,0.4387656494720028,0.015414667978597302,0.4154115191515767,0.45600158910739114,0.44197462258034637,0.03513189329462515,5,0.4345217892219761,0.01596827942784422,0.4104796420210912,0.4525922913755182,0.4376703687093042,0.036749087902901004,5,0.47806792674749116,0.01159916453351697,0.45794033779337573,0.4847902097902098,0.4846447209955841,0.02426258672576353,5,0.48513234077750206,0.006628230128188529,0.4735663082437276,0.489454094292804,0.4880066170388751,0.013662725757606124
minecraft,random-forest,50,22,5,0.45660377358490567,0.04899003708141482,0.4025157232704403,0.5094339622641509,0.4591194968553459,0.10729222997169362,5,0.4578110161443495,0.048287907724179624,0.405982905982906,0.5084283000949668,0.46058879392212726,0.10547563518863484,5,0.4507704440866078,0.052956685870065676,0.38339388496550597,0.5074858027878162,0.4565182829888712,0.11748038622490288,5,0.45015870123104823,0.05352853294110382,0.3813451165756916,0.5080702506307166,0.4558088610252873,0.11891035937930207,5,0.4546674294792016,0.052597952357206025,0.3910091743119266,0.5085227272727273,0.45960415314730696,0.11568445185848106,5,0.4578110161443495,0.048287907724179624,0.405982905982906,0.5084283000949668,0.46058879392212726,0.10547563518863484
minecraft,random-forest,50,23,5,0.5616,0.04644136087583996,0.508,0.608,0.58,0.08269473090427343,5,0.5546558704453441,0.04766098237144592,0.4959514170040486,0.6002184949553371,0.5769873401452349,0.08592892442151198,5,0.5509866439558597,0.05107620493558217,0.48297604035308955,0.5977011494252873,0.57701542080923,0.0926995336381946,5,0.5551807393372978,0.04992002456043819,0.49025573770491804,0.6018206896551723,0.5792893859069596,0.08991670824176319,5,0.5569272618069147,0.050318728120997164,0.49530411449016104,0.6068077528936374,0.5775103519668737,0.09035062847837846,5,0.5546558704453441,0.04766098237144592,0.4959514170040486,0.6002184949553371,0.5769873401452349,0.08592892442151198
minecraft,random-forest,50,24,5,0.6344827586206897,0.05827030738223713,0.5689655172413793,0.7241379310344828,0.6264367816091954,0.09183907141765633,5,0.6336538461538461,0.05462149381422455,0.5769230769230769,0.7163461538461539,0.6278044871794872,0.08620084001030885,5,0.6312112767790953,0.05710557748589622,0.5688373476063039,0.7178378378378378,0.6254346746150026,0.09046983092141656,5,0.6338265655746506,0.05813176256910387,0.5680683297958514,0.7221994408201305,0.6274388886033884,0.09171556657048521,5,0.6348916237198745,0.05635865112979379,0.5775757575757576,0.7225274725274725,0.6264367816091954,0.08876893161636706,5,0.6336538461538461,0.05462149381422455,0.5769230769230769,0.7163461538461539,0.6278044871794872,0.08620084001030885
minecraft,random-forest,50,25,5,0.731629392971246,0.061992357546109426,0.6357827476038339,0.7827476038338658,0.7635782747603834,0.08473191227918014,5,0.7317654744406337,0.0617247545344015,0.6362894006206108,0.7826637269312429,0.7636575208231259,0.0843504602093783,5,0.7289931509334909,0.0657470352219894,0.6266323455549976,0.7825678326250409,0.7634599673202614,0.09018882432269623,5,0.7289442305173338,0.06583864066779951,0.6264456026560417,0.7825878072037992,0.7634430662573869,0.09032054567613992,5,0.7374543706451232,0.055520805902100435,0.6514381635060339,0.7834971334971335,0.764261744966443,0.07528710671757356,5,0.7317654744406337,0.0617247545344015,0.6362894006206108,0.7826637269312429,0.7636575208231259,0.0843504602093783
minecraft,random-forest,50,26,5,0.5657142857142856,0.011759069625214643,0.5510204081632653,0.5795918367346938,0.563265306122449,0.020786234185985485,5,0.5754139957264958,0.012159778724215154,0.5603966346153846,0.5903111645299146,0.5728498931623931,0.021132226213689296,5,0.5493789032422989,0.010818369851226504,0.5353448275862069,0.5606896551724138,0.5473069816436132,0.019692000889330027,5,0.5455332878432038,0.010778082232555887,0.5315130190007037,0.5570668543279381,0.5434908605725873,0.01975696529017988,5,0.5922190121781441,0.016878988886896307,0.5726156069364161,0.6155982905982906,0.588311478063785,0.02850126142491855,5,0.5754139957264958,0.012159778724215154,0.5603966346153846,0.5903111645299146,0.5728498931623931,0.021132226213689296
minecraft,random-forest,50,27,5,0.3484126984126984,0.02050477886152986,0.32936507936507936,0.38095238095238093,0.34523809523809523,0.05885198488730666,5,0.37054131054131056,0.021432569554363193,0.35128205128205126,0.403988603988604,0.364957264957265,0.05784124183900877,5,0.2910571687711203,0.020845952737896897,0.2715392641499752,0.32253394912800715,0.28097826086956523,0.07162150592583276,5,0.27670477275337835,0.02152013578329459,0.2568791983207938,0.3083240603058622,0.2671195652173913,0.0777729114288718,5,0.28100229816727407,0.034321320980110905,0.25211059518784296,0.3312562590408368,0.26882477128782545,0.12213893339648144,5,0.37054131054131056,0.021432569554363193,0.35128205128205126,0.403988603988604,0.364957264957265,0.05784124183900877
minecraft,random-forest,50,28,5,0.466147859922179,0.00968863781944647,0.45136186770428016,0.47470817120622566,0.4669260700389105,0.02078447345240186,5,0.4982051282051282,0.010698084763562021,0.4830891330891331,0.5094322344322344,0.4973748473748474,0.021473252999429687,5,0.4077054820477389,0.009572526834250453,0.39249610219785747,0.4158412556202611,0.4100798403193613,0.02347902408908397,5,0.39107826363989473,0.01013541290743473,0.375572194614761,0.40038137757251197,0.39426205953851057,0.025916584606623466,5,0.49764642479534293,0.022776850723139327,0.465970515970516,0.5233666061705988,0.49514453477868114,0.045769143689731735,5,0.4982051282051282,0.010698084763562021,0.4830891330891331,0.5094322344322344,0.4973748473748474,0.021473252999429687
minecraft,random-forest,50,29,5,0.434375,0.021643586214367294,0.41015625,0.4609375,0.42578125,0.04982696106904701,5,0.4478878435712968,0.020010494753832576,0.4304556354916067,0.47180716964889624,0.4374039230154338,0.04467746789972257,5,0.42499523359098107,0.027447151024633177,0.38577897831095576,0.45692676627928425,0.42025234551924945,0.06458225611783812,5,0.41906301278420194,0.02953123275697808,0.37526329248430923,0.4529160325585685,0.41538690957618896,0.070469671281119,5,0.44079457880594825,0.02527049919057994,0.4098086124401914,0.4700228832951945,0.4325291622481442,0.05732942373981603,5,0.4478878435712968,0.020010494753832576,0.4304556354916067,0.47180716964889624,0.4374039230154338,0.04467746789972257
minecraft,random-forest,50,3,5,0.6852173913043478,0.023242690083164597,0.6666666666666666,0.7246376811594203,0.6753623188405797,0.03392016953761331,5,0.692999592999593,0.020227762842215953,0.6778591778591778,0.7274114774114774,0.682997557997558,0.02918870811260034,5,0.6848384414139657,0.02329461553305845,0.6657568175499785,0.7241834905620681,0.6752941176470588,0.03401476045206041,5,0.6843239038346166,0.024276146695532012,0.6640887608360503,0.7252540826843982,0.674843989769821,0.03547464374618562,5,0.6949052334002233,0.017768389085128504,0.6835748792270531,0.7253781512605042,0.6854270315091211,0.025569513987089214,5,0.692999592999593,0.020227762842215953,0.6778591778591778,0.7274114774114774,0.682997557997558,0.02918870811260034
minecraft,random-forest,50,30,5,0.5097560975609756,0.0650787490041712,0.4105691056910569,0.5853658536585366,0.5203252032520326,0.12766644541488129,5,0.5163387000596303,0.06376185071520724,0.4181077320612204,0.5911349632279865,0.5271317829457365,0.12348842089086791,5,0.5017799333719336,0.06953777942220846,0.39976778232116716,0.582022921108742,0.5140293310118529,0.13858222459180142,5,0.49901590645814986,0.0707959065245549,0.3958400283684799,0.5801995033543086,0.511331100051776,0.1418710418011339,5,0.5160927428845813,0.06870408122261745,0.4091710758377425,0.5958870686650402,0.5293065197165963,0.13312351737133882,5,0.5163387000596303,0.06376185071520724,0.4181077320612204,0.5911349632279865,0.5271317829457365,0.12348842089086791
minecraft,random-forest,50,31,5,0.650990099009901,0.014111081993801225,0.6410891089108911,0.6757425742574258,0.6460396039603961,0.021676338880211768,5,0.6509998773156668,0.014610712585159672,0.6395411605937922,0.6764691448901975,0.6465587044534413,0.022443495143817063,5,0.6505999236229345,0.014422781892845567,0.6394788506157416,0.6757405875685446,0.6460200849228281,0.02216843465417392,5,0.6508753449953988,0.014247149973240817,0.6403137993613746,0.6757684012128811,0.646111173764812,0.021889214398406093,5,0.6511729326465521,0.014381291354799841,0.6407533907533907,0.6764128728414442,0.6464401294498382,0.02208521060043172,5,0.6509998773156668,0.014610712585159672,0.6395411605937922,0.6764691448901975,0.6465587044534413,0.022443495143817063
minecraft,random-forest,50,32,5,0.5555555555555556,0.009720197391996739,0.5436507936507936,0.5674603174603174,0.5515873015873016,0.017496355305594128,5,0.5767521367521368,0.010172177057752573,0.5626780626780628,0.5883190883190883,0.5757834757834758,0.01763699934435464,5,0.5241531568968659,0.012120916129920903,0.5080080858342404,0.5386243386243386,0.5216931216931218,0.023124760330892852,5,0.5154583424553536,0.01280760042505862,0.4975490740535057,0.5303854875283446,0.5131519274376417,0.02484701356088334,5,0.6171488042478311,0.020572325930547447,0.5859375,0.6357142857142857,0.626718498151133,0.033334466159455005,5,0.5767521367521368,0.010172177057752573,0.5626780626780628,0.5883190883190883,0.5757834757834758,0.01763699934435464
minecraft,random-forest,50,33,5,0.8661596958174904,0.02913153050855962,0.8174904942965779,0.8935361216730038,0.870722433460076,0.03363297859416673,5,0.8517796510947196,0.03417524722058102,0.7948717948717949,0.8811907270811381,0.8563985481793701,0.04012216912749499,5,0.8582104087022367,0.03441987365111518,0.8003795066413661,0.8886671504596033,0.8638716356107661,0.04010656745956275,5,0.8618447693590385,0.032766622663818905,0.806823904589433,0.8912344261903054,0.8672389769265286,0.03801916984213727,5,0.8953052739451615,0.014749975633376032,0.8762886597938144,0.9160171224124714,0.8975966562173459,0.0164748003419887,5,0.8517796510947196,0.03417524722058102,0.7948717948717949,0.8811907270811381,0.8563985481793701,0.04012216912749499
minecraft,random-forest,50,34,5,0.5025157232704403,0.03469110785036883,0.4559748427672956,0.5534591194968553,0.5,0.06903487044065887,5,0.5093542260208926,0.03383757304177907,0.4633190883190883,0.5585232668566001,0.5079534662867996,0.06643230057423952,5,0.42808172520843357,0.05933836624944817,0.36387498121018,0.5216525423728814,0.4165137614678899,0.13861457463655155,5,0.4242261037667096,0.06026264694862144,0.3593080459263561,0.5193252318516149,0.41242859615717503,0.14205313254782895,5,0.5102045416210826,0.06413226065640097,0.40641090358404847,0.5819118298626496,0.5256732354557588,0.12569911755907212,5,0.5093542260208926,0.03383757304177907,0.4633190883190883,0.5585232668566001,0.5079534662867996,0.06643230057423952
minecraft,random-forest,50,35,5,0.6455958549222798,0.030565556898969184,0.6269430051813472,0.6994818652849741,0.6373056994818653,0.047344722965498014,5,0.6242363433667781,0.03703964934215425,0.6044593088071349,0.6900780379041249,0.6069676700111483,0.05933593860040783,5,0.62439749695309,0.036442801306066246,0.6052477793361384,0.6892627137463914,0.6077235772357723,0.05836474598937115,5,0.6412106480961306,0.032963039755997514,0.6231302491588989,0.7000658168014645,0.627667910512163,0.05140750524631912,5,0.6294743220151409,0.03327182006251321,0.6088269454123112,0.6886061946902655,0.6179197994987469,0.05285651677736414,5,0.6242363433667781,0.03703964934215425,0.6044593088071349,0.6900780379041249,0.6069676700111483,0.05933593860040783
minecraft,random-forest,50,36,5,0.5573964497041419,0.017578048257411737,0.5325443786982249,0.5769230769230769,0.5621301775147929,0.03153598891191703,5,0.5756410256410256,0.016286469772995003,0.5563186813186813,0.5947802197802198,0.5773809523809523,0.0282927537259156,5,0.5391129674202284,0.025224976799828037,0.49687217365088937,0.5616957605985038,0.5486903716710565,0.04678977936764345,5,0.5322203321359767,0.02694663673022405,0.486566869970548,0.5554114713216958,0.5415006415884379,0.0506306037239845,5,0.5968581900143486,0.01919539316581832,0.5722665031677907,0.6181040157998683,0.5902777777777778,0.03216072676385132,5,0.5756410256410256,0.016286469772995003,0.5563186813186813,0.5947802197802198,0.5773809523809523,0.0282927537259156
minecraft,random-forest,50,37,5,0.5023529411764706,0.023474199928511675,0.4764705882352941,0.5294117647058824,0.5088235294117647,0.04672850102865322,5,0.5225613154960981,0.020814997262706598,0.4977703455964325,0.5486343366778149,0.5276616499442586,0.03983264096567443,5,0.47964402480642543,0.03385552706123223,0.4373124140961749,0.5121251255560338,0.4913599269020254,0.07058469471165753,5,0.47087989766014166,0.03626411027847718,0.42463734079432747,0.5045622209279752,0.4835983257865857,0.0770135027183744,5,0.5280345640322158,0.025433471916475183,0.4969748534694649,0.5611851332398317,0.5345653214923164,0.04816630131606965,5,0.5225613154960981,0.020814997262706598,0.4977703455964325,0.5486343366778149,0.5276616499442586,0.03983264096567443
minecraft,random-forest,50,38,5,0.6345454545454545,0.0055048188256318015,0.6272727272727273,0.6424242424242425,0.6333333333333333,0.008675215914319459,5,0.641445623342175,0.005554414553853014,0.6342838196286472,0.6496463306808135,0.6419098143236075,0.008659213426248678,5,0.6313051999658674,0.005902510115237199,0.6239542704675789,0.6390299974044273,0.6312168090510275,0.009349693485110416,5,0.6294627939966709,0.006102363102027847,0.6220274245807186,0.6371207345807813,0.6296929115677673,0.009694557264110705,5,0.6497916444481244,0.007267608115128495,0.6422439024390243,0.6590197306608205,0.6466646360036552,0.011184520726333684,5,0.641445623342175,0.005554414553853014,0.6342838196286472,0.6496463306808135,0.6419098143236075,0.008659213426248678
minecraft,random-forest,50,39,5,0.7756906077348067,0.01684856428947724,0.7513812154696132,0.7955801104972375,0.7790055248618785,0.021720727467203563,5,0.7447224296738859,0.019980764907833327,0.7146502364948967,0.765932287776948,0.7482574060243963,0.026829814856768726,5,0.7484042818555456,0.02297637886965878,0.7132547086780496,0.7721876381943735,0.7527322404371585,0.030700490933446584,5,0.7598229704452725,0.02116737317092864,0.7276965673112177,0.7822706003938839,0.7638649880747517,0.027858295937702577,5,0.8279384710746269,0.013044488171990033,0.8158593231585932,0.8491013071895426,0.8236674174174174,0.01575538355532492,5,0.7447224296738859,0.019980764907833327,0.7146502364948967,0.765932287776948,0.7482574060243963,0.026829814856768726
minecraft,random-forest,50,4,5,0.33011152416356876,0.04167881462653967,0.26765799256505574,0.37174721189591076,0.3382899628252788,0.12625676953309878,5,0.3611842105263158,0.04340034398391558,0.2939158794421952,0.39979757085020245,0.37708052181736396,0.12016124381703404,5,0.3037704860838123,0.042541809808855906,0.247525736599219,0.3544763933262336,0.294524988213107,0.14004589569349518,5,0.2863815335686315,0.04385069105230309,0.2315114420809398,0.3407382421912631,0.27166268804256954,0.15311982761554088,5,0.3131842413159641,0.053093378873727406,0.2438495946323735,0.3754542913055633,0.300365296803653,0.16952761943140926,5,0.3611842105263158,0.04340034398391558,0.2939158794421952,0.39979757085020245,0.37708052181736396,0.12016124381703404
minecraft,random-forest,50,5,5,0.484873949579832,0.014433247090182906,0.46218487394957986,0.4957983193277311,0.49159663865546216,0.02976700873018658,5,0.4913541004450096,0.014666044355037539,0.46824892279437735,0.5025782298509571,0.4981634527089072,0.029848218101273187,5,0.39930750300260776,0.010368254975702797,0.3856578204404292,0.4116677653263019,0.40261044176706823,0.025965590172331635,5,0.39549971281818924,0.010330384460008953,0.38201367503523154,0.40792862959290505,0.3986450001687422,0.02611982796750555,5,0.4811704830129804,0.031830071582319305,0.4335550628233555,0.507381193124368,0.49528301886792453,0.06615133867523756,5,0.4913541004450096,0.014666044355037539,0.46824892279437735,0.5025782298509571,0.4981634527089072,0.029848218101273187
minecraft,random-forest,50,6,5,0.653763440860215,0.030555424168565222,0.6182795698924731,0.6989247311827957,0.6451612903225806,0.04673773762625931,5,0.6683760683760684,0.020509543403151597,0.6517094017094016,0.7015669515669516,0.6648860398860399,0.03068563399192758,5,0.6505397351780259,0.030649314212881355,0.6142544179932817,0.696078431372549,0.6436781609195402,0.04711366970457831,5,0.6511778596630979,0.03549466650058687,0.6078989149945585,0.7008222643896268,0.6473859844271413,0.05450840499852201,5,0.6733096095625343,0.020064313660695023,0.6479166666666667,0.6965277777777779,0.6705591885760043,0.02979953557135669,5,0.6683760683760684,0.020509543403151597,0.6517094017094016,0.7015669515669516,0.6648860398860399,0.03068563399192758
minecraft,random-forest,50,7,5,0.3557692307692307,0.017110702326973252,0.3301282051282051,0.3782051282051282,0.3557692307692308,0.04809494708122212,5,0.3557692307692307,0.017110702326973252,0.3301282051282051,0.3782051282051282,0.3557692307692308,0.04809494708122212,5,0.26307648707127657,0.009507584972546602,0.24819277108433735,0.2744186046511628,0.2641509433962264,0.036140002774062686,5,0.26307648707127657,0.009507584972546614,0.24819277108433732,0.2744186046511628,0.2641509433962264,0.036140002774062735,5,0.2098352052197135,0.007506920208220391,0.19884169884169883,0.21818546768366118,0.208955223880597,0.03577531330054969,5,0.3557692307692307,0.017110702326973252,0.3301282051282051,0.3782051282051282,0.3557692307692308,0.04809494708122212
minecraft,random-forest,50,8,5,0.7544041450777202,0.01537035955874751,0.7357512953367875,0.772020725388601,0.7616580310880829,0.020374171667845255,5,0.7514269788182831,0.018044650048447016,0.73082497212932,0.7736343366778149,0.7505016722408027,0.024013843736120016,5,0.7477850786119432,0.01632456024526252,0.7282815734989647,0.7674698795180723,0.7515114196148679,0.021830550932581544,5,0.7555266525731891,0.015407649241027534,0.7369184393739474,0.7737062238591673,0.7611376920381745,0.020393257059233883,5,0.7467795898626857,0.01649907287973691,0.7267798466593647,0.7656385281385282,0.7526990553306343,0.022093631245024628,5,0.7514269788182831,0.018044650048447016,0.73082497212932,0.7736343366778149,0.7505016722408027,0.024013843736120016
minecraft,random-forest,50,9,5,0.6301470588235294,0.022302574835445756,0.5992647058823529,0.6507352941176471,0.6433823529411765,0.03539265084738183,5,0.6409098428453268,0.017415382381965196,0.6180038599393438,0.6568789633305763,0.649379652605459,0.027172905169702808,5,0.629615184224154,0.02230176176641038,0.5983472193998509,0.6499356499356499,0.6425658741448215,0.03542125781780791,5,0.6301671919939218,0.02430492824676806,0.5956653358356144,0.6522730713907184,0.6441779547173593,0.03856901558118959,5,0.6405047212293489,0.014732921987344733,0.622481684981685,0.6541170097508126,0.6467497291440953,0.023002050568912573,5,0.6409098428453268,0.017415382381965196,0.6180038599393438,0.6568789633305763,0.649379652605459,0.027172905169702808
